strategy,entry_date,direction,match,recon_sl_pips,recon_tp_pips,hist_sl_pips,hist_r_multiple
AUDJPY_AMR,2023-08-02,BUY,EXACT/ACCEPTABLE MATCH,17.4,11.6,17.437500000001194,0.5505376344085644
AUDJPY_AMR,2023-08-03,BUY,EXACT/ACCEPTABLE MATCH,16.6,11.0,16.559999999999775,0.5434782608695726
AUDJPY_AMR,2023-08-04,BUY,EXACT/ACCEPTABLE MATCH,24.0,16.0,23.96250000000037,0.5842462180490258
AUDJPY_AMR,2023-08-08,SELL,EXACT/ACCEPTABLE MATCH,9.3,6.2,9.314999999998008,-1.2130971551264
AUDJPY_AMR,2023-08-09,BUY,EXACT/ACCEPTABLE MATCH,16.6,11.0,16.560000000001907,0.5434782608695027
AUDJPY_AMR,2023-08-14,BUY,EXACT/ACCEPTABLE MATCH,7.6,5.0,7.574999999999932,0.3960396039603996
AUDJPY_AMR,2023-08-15,BUY,EXACT/ACCEPTABLE MATCH,7.7,5.1,7.657500000000539,-1.2667319621285429
AUDJPY_AMR,2023-08-16,BUY,EXACT/ACCEPTABLE MATCH,26.9,17.9,26.89499999999967,0.5911879531511506
AUDJPY_AMR,2023-08-17,BUY,EXACT/ACCEPTABLE MATCH,12.4,8.3,12.404999999998267,-1.1608222490932698
AUDJPY_AMR,2023-08-18,SELL,EXACT/ACCEPTABLE MATCH,14.0,9.4,14.032500000001136,0.5273472296454232
AUDJPY_AMR,2023-08-21,SELL,EXACT/ACCEPTABLE MATCH,16.4,10.9,16.40250000000094,0.5426002133820753
AUDJPY_AMR,2023-08-23,SELL,EXACT/ACCEPTABLE MATCH,9.4,6.3,9.427499999999611,0.456112437019377
AUDJPY_AMR,2023-08-29,BUY,EXACT/ACCEPTABLE MATCH,7.8,5.2,7.845000000000368,0.4079031230082664
AUDJPY_AMR,2023-08-30,SELL,EXACT/ACCEPTABLE MATCH,15.7,10.5,15.7199999999996,0.5407124681933979
AUDJPY_AMR,2023-08-31,BUY,EXACT/ACCEPTABLE MATCH,19.3,12.9,19.30500000000137,0.5646205646205246
AUDJPY_AMR,2023-09-04,BUY,EXACT/ACCEPTABLE MATCH,10.8,7.2,10.80750000000279,0.4811473513762348
AUDJPY_AMR,2023-09-05,BUY,EXACT/ACCEPTABLE MATCH,8.7,5.8,8.677500000000293,0.4379141457792995
AUDJPY_AMR,2023-09-06,BUY,EXACT/ACCEPTABLE MATCH,21.4,14.2,21.359999999999246,0.5711610486891587
AUDJPY_AMR,2023-09-08,SELL,EXACT/ACCEPTABLE MATCH,9.0,6.0,9.014999999998707,0.443704936217479
AUDJPY_AMR,2023-09-11,BUY,EXACT/ACCEPTABLE MATCH,72.9,48.6,72.89250000000038,0.6392975957745962
AUDJPY_AMR,2023-09-12,SELL,EXACT/ACCEPTABLE MATCH,9.3,6.2,9.30749999999989,0.4512489927477893
AUDJPY_AMR,2023-09-13,BUY,EXACT/ACCEPTABLE MATCH,11.4,7.6,11.429999999997875,0.4899387576553841
AUDJPY_AMR,2023-09-14,BUY,EXACT/ACCEPTABLE MATCH,12.1,8.1,12.127499999999714,0.5029890744176577
AUDJPY_AMR,2023-09-15,BUY,EXACT/ACCEPTABLE MATCH,12.4,8.3,12.4050000000004,0.5078597339782183
AUDJPY_AMR,2023-09-18,BUY,EXACT/ACCEPTABLE MATCH,16.9,11.3,16.919999999998936,0.5496453900709566
AUDJPY_AMR,2023-09-19,BUY,EXACT/ACCEPTABLE MATCH,16.7,11.1,16.70249999999811,0.5448286184703505
AUDJPY_AMR,2023-09-20,SELL,EXACT/ACCEPTABLE MATCH,13.7,9.1,13.680000000000092,0.5190058479532128
AUDJPY_AMR,2023-09-21,BUY,EXACT/ACCEPTABLE MATCH,18.0,12.0,18.000000000000682,-1.111111111111069
AUDJPY_AMR,2023-09-22,BUY,EXACT/ACCEPTABLE MATCH,13.9,9.3,13.919999999999533,0.5244252873563394
AUDJPY_AMR,2023-09-25,BUY,EXACT/ACCEPTABLE MATCH,18.7,12.4,18.65249999999889,0.5575660099182745
AUDJPY_AMR,2023-09-26,BUY,EXACT/ACCEPTABLE MATCH,10.9,7.3,10.904999999999632,0.4860155891792919
AUDJPY_AMR,2023-09-27,SELL,EXACT/ACCEPTABLE MATCH,13.8,9.2,13.784999999999314,0.5223068552775015
AUDJPY_AMR,2023-10-02,SELL,EXACT/ACCEPTABLE MATCH,18.9,12.6,18.892500000000467,0.5610692073574031
AUDJPY_AMR,2023-10-03,BUY,EXACT/ACCEPTABLE MATCH,19.2,12.8,19.192499999999768,0.5627198124267361
AUDJPY_AMR,2023-10-04,SELL,EXACT/ACCEPTABLE MATCH,30.6,20.4,30.599999999999028,0.6013071895425027
AUDJPY_AMR,2023-10-06,SELL,EXACT/ACCEPTABLE MATCH,10.0,6.6,9.967500000000484,0.4614998745924029
AUDJPY_AMR,2023-10-09,BUY,EXACT/ACCEPTABLE MATCH,83.4,55.6,83.37000000000074,0.642917116468748
AUDJPY_AMR,2023-10-10,SELL,EXACT/ACCEPTABLE MATCH,22.5,15.0,22.45499999999936,0.5789356490759462
AUDJPY_AMR,2023-10-11,SELL,EXACT/ACCEPTABLE MATCH,10.8,7.2,10.755000000001049,0.4834960483495578
AUDJPY_AMR,2023-10-12,SELL,EXACT/ACCEPTABLE MATCH,9.0,6.0,8.977499999999594,0.4455583402952025
AUDJPY_AMR,2023-10-13,SELL,EXACT/ACCEPTABLE MATCH,8.3,5.5,8.295000000000385,-1.2417118746232094
AUDJPY_AMR,2023-10-16,SELL,EXACT/ACCEPTABLE MATCH,9.3,6.2,9.299999999999642,-1.215053763440907
AUDJPY_AMR,2023-10-17,BUY,EXACT/ACCEPTABLE MATCH,9.7,6.5,9.712499999998414,0.463320463320539
AUDJPY_AMR,2023-10-18,BUY,EXACT/ACCEPTABLE MATCH,13.7,9.1,13.672499999999843,0.5192905467178702
AUDJPY_AMR,2023-10-19,BUY,EXACT/ACCEPTABLE MATCH,22.6,15.0,22.57499999999908,-1.0897009966777853
AUDJPY_AMR,2023-10-20,BUY,EXACT/ACCEPTABLE MATCH,21.8,14.5,21.7649999999999,0.5743165632896878
AUDJPY_AMR,2023-10-23,SELL,EXACT/ACCEPTABLE MATCH,14.9,10.0,14.947499999999536,0.5352065562803311
AUDJPY_AMR,2023-10-24,SELL,EXACT/ACCEPTABLE MATCH,18.1,12.1,18.1200000000004,-1.1092715231787833
AUDJPY_AMR,2023-10-25,SELL,EXACT/ACCEPTABLE MATCH,55.6,37.0,55.57499999999891,0.6297795771480106
AUDJPY_AMR,2023-10-26,BUY,EXACT/ACCEPTABLE MATCH,32.0,21.3,31.980000000000075,0.6035021888680411
AUDJPY_AMR,2023-10-27,SELL,EXACT/ACCEPTABLE MATCH,22.2,14.8,22.19999999999942,0.5765765765765917
AUDJPY_AMR,2023-10-30,SELL,EXACT/ACCEPTABLE MATCH,23.9,16.0,23.94000000000176,-1.0818713450291602
AUDJPY_AMR,2023-10-31,SELL,EXACT/ACCEPTABLE MATCH,19.6,13.1,19.642499999997654,0.5651011836579521
AUDJPY_AMR,2023-11-01,BUY,EXACT/ACCEPTABLE MATCH,30.5,20.3,30.510000000000304,0.5998033431661691
AUDJPY_AMR,2023-11-03,BUY,EXACT/ACCEPTABLE MATCH,20.7,13.8,20.700000000000784,0.5700483091787224
AUDJPY_AMR,2023-11-06,BUY,EXACT/ACCEPTABLE MATCH,14.7,9.8,14.692499999999598,0.5308831036243127
AUDJPY_AMR,2023-11-07,SELL,EXACT/ACCEPTABLE MATCH,7.8,5.2,7.837500000002251,0.4082934609249226
AUDJPY_AMR,2023-11-08,BUY,EXACT/ACCEPTABLE MATCH,10.4,7.0,10.447499999997234,0.4785833931563842
AUDJPY_AMR,2023-11-09,BUY,EXACT/ACCEPTABLE MATCH,16.1,10.8,16.132500000000505,0.5454827212149218
AUDJPY_AMR,2023-11-10,BUY,EXACT/ACCEPTABLE MATCH,29.8,19.9,29.7975000000001,0.6007215370416961
AUDJPY_AMR,2023-11-13,BUY,EXACT/ACCEPTABLE MATCH,21.5,14.3,21.52499999999833,0.5714285714286158
AUDJPY_AMR,2023-11-14,BUY,EXACT/ACCEPTABLE MATCH,13.9,9.3,13.88250000000042,0.5258418872681274
AUDJPY_AMR,2023-11-15,BUY,EXACT/ACCEPTABLE MATCH,9.5,6.3,9.457499999998475,0.4546656093048578
AUDJPY_AMR,2023-11-16,BUY,EXACT/ACCEPTABLE MATCH,17.9,12.0,17.925000000000324,0.5578800557879955
AUDJPY_AMR,2023-11-17,BUY,EXACT/ACCEPTABLE MATCH,13.1,8.7,13.057500000000744,-1.1564235113918544
AUDJPY_AMR,2023-11-20,BUY,EXACT/ACCEPTABLE MATCH,20.1,13.4,20.09250000000193,0.5673758865247681
AUDJPY_AMR,2023-11-23,BUY,EXACT/ACCEPTABLE MATCH,16.3,10.9,16.28250000000122,0.54659910947332
AUDJPY_AMR,2023-11-24,BUY,EXACT/ACCEPTABLE MATCH,12.9,8.6,12.937500000001023,0.5101449275361916
AUDJPY_AMR,2023-11-27,BUY,EXACT/ACCEPTABLE MATCH,17.8,11.9,17.849999999997834,0.5546218487395631
AUDJPY_AMR,2023-11-28,BUY,EXACT/ACCEPTABLE MATCH,14.6,9.7,14.624999999999488,-1.1350427350427748
AUDJPY_AMR,2023-11-29,BUY,EXACT/ACCEPTABLE MATCH,16.2,10.8,16.207500000000863,-1.1229369119234325
AUDJPY_AMR,2023-11-30,BUY,EXACT/ACCEPTABLE MATCH,25.2,16.8,25.192500000000702,0.5874764314776059
AUDJPY_AMR,2023-12-04,BUY,EXACT/ACCEPTABLE MATCH,16.4,10.9,16.40999999999906,-1.1212675198050612
AUDJPY_AMR,2023-12-05,BUY,EXACT/ACCEPTABLE MATCH,16.5,11.0,16.499999999999915,-1.121212121212127
AUDJPY_AMR,2023-12-06,BUY,EXACT/ACCEPTABLE MATCH,20.3,13.5,20.265000000001265,0.5674808783616719
AUDJPY_AMR,2023-12-07,BUY,EXACT/ACCEPTABLE MATCH,23.8,15.9,23.842499999998523,-1.0821012897138136
AUDJPY_AMR,2023-12-08,BUY,EXACT/ACCEPTABLE MATCH,58.6,39.1,58.64249999999842,0.6326469710534339
AUDJPY_AMR,2023-12-11,SELL,EXACT/ACCEPTABLE MATCH,19.2,12.8,19.22999999999888,0.5616224648986287
AUDJPY_AMR,2023-12-12,BUY,EXACT/ACCEPTABLE MATCH,13.5,9.0,13.485000000000014,-1.1494252873563209
AUDJPY_AMR,2023-12-13,BUY,EXACT/ACCEPTABLE MATCH,13.9,9.3,13.93500000000003,0.5238607822030846
AUDJPY_AMR,2023-12-14,BUY,EXACT/ACCEPTABLE MATCH,37.9,25.3,37.93499999999952,-1.0517991300909584
AUDJPY_AMR,2023-12-15,SELL,EXACT/ACCEPTABLE MATCH,20.9,13.9,20.88749999999848,-1.096349491322641
AUDJPY_AMR,2023-12-18,BUY,EXACT/ACCEPTABLE MATCH,21.4,14.3,21.434999999999604,0.5738278516445172
AUDJPY_AMR,2023-12-19,BUY,EXACT/ACCEPTABLE MATCH,10.0,6.7,9.982500000000982,-1.2021036814424062
AUDJPY_AMR,2023-12-20,SELL,EXACT/ACCEPTABLE MATCH,10.2,6.8,10.162499999998431,0.4723247232473053
AUDJPY_AMR,2023-12-21,BUY,EXACT/ACCEPTABLE MATCH,27.9,18.6,27.914999999999424,0.5946623679025737
AUDJPY_AMR,2023-12-22,BUY,EXACT/ACCEPTABLE MATCH,17.3,11.6,17.347500000000338,0.5533938607868462
AUDJPY_AMR,2023-12-25,BUY,EXACT/ACCEPTABLE MATCH,32.6,21.7,32.610000000001804,0.6041091689665412
AUDJPY_AMR,2023-12-27,SELL,EXACT/ACCEPTABLE MATCH,25.5,17.0,25.500000000000256,0.5882352941176412
AUDJPY_AMR,2023-12-28,BUY,EXACT/ACCEPTABLE MATCH,24.3,16.2,24.25500000000156,0.5854462997319764
AUDJPY_AMR,2023-12-29,SELL,EXACT/ACCEPTABLE MATCH,32.2,21.5,32.212499999997135,0.6053550640279933
AUDJPY_AMR,2024-01-02,SELL,EXACT/ACCEPTABLE MATCH,41.9,27.9,41.8875000000007,0.6183228886899329
AUDJPY_AMR,2024-01-03,SELL,EXACT/ACCEPTABLE MATCH,20.2,13.5,20.17500000000041,0.5700123915737183
AUDJPY_AMR,2024-01-04,SELL,EXACT/ACCEPTABLE MATCH,25.4,16.9,25.4099999999994,-1.0783156237701947
AUDJPY_AMR,2024-01-05,SELL,EXACT/ACCEPTABLE MATCH,12.1,8.1,12.112499999999216,-1.164086687306577
AUDJPY_AMR,2024-01-08,BUY,EXACT/ACCEPTABLE MATCH,36.3,24.2,36.28500000000017,0.6118230673832133
AUDJPY_AMR,2024-01-09,BUY,EXACT/ACCEPTABLE MATCH,9.4,6.3,9.427499999999611,0.456112437019377
AUDJPY_AMR,2024-01-10,BUY,EXACT/ACCEPTABLE MATCH,12.8,8.5,12.757499999999313,0.5095042132079445
AUDJPY_AMR,2024-01-11,SELL,EXACT/ACCEPTABLE MATCH,14.0,9.3,13.99499999999989,0.5216148624508794
AUDJPY_AMR,2024-01-12,BUY,EXACT/ACCEPTABLE MATCH,20.5,13.7,20.490000000000208,0.5710102489018976
AUDJPY_AMR,2024-01-15,BUY,EXACT/ACCEPTABLE MATCH,17.3,11.5,17.32499999999959,0.5483405483405613
AUDJPY_AMR,2024-01-16,BUY,EXACT/ACCEPTABLE MATCH,5.6,3.7,8.062499999999062,-1.2527131782947194
AUDJPY_AMR,2024-01-17,BUY,EXACT/ACCEPTABLE MATCH,9.0,6.0,8.977499999999594,0.4455583402952025
AUDJPY_AMR,2024-01-18,SELL,EXACT/ACCEPTABLE MATCH,10.0,6.7,10.012499999999848,0.4694132334581845
AUDJPY_AMR,2024-01-19,SELL,EXACT/ACCEPTABLE MATCH,23.6,15.8,23.62499999999983,-1.0835978835978914
AUDJPY_AMR,2024-01-22,BUY,EXACT/ACCEPTABLE MATCH,11.0,7.3,11.010000000000986,0.4813805631243892
AUDJPY_AMR,2024-01-23,SELL,EXACT/ACCEPTABLE MATCH,17.5,11.7,17.475000000000307,-1.1158798283261606
AUDJPY_AMR,2024-01-24,BUY,EXACT/ACCEPTABLE MATCH,14.2,9.5,14.220000000000963,-1.1392405063290365
AUDJPY_AMR,2024-01-26,BUY,EXACT/ACCEPTABLE MATCH,10.8,7.2,10.754999999998915,0.4834960483496536
AUDJPY_AMR,2024-01-29,BUY,EXACT/ACCEPTABLE MATCH,12.8,8.6,12.847500000000167,0.5137186223000517
AUDJPY_AMR,2024-01-31,BUY,EXACT/ACCEPTABLE MATCH,13.1,8.7,13.117500000000604,-1.1511339813226076
AUDJPY_AMR,2024-02-02,SELL,EXACT/ACCEPTABLE MATCH,17.8,11.9,17.774999999999608,-1.113924050632936
AUDJPY_AMR,2024-02-05,BUY,EXACT/ACCEPTABLE MATCH,22.7,15.1,22.657499999999686,0.5781749972415395
AUDJPY_AMR,2024-02-06,BUY,EXACT/ACCEPTABLE MATCH,8.6,5.8,8.625000000000682,0.4405797101448926
AUDJPY_AMR,2024-02-07,SELL,EXACT/ACCEPTABLE MATCH,12.3,8.2,12.315000000001676,-1.161185546081856
AUDJPY_AMR,2024-02-08,BUY,EXACT/ACCEPTABLE MATCH,7.4,4.9,10.140000000001947,0.4733727810649978
AUDJPY_AMR,2024-02-09,BUY,EXACT/ACCEPTABLE MATCH,10.6,7.1,10.619999999998695,0.4802259887006238
AUDJPY_AMR,2024-02-12,BUY,EXACT/ACCEPTABLE MATCH,19.6,13.1,19.61999999999904,0.5657492354740339
AUDJPY_AMR,2024-02-14,BUY,EXACT/ACCEPTABLE MATCH,12.3,8.2,12.33000000000004,0.5028386050283844
AUDJPY_AMR,2024-02-15,SELL,EXACT/ACCEPTABLE MATCH,19.4,12.9,19.3499999999986,0.5633074935400924
AUDJPY_AMR,2024-02-16,SELL,EXACT/ACCEPTABLE MATCH,8.1,5.4,8.084999999999809,0.4205318491032876
AUDJPY_AMR,2024-02-19,BUY,EXACT/ACCEPTABLE MATCH,22.9,15.3,22.87500000000051,0.5814207650273094
AUDJPY_AMR,2024-02-20,BUY,EXACT/ACCEPTABLE MATCH,8.0,5.3,8.0174999999997,0.4115996258185374
AUDJPY_AMR,2024-02-21,BUY,EXACT/ACCEPTABLE MATCH,15.5,10.3,15.517499999999274,0.534879974222677
AUDJPY_AMR,2024-02-22,SELL,EXACT/ACCEPTABLE MATCH,15.8,10.5,15.77999999999946,-1.128010139417022
AUDJPY_AMR,2024-02-23,SELL,EXACT/ACCEPTABLE MATCH,12.9,8.6,12.870000000000914,0.5128205128204764
AUDJPY_AMR,2024-02-26,SELL,EXACT/ACCEPTABLE MATCH,10.1,6.7,10.05750000000134,0.4673129505343648
AUDJPY_AMR,2024-02-27,BUY,EXACT/ACCEPTABLE MATCH,11.3,7.5,11.280000000001422,0.487588652482208
AUDJPY_AMR,2024-02-28,BUY,EXACT/ACCEPTABLE MATCH,23.3,15.5,23.32500000000053,-1.0846730975348091
AUDJPY_AMR,2024-02-29,BUY,EXACT/ACCEPTABLE MATCH,14.0,9.3,13.957500000000778,0.5230162994805369
AUDJPY_AMR,2024-03-01,SELL,EXACT/ACCEPTABLE MATCH,8.2,5.5,8.182499999998782,0.4277421326001248
AUDJPY_AMR,2024-03-06,BUY,EXACT/ACCEPTABLE MATCH,13.2,8.8,13.237500000000324,0.5136921624173623
AUDJPY_AMR,2024-03-07,BUY,EXACT/ACCEPTABLE MATCH,18.4,12.3,18.39749999999896,-1.1088463106400954
AUDJPY_AMR,2024-03-08,BUY,EXACT/ACCEPTABLE MATCH,14.9,9.9,14.902500000000174,0.5301123972487776
AUDJPY_AMR,2024-03-11,BUY,EXACT/ACCEPTABLE MATCH,20.4,13.6,20.4074999999996,-1.097635673159399
AUDJPY_AMR,2024-03-12,BUY,EXACT/ACCEPTABLE MATCH,17.5,11.6,17.475000000000307,0.5550786838340388
AUDJPY_AMR,2024-03-13,BUY,EXACT/ACCEPTABLE MATCH,17.2,11.5,17.189999999999372,0.5526468877254419
AUDJPY_AMR,2024-03-14,SELL,EXACT/ACCEPTABLE MATCH,9.7,6.5,9.68249999999955,0.464756003098395
AUDJPY_AMR,2024-03-15,BUY,EXACT/ACCEPTABLE MATCH,13.8,9.2,13.800000000001944,-1.1449275362317228
AUDJPY_AMR,2024-03-18,BUY,EXACT/ACCEPTABLE MATCH,13.2,8.8,13.154999999999715,0.5169137210186352
AUDJPY_AMR,2024-03-19,BUY,EXACT/ACCEPTABLE MATCH,11.1,7.4,11.085000000001344,0.4871447902570451
AUDJPY_AMR,2024-03-20,SELL,EXACT/ACCEPTABLE MATCH,14.6,9.8,14.647500000002369,-1.133299197815144
AUDJPY_AMR,2024-03-21,BUY,EXACT/ACCEPTABLE MATCH,22.4,14.9,22.350000000000136,0.5771812080536878
AUDJPY_AMR,2024-03-22,BUY,EXACT/ACCEPTABLE MATCH,28.3,18.9,28.31249999999983,-1.0701986754966952
AUDJPY_AMR,2024-03-25,BUY,EXACT/ACCEPTABLE MATCH,13.3,8.8,13.26750000000132,0.5125306199358827
AUDJPY_AMR,2024-03-26,BUY,MISMATCH (false positive -- reconstructed signal not in history),,,,
AUDJPY_AMR,2024-03-27,BUY,EXACT/ACCEPTABLE MATCH,14.4,9.6,14.42999999999941,0.5266805266805482
AUDJPY_AMR,2024-03-28,BUY,EXACT/ACCEPTABLE MATCH,17.2,11.4,17.15250000000026,0.5480250692318821
AUDJPY_AMR,2024-04-01,BUY,EXACT/ACCEPTABLE MATCH,16.9,11.3,16.919999999998936,0.5496453900709566
AUDJPY_AMR,2024-04-02,BUY,EXACT/ACCEPTABLE MATCH,9.9,6.6,9.900000000000375,0.464646464646447
AUDJPY_AMR,2024-04-03,BUY,EXACT/ACCEPTABLE MATCH,12.6,8.4,12.600000000000476,0.5079365079364887
AUDJPY_AMR,2024-04-04,SELL,EXACT/ACCEPTABLE MATCH,7.9,5.3,7.919999999998595,-1.2500000000002218
AUDJPY_AMR,2024-04-05,BUY,EXACT/ACCEPTABLE MATCH,24.6,16.4,24.55500000000086,0.5864386072082873
AUDJPY_AMR,2024-04-08,BUY,EXACT/ACCEPTABLE MATCH,30.4,20.2,30.36749999999984,0.5993249361982415
AUDJPY_AMR,2024-04-09,SELL,EXACT/ACCEPTABLE MATCH,6.7,4.4,9.17999999999779,0.4466230936820247
AUDJPY_AMR,2024-04-11,BUY,EXACT/ACCEPTABLE MATCH,26.0,17.3,25.994999999999635,0.5885747259088369
AUDJPY_AMR,2024-04-12,BUY,EXACT/ACCEPTABLE MATCH,14.8,9.9,14.842500000000314,-1.1318847902981064
AUDJPY_AMR,2024-04-15,SELL,EXACT/ACCEPTABLE MATCH,31.1,20.7,31.09500000000054,-1.064479819906719
AUDJPY_AMR,2024-04-16,BUY,EXACT/ACCEPTABLE MATCH,10.2,6.8,10.22999999999854,-1.192570869990395
AUDJPY_AMR,2024-04-19,BUY,EXACT/ACCEPTABLE MATCH,9.7,6.4,9.660000000000936,-1.2111801242234852
AUDJPY_AMR,2024-04-22,BUY,EXACT/ACCEPTABLE MATCH,21.5,14.3,21.487500000001347,0.5724258289702957
AUDJPY_AMR,2024-04-23,SELL,EXACT/ACCEPTABLE MATCH,20.7,13.8,20.692500000000532,0.5702549232813674
AUDJPY_AMR,2024-04-24,BUY,EXACT/ACCEPTABLE MATCH,14.3,9.6,14.325000000000188,0.5305410122163979
AUDJPY_AMR,2024-04-25,SELL,EXACT/ACCEPTABLE MATCH,13.1,8.7,13.057499999998612,-1.1564235113920434
AUDJPY_AMR,2024-04-29,SELL,EXACT/ACCEPTABLE MATCH,39.2,26.1,39.17250000000223,-1.0517582487713997
AUDJPY_AMR,2024-04-30,SELL,EXACT/ACCEPTABLE MATCH,29.9,19.9,29.86499999999808,0.5993638037837319
AUDJPY_AMR,2024-05-01,BUY,EXACT/ACCEPTABLE MATCH,25.0,16.6,24.96749999999963,0.5847601882447268
AUDJPY_AMR,2024-05-06,BUY,EXACT/ACCEPTABLE MATCH,14.7,9.8,14.654999999998353,0.532241555783069
AUDJPY_AMR,2024-05-07,SELL,EXACT/ACCEPTABLE MATCH,19.7,13.1,19.67250000000078,-1.103062650908585
AUDJPY_AMR,2024-05-08,BUY,EXACT/ACCEPTABLE MATCH,16.7,11.2,16.732500000001238,0.5498281786941174
AUDJPY_AMR,2024-05-09,BUY,EXACT/ACCEPTABLE MATCH,13.0,8.7,13.042500000000246,0.5137051945562487
AUDJPY_AMR,2024-05-10,BUY,EXACT/ACCEPTABLE MATCH,9.0,6.0,9.030000000001335,0.4429678848282843
AUDJPY_AMR,2024-05-13,BUY,EXACT/ACCEPTABLE MATCH,22.0,14.7,22.049999999998704,0.5759637188208955
AUDJPY_AMR,2024-05-14,SELL,EXACT/ACCEPTABLE MATCH,5.9,4.0,10.04999999999896,0.467661691542337
AUDJPY_AMR,2024-05-15,SELL,EXACT/ACCEPTABLE MATCH,16.7,11.1,16.664999999998997,0.5460546054605789
AUDJPY_AMR,2024-05-16,BUY,EXACT/ACCEPTABLE MATCH,16.6,11.1,16.612499999999386,-1.119638826185143
AUDJPY_AMR,2024-05-17,SELL,EXACT/ACCEPTABLE MATCH,12.2,8.2,12.232500000001068,0.5068465154301622
AUDJPY_AMR,2024-05-20,SELL,EXACT/ACCEPTABLE MATCH,28.0,18.6,27.952499999998537,0.5938645917181243
AUDJPY_AMR,2024-05-21,BUY,EXACT/ACCEPTABLE MATCH,11.4,7.6,11.384999999998511,0.4918752744840343
AUDJPY_AMR,2024-05-22,SELL,EXACT/ACCEPTABLE MATCH,10.4,7.0,10.439999999999117,-1.1877394636016332
AUDJPY_AMR,2024-05-24,BUY,EXACT/ACCEPTABLE MATCH,14.6,9.8,14.647500000000235,0.5325140809011691
AUDJPY_AMR,2024-05-27,BUY,EXACT/ACCEPTABLE MATCH,13.1,8.7,13.057500000002875,0.5131150679684875
AUDJPY_AMR,2024-05-28,BUY,EXACT/ACCEPTABLE MATCH,7.6,5.1,7.642500000000041,0.40562643114164
AUDJPY_AMR,2024-05-30,BUY,EXACT/ACCEPTABLE MATCH,23.7,15.8,23.744999999997415,-1.0823331227628046
AUDJPY_AMR,2024-05-31,BUY,EXACT/ACCEPTABLE MATCH,21.2,14.2,21.23999999999953,0.574387947269316
AUDJPY_AMR,2024-06-05,SELL,EXACT/ACCEPTABLE MATCH,23.2,15.4,23.1525000000012,-1.0884353741496036
AUDJPY_AMR,2024-06-06,BUY,EXACT/ACCEPTABLE MATCH,16.7,11.1,16.70249999999811,0.5448286184703505
AUDJPY_AMR,2024-06-07,SELL,EXACT/ACCEPTABLE MATCH,18.4,12.3,18.419999999999703,0.5591748099891513
AUDJPY_AMR,2024-06-10,SELL,EXACT/ACCEPTABLE MATCH,10.4,6.9,10.402500000000003,-1.1920211487623165
AUDJPY_AMR,2024-06-12,SELL,EXACT/ACCEPTABLE MATCH,8.0,5.3,7.95749999999984,0.4147031102733354
AUDJPY_AMR,2024-06-14,BUY,EXACT/ACCEPTABLE MATCH,21.8,14.5,21.75749999999965,0.5745145352177502
AUDJPY_AMR,2024-06-17,SELL,EXACT/ACCEPTABLE MATCH,23.0,15.4,23.039999999999598,0.5815972222222325
AUDJPY_AMR,2024-06-18,SELL,EXACT/ACCEPTABLE MATCH,8.6,5.7,8.610000000000184,0.4297328687572498
AUDJPY_AMR,2024-06-19,SELL,EXACT/ACCEPTABLE MATCH,15.3,10.2,15.254999999999086,-1.1340544083907595
AUDJPY_AMR,2024-06-21,SELL,EXACT/ACCEPTABLE MATCH,5.7,3.8,8.077499999997428,-1.2503868771282225
AUDJPY_AMR,2024-06-24,SELL,EXACT/ACCEPTABLE MATCH,12.6,8.4,12.64499999999984,0.5061289047054236
AUDJPY_AMR,2024-06-25,BUY,EXACT/ACCEPTABLE MATCH,24.6,16.4,24.644999999999584,0.584297017650649
AUDJPY_AMR,2024-06-26,BUY,EXACT/ACCEPTABLE MATCH,15.4,10.3,15.435000000000798,0.5377389050858161
AUDJPY_AMR,2024-06-27,BUY,EXACT/ACCEPTABLE MATCH,20.7,13.8,20.65499999999929,0.5712902444928786
AUDJPY_AMR,2024-06-28,SELL,EXACT/ACCEPTABLE MATCH,19.9,13.2,19.85250000000036,0.5641606850522501
AUDJPY_AMR,2024-07-03,SELL,EXACT/ACCEPTABLE MATCH,21.9,14.6,21.85500000000076,-1.093571265156677
AUDJPY_AMR,2024-07-05,SELL,EXACT/ACCEPTABLE MATCH,8.9,5.9,8.849999999999625,0.4406779661017136
AUDJPY_AMR,2024-07-08,BUY,EXACT/ACCEPTABLE MATCH,26.5,17.6,26.45999999999802,0.5895691609977766
AUDJPY_AMR,2024-07-09,SELL,EXACT/ACCEPTABLE MATCH,8.2,5.5,8.227499999998145,-1.239744758432367
AUDJPY_AMR,2024-07-10,SELL,EXACT/ACCEPTABLE MATCH,7.7,5.1,7.649999999998158,-1.2549019607846157
AUDJPY_AMR,2024-07-11,BUY,EXACT/ACCEPTABLE MATCH,10.3,6.9,10.274999999997902,0.4671532846716282
AUDJPY_AMR,2024-07-12,SELL,EXACT/ACCEPTABLE MATCH,28.7,19.1,28.709999999998104,-1.0693138279345882
AUDJPY_AMR,2024-07-15,BUY,EXACT/ACCEPTABLE MATCH,19.1,12.7,19.102500000001044,0.5601361078392574
AUDJPY_AMR,2024-07-17,BUY,EXACT/ACCEPTABLE MATCH,10.5,7.0,10.47749999999823,0.4772130756383531
AUDJPY_AMR,2024-07-18,BUY,EXACT/ACCEPTABLE MATCH,27.6,18.4,27.57749999999888,-1.0733387725501298
AUDJPY_AMR,2024-07-19,BUY,EXACT/ACCEPTABLE MATCH,13.3,8.9,13.289999999999935,-1.151241534988719
AUDJPY_AMR,2024-07-22,BUY,EXACT/ACCEPTABLE MATCH,7.7,5.1,7.687499999999403,0.4032520325203565
AUDJPY_AMR,2024-07-23,BUY,EXACT/ACCEPTABLE MATCH,14.3,9.6,14.332500000002568,0.5302633874061495
AUDJPY_AMR,2024-07-24,BUY,EXACT/ACCEPTABLE MATCH,10.0,6.6,9.967500000000484,0.4614998745924029
AUDJPY_AMR,2024-07-25,BUY,EXACT/ACCEPTABLE MATCH,21.7,14.5,21.742499999999158,-1.0900310451880382
AUDJPY_AMR,2024-07-26,BUY,EXACT/ACCEPTABLE MATCH,37.0,24.7,37.04249999999973,0.6128096105824434
AUDJPY_AMR,2024-07-29,SELL,EXACT/ACCEPTABLE MATCH,29.4,19.6,29.392499999999444,0.5987922088968388
AUDJPY_AMR,2024-07-30,SELL,EXACT/ACCEPTABLE MATCH,21.5,14.4,21.54000000000096,0.5756731662023885
AUDJPY_AMR,2024-07-31,BUY,EXACT/ACCEPTABLE MATCH,47.6,31.7,47.59499999999832,-1.0421262737682897
AUDJPY_AMR,2024-08-01,BUY,EXACT/ACCEPTABLE MATCH,60.2,40.1,60.1949999999988,0.6329429354597684
AUDJPY_AMR,2024-08-02,BUY,EXACT/ACCEPTABLE MATCH,48.7,32.5,48.74250000000018,0.6257372929168568
AUDJPY_AMR,2024-08-05,BUY,EXACT/ACCEPTABLE MATCH,45.1,30.1,45.08250000000231,-1.044751289302891
AUDJPY_AMR,2024-08-06,SELL,EXACT/ACCEPTABLE MATCH,60.5,40.3,60.5099999999986,-1.0328871260948842
AUDJPY_AMR,2024-08-07,BUY,EXACT/ACCEPTABLE MATCH,87.2,58.1,87.18749999999744,0.6434408602150726
AUDJPY_AMR,2024-08-08,BUY,EXACT/ACCEPTABLE MATCH,69.7,46.5,69.7125000000014,0.6383360229513948
AUDJPY_AMR,2024-08-09,SELL,EXACT/ACCEPTABLE MATCH,49.3,32.8,49.25249999999792,0.6253489670575362
AUDJPY_AMR,2024-08-12,BUY,EXACT/ACCEPTABLE MATCH,14.7,9.8,14.677500000001231,0.5314256515073648
AUDJPY_AMR,2024-08-13,BUY,EXACT/ACCEPTABLE MATCH,22.3,14.9,22.33499999999964,0.5775688381464164
AUDJPY_AMR,2024-08-14,SELL,EXACT/ACCEPTABLE MATCH,19.2,12.8,19.22999999999888,-1.102444097763975
AUDJPY_AMR,2024-08-19,SELL,EXACT/ACCEPTABLE MATCH,26.1,17.4,26.07750000000024,-1.077557281181085
AUDJPY_AMR,2024-08-20,SELL,EXACT/ACCEPTABLE MATCH,23.0,15.3,23.01000000000073,0.5780095610603903
AUDJPY_AMR,2024-08-21,BUY,EXACT/ACCEPTABLE MATCH,24.3,16.2,24.30749999999904,0.5841818368816439
AUDJPY_AMR,2024-08-22,SELL,EXACT/ACCEPTABLE MATCH,25.1,16.7,25.05000000000024,0.5868263473053836
AUDJPY_AMR,2024-08-23,BUY,EXACT/ACCEPTABLE MATCH,14.3,9.5,14.30249999999944,0.524383848977472
AUDJPY_AMR,2024-08-26,BUY,EXACT/ACCEPTABLE MATCH,34.8,23.2,34.83750000000114,-1.0563329745245438
AUDJPY_AMR,2024-08-28,BUY,EXACT/ACCEPTABLE MATCH,14.2,9.5,14.205000000000467,0.5279831045406373
AUDJPY_AMR,2024-08-29,SELL,EXACT/ACCEPTABLE MATCH,38.3,25.5,38.28000000000032,-1.0527690700104406
AUDJPY_AMR,2024-08-30,BUY,EXACT/ACCEPTABLE MATCH,19.5,13.0,19.470000000000454,0.5649717514124162
AUDJPY_AMR,2024-09-02,SELL,EXACT/ACCEPTABLE MATCH,14.9,9.9,14.879999999999429,-1.1357526881720867
AUDJPY_AMR,2024-09-03,BUY,EXACT/ACCEPTABLE MATCH,11.3,7.5,11.250000000000426,0.4888888888888704
AUDJPY_AMR,2024-09-04,BUY,EXACT/ACCEPTABLE MATCH,35.3,23.5,35.27250000000066,-1.0574810404706017
AUDJPY_AMR,2024-09-05,BUY,EXACT/ACCEPTABLE MATCH,27.6,18.4,27.555000000000263,0.5951732897840625
AUDJPY_AMR,2024-09-06,BUY,EXACT/ACCEPTABLE MATCH,17.6,11.7,17.617500000000774,0.5505889030793003
AUDJPY_AMR,2024-09-09,BUY,EXACT/ACCEPTABLE MATCH,23.2,15.4,23.159999999999314,0.5785837651122797
AUDJPY_AMR,2024-09-11,BUY,EXACT/ACCEPTABLE MATCH,16.5,11.0,16.507500000000164,-1.1207027108889789
AUDJPY_AMR,2024-09-12,SELL,EXACT/ACCEPTABLE MATCH,31.4,20.9,31.38750000000172,-1.064117881322124
AUDJPY_AMR,2024-09-13,BUY,EXACT/ACCEPTABLE MATCH,23.4,15.6,23.400000000000887,-1.0854700854700443
AUDJPY_AMR,2024-09-16,BUY,EXACT/ACCEPTABLE MATCH,14.4,9.6,14.37000000000168,-1.1412665274876883
AUDJPY_AMR,2024-09-17,SELL,EXACT/ACCEPTABLE MATCH,22.8,15.2,22.76250000000104,0.579901153212494
AUDJPY_AMR,2024-09-19,SELL,EXACT/ACCEPTABLE MATCH,52.3,34.9,52.2900000000007,-1.038439472174398
AUDJPY_AMR,2024-09-20,SELL,EXACT/ACCEPTABLE MATCH,19.6,13.0,19.55249999999893,0.5625879043600871
AUDJPY_AMR,2024-09-23,BUY,EXACT/ACCEPTABLE MATCH,23.6,15.7,23.57250000000235,0.5811857036800778
AUDJPY_AMR,2024-09-24,BUY,EXACT/ACCEPTABLE MATCH,14.5,9.6,14.459999999998274,0.5255878284924556
AUDJPY_AMR,2024-09-25,SELL,EXACT/ACCEPTABLE MATCH,9.3,6.2,9.25500000000028,0.4538087520259182
AUDJPY_AMR,2024-09-27,SELL,EXACT/ACCEPTABLE MATCH,21.3,14.2,21.27750000000077,-1.0950534602279007
AUDJPY_AMR,2024-09-30,SELL,EXACT/ACCEPTABLE MATCH,42.9,28.6,42.92249999999882,0.6197215912400427
AUDJPY_AMR,2024-10-01,SELL,EXACT/ACCEPTABLE MATCH,21.7,14.5,21.749999999999403,-1.0942528735632484
AUDJPY_AMR,2024-10-02,SELL,EXACT/ACCEPTABLE MATCH,26.7,17.8,26.745000000001085,-1.0730977752850566
AUDJPY_AMR,2024-10-03,SELL,EXACT/ACCEPTABLE MATCH,27.6,18.4,27.555000000000263,-1.0742152059517227
AUDJPY_AMR,2024-10-04,BUY,EXACT/ACCEPTABLE MATCH,21.6,14.4,21.562499999999574,0.5750724637681274
AUDJPY_AMR,2024-10-07,BUY,EXACT/ACCEPTABLE MATCH,27.1,18.1,27.08250000000163,0.5944798301485842
AUDJPY_AMR,2024-10-08,BUY,EXACT/ACCEPTABLE MATCH,45.7,30.5,45.70499999999953,0.623564161470305
AUDJPY_AMR,2024-10-09,BUY,EXACT/ACCEPTABLE MATCH,21.7,14.5,21.74250000000129,0.5749108888122001
AUDJPY_AMR,2024-10-10,BUY,EXACT/ACCEPTABLE MATCH,12.4,8.3,12.442499999999512,0.5063291139240704
AUDJPY_AMR,2024-10-11,SELL,EXACT/ACCEPTABLE MATCH,16.8,11.2,16.762500000000102,0.548844146159579
AUDJPY_AMR,2024-10-14,BUY,EXACT/ACCEPTABLE MATCH,42.0,28.0,41.977499999999424,0.6193794294562648
AUDJPY_AMR,2024-10-15,BUY,EXACT/ACCEPTABLE MATCH,12.1,8.1,12.07499999999797,0.4968944099379717
AUDJPY_AMR,2024-10-16,BUY,EXACT/ACCEPTABLE MATCH,59.8,39.9,59.79000000000028,0.6338852650944945
AUDJPY_AMR,2024-10-17,BUY,EXACT/ACCEPTABLE MATCH,21.7,14.5,21.742499999999158,0.5749108888122565
AUDJPY_AMR,2024-10-18,BUY,EXACT/ACCEPTABLE MATCH,10.9,7.3,10.874999999998636,0.4781609195402899
AUDJPY_AMR,2024-10-21,BUY,EXACT/ACCEPTABLE MATCH,9.3,6.2,9.255000000002411,0.4538087520258137
AUDJPY_AMR,2024-10-22,BUY,EXACT/ACCEPTABLE MATCH,16.3,10.9,16.3499999999992,0.5443425076452867
AUDJPY_AMR,2024-10-23,SELL,EXACT/ACCEPTABLE MATCH,23.0,15.4,23.047499999999843,0.5814079618179886
AUDJPY_AMR,2024-10-25,BUY,EXACT/ACCEPTABLE MATCH,24.4,16.3,24.397500000002022,0.5861256276257327
AUDJPY_AMR,2024-10-28,SELL,EXACT/ACCEPTABLE MATCH,41.6,27.8,41.63250000000076,-1.0472587521767658
AUDJPY_AMR,2024-10-29,BUY,EXACT/ACCEPTABLE MATCH,8.7,5.8,8.722500000001787,-1.2267125250785678
AUDJPY_AMR,2024-10-30,BUY,EXACT/ACCEPTABLE MATCH,9.0,6.0,8.99999999999821,0.4444444444445328
AUDJPY_AMR,2024-10-31,BUY,EXACT/ACCEPTABLE MATCH,22.9,15.3,22.949999999998735,0.5795206971677879
AUDJPY_AMR,2024-11-05,BUY,EXACT/ACCEPTABLE MATCH,16.4,10.9,16.380000000002326,0.5433455433454663
AUDJPY_AMR,2024-11-06,SELL,EXACT/ACCEPTABLE MATCH,22.1,14.7,22.110000000000696,0.5744007236544368
AUDJPY_AMR,2024-11-07,SELL,EXACT/ACCEPTABLE MATCH,25.8,17.2,25.8375000000008,-1.0759554910497973
AUDJPY_AMR,2024-11-08,SELL,EXACT/ACCEPTABLE MATCH,21.5,14.3,21.487499999999216,0.5724258289703525
AUDJPY_AMR,2024-11-11,SELL,EXACT/ACCEPTABLE MATCH,31.4,20.9,31.364999999998844,-1.064881237047704
AUDJPY_AMR,2024-11-12,BUY,EXACT/ACCEPTABLE MATCH,11.7,7.8,11.729999999999308,0.4944586530264571
AUDJPY_AMR,2024-11-13,BUY,EXACT/ACCEPTABLE MATCH,15.9,10.6,15.877500000000566,0.5416469847267953
AUDJPY_AMR,2024-11-14,SELL,EXACT/ACCEPTABLE MATCH,19.0,12.6,18.967500000000825,0.5588506656122071
AUDJPY_AMR,2024-11-15,SELL,EXACT/ACCEPTABLE MATCH,22.2,14.8,22.2075000000018,0.576381852977551
AUDJPY_AMR,2024-11-18,SELL,EXACT/ACCEPTABLE MATCH,27.2,18.1,27.19499999999897,0.5920205920206145
AUDJPY_AMR,2024-11-19,BUY,EXACT/ACCEPTABLE MATCH,18.9,12.6,18.92249999999933,-1.1045052186550792
AUDJPY_AMR,2024-11-20,SELL,EXACT/ACCEPTABLE MATCH,23.1,15.4,23.092499999999205,-1.0869329869005462
AUDJPY_AMR,2024-11-21,BUY,EXACT/ACCEPTABLE MATCH,21.8,14.6,21.847499999998377,0.5767250257466958
AUDJPY_AMR,2024-11-22,BUY,EXACT/ACCEPTABLE MATCH,26.6,17.7,26.549999999998875,0.5913370998117011
AUDJPY_AMR,2024-11-25,SELL,EXACT/ACCEPTABLE MATCH,27.8,18.5,27.780000000001337,0.5939524838012673
AUDJPY_AMR,2024-11-26,BUY,EXACT/ACCEPTABLE MATCH,53.8,35.9,53.78249999999909,-1.0375122019244354
AUDJPY_AMR,2024-11-27,SELL,EXACT/ACCEPTABLE MATCH,22.1,14.7,22.057500000001085,0.5757678794060693
AUDJPY_AMR,2024-11-28,SELL,EXACT/ACCEPTABLE MATCH,24.5,16.4,24.54750000000061,-1.0795396679906035
AUDJPY_AMR,2024-11-29,BUY,EXACT/ACCEPTABLE MATCH,10.7,7.1,10.66499999999806,0.4781997187061348
AUDJPY_AMR,2024-12-02,BUY,EXACT/ACCEPTABLE MATCH,28.3,18.9,28.31249999999983,0.5969094922737342
AUDJPY_AMR,2024-12-03,SELL,EXACT/ACCEPTABLE MATCH,12.0,8.0,11.977500000001127,-1.1688582759339328
AUDJPY_AMR,2024-12-04,BUY,EXACT/ACCEPTABLE MATCH,32.2,21.4,32.15249999999941,-1.0636808957313004
AUDJPY_AMR,2024-12-05,BUY,EXACT/ACCEPTABLE MATCH,36.4,24.3,36.44250000000113,0.6119228922274627
AUDJPY_AMR,2024-12-06,BUY,EXACT/ACCEPTABLE MATCH,13.9,9.3,13.919999999999533,-1.1422413793103832
AUDJPY_AMR,2024-12-10,BUY,EXACT/ACCEPTABLE MATCH,23.1,15.4,23.085000000001088,-1.0872861165258314
AUDJPY_AMR,2024-12-11,BUY,EXACT/ACCEPTABLE MATCH,15.6,10.4,15.577499999999134,-1.1298346974804032
AUDJPY_AMR,2024-12-12,BUY,EXACT/ACCEPTABLE MATCH,21.6,14.4,21.59249999999844,0.5742734745861247
AUDJPY_AMR,2024-12-13,SELL,EXACT/ACCEPTABLE MATCH,23.4,15.6,23.362500000001774,0.5821294810058413
AUDJPY_AMR,2024-12-16,BUY,EXACT/ACCEPTABLE MATCH,13.3,8.8,13.25999999999894,0.5128205128205539
AUDJPY_AMR,2024-12-17,SELL,EXACT/ACCEPTABLE MATCH,23.9,16.0,23.932499999997248,0.5849785856054156
AUDJPY_AMR,2024-12-18,SELL,EXACT/ACCEPTABLE MATCH,17.7,11.8,17.722499999999997,0.5529693891945269
AUDJPY_AMR,2024-12-20,BUY,EXACT/ACCEPTABLE MATCH,36.2,24.1,36.172500000000696,-1.0560508673716018
AUDJPY_AMR,2024-12-23,SELL,EXACT/ACCEPTABLE MATCH,14.2,9.5,14.212500000000716,0.5277044854881
AUDJPY_AMR,2024-12-24,BUY,EXACT/ACCEPTABLE MATCH,18.7,12.5,18.689999999998008,-1.1075441412521243
AUDJPY_AMR,2024-12-26,SELL,EXACT/ACCEPTABLE MATCH,21.7,14.4,21.675000000001177,-1.0934256055362728
AUDJPY_AMR,2024-12-27,BUY,EXACT/ACCEPTABLE MATCH,19.5,13.0,19.45499999999996,0.5654073502955551
AUDJPY_AMR,2024-12-30,SELL,EXACT/ACCEPTABLE MATCH,34.2,22.8,34.1549999999998,-1.0598741033523704
AUDJPY_AMR,2025-01-02,BUY,EXACT/ACCEPTABLE MATCH,29.2,19.4,29.16000000000025,0.596707818930036
AUDJPY_AMR,2025-01-06,SELL,EXACT/ACCEPTABLE MATCH,46.3,30.9,46.30500000000026,-1.0430839002267511
AUDJPY_AMR,2025-01-07,SELL,EXACT/ACCEPTABLE MATCH,21.1,14.1,21.142500000000556,-1.092586023412529
AUDJPY_AMR,2025-01-08,SELL,EXACT/ACCEPTABLE MATCH,22.1,14.7,22.102499999998315,0.5745956339781005
AUDJPY_AMR,2025-01-09,BUY,EXACT/ACCEPTABLE MATCH,21.0,14.0,20.99249999999984,-1.0956293914493356
AUDJPY_AMR,2025-01-10,BUY,EXACT/ACCEPTABLE MATCH,10.3,6.8,10.267500000001917,0.4674945215484883
AUDJPY_AMR,2025-01-13,SELL,EXACT/ACCEPTABLE MATCH,26.6,17.7,26.602500000000617,0.5901700967954002
AUDJPY_AMR,2025-01-14,SELL,EXACT/ACCEPTABLE MATCH,35.6,23.7,35.57249999999783,-1.0569962752126585
AUDJPY_AMR,2025-01-15,BUY,EXACT/ACCEPTABLE MATCH,19.8,13.2,19.822500000001497,0.5650145037204769
AUDJPY_AMR,2025-01-16,BUY,EXACT/ACCEPTABLE MATCH,12.6,8.4,12.592499999998097,0.5082390311694237
AUDJPY_AMR,2025-01-17,SELL,EXACT/ACCEPTABLE MATCH,17.6,11.7,17.565000000001163,0.5522345573583466
AUDJPY_AMR,2025-01-21,BUY,EXACT/ACCEPTABLE MATCH,20.8,13.8,20.77499999999901,-1.097472924187778
AUDJPY_AMR,2025-01-23,BUY,EXACT/ACCEPTABLE MATCH,28.7,19.1,28.725000000000733,0.5987815491731787
AUDJPY_AMR,2025-01-24,SELL,EXACT/ACCEPTABLE MATCH,17.9,11.9,17.894999999999328,-1.1120424699637186
AUDJPY_AMR,2025-01-27,BUY,EXACT/ACCEPTABLE MATCH,40.4,26.9,40.37249999999944,-1.0502198278531325
AUDJPY_AMR,2025-01-28,BUY,EXACT/ACCEPTABLE MATCH,29.4,19.6,29.37000000000083,0.5992509363295712
AUDJPY_AMR,2025-01-29,BUY,EXACT/ACCEPTABLE MATCH,12.8,8.6,12.847500000000167,0.5137186223000517
AUDJPY_AMR,2025-01-30,BUY,EXACT/ACCEPTABLE MATCH,28.0,18.7,28.020000000000778,-1.0706638115631395
AUDJPY_AMR,2025-02-03,BUY,EXACT/ACCEPTABLE MATCH,144.9,96.6,144.93750000000034,0.6526951272100028
AUDJPY_AMR,2025-02-04,SELL,EXACT/ACCEPTABLE MATCH,72.1,48.1,72.12000000000032,0.6392124237382113
AUDJPY_AMR,2025-02-05,BUY,EXACT/ACCEPTABLE MATCH,16.0,10.7,15.990000000000038,-1.1257035647279523
AUDJPY_AMR,2025-02-06,BUY,EXACT/ACCEPTABLE MATCH,29.7,19.8,29.65499999999963,-1.0689597032541018
AUDJPY_AMR,2025-02-07,BUY,EXACT/ACCEPTABLE MATCH,21.8,14.5,21.80249999999901,0.5733287467033856
AUDJPY_AMR,2025-02-10,BUY,EXACT/ACCEPTABLE MATCH,71.9,48.0,71.92500000000024,0.6395550921098345
AUDJPY_AMR,2025-02-11,BUY,EXACT/ACCEPTABLE MATCH,16.5,11.0,16.52249999999853,0.5447117566954638
AUDJPY_AMR,2025-02-12,SELL,EXACT/ACCEPTABLE MATCH,34.0,22.7,34.01250000000147,-1.0584343991179257
AUDJPY_AMR,2025-02-14,SELL,EXACT/ACCEPTABLE MATCH,26.2,17.5,26.23499999999908,0.590813798360989
AUDJPY_AMR,2025-02-17,BUY,EXACT/ACCEPTABLE MATCH,24.0,16.0,23.969999999998493,0.5840634125991189
AUDJPY_AMR,2025-02-18,BUY,EXACT/ACCEPTABLE MATCH,14.6,9.7,14.60999999999899,0.5270362765229659
AUDJPY_AMR,2025-02-19,BUY,EXACT/ACCEPTABLE MATCH,22.3,14.8,22.25249999999903,0.5752162678350998
AUDJPY_AMR,2025-02-20,BUY,EXACT/ACCEPTABLE MATCH,18.0,12.0,17.962499999999437,-1.1134307585247392
AUDJPY_AMR,2025-02-21,SELL,EXACT/ACCEPTABLE MATCH,51.0,34.0,51.029999999999376,0.6270821085635977
AUDJPY_AMR,2025-02-24,SELL,EXACT/ACCEPTABLE MATCH,39.6,26.4,39.630000000000365,0.6156951804188688
AUDJPY_AMR,2025-02-25,SELL,EXACT/ACCEPTABLE MATCH,21.1,14.1,21.08999999999881,0.5737316263632377
AUDJPY_AMR,2025-02-26,SELL,EXACT/ACCEPTABLE MATCH,19.3,12.9,19.282500000000624,0.5652793984182366
AUDJPY_AMR,2025-02-27,SELL,EXACT/ACCEPTABLE MATCH,15.6,10.4,15.645000000001374,-1.124960051134449
AUDJPY_AMR,2025-02-28,BUY,EXACT/ACCEPTABLE MATCH,31.6,21.1,31.620000000000918,-1.0626185958253962
AUDJPY_AMR,2025-03-03,SELL,EXACT/ACCEPTABLE MATCH,47.9,31.9,47.87249999999901,0.6245756958588045
AUDJPY_AMR,2025-03-04,BUY,EXACT/ACCEPTABLE MATCH,58.9,39.3,58.92749999999936,0.6329812057188987
AUDJPY_AMR,2025-03-06,SELL,EXACT/ACCEPTABLE MATCH,24.7,16.5,24.73499999999831,0.5862138669901351
AUDJPY_AMR,2025-03-10,BUY,EXACT/ACCEPTABLE MATCH,51.4,34.3,51.38250000000042,0.628618693134817
AUDJPY_AMR,2025-03-11,BUY,EXACT/ACCEPTABLE MATCH,35.0,23.4,35.03249999999909,0.6108613430386228
AUDJPY_AMR,2025-03-13,SELL,EXACT/ACCEPTABLE MATCH,22.6,15.1,22.589999999999577,0.5799026117751326
AUDJPY_AMR,2025-03-14,SELL,EXACT/ACCEPTABLE MATCH,39.3,26.2,39.315000000000566,-1.0504896349993489
AUDJPY_AMR,2025-03-17,SELL,EXACT/ACCEPTABLE MATCH,36.6,24.4,36.615000000000464,0.6117711320496986
AUDJPY_AMR,2025-03-18,SELL,EXACT/ACCEPTABLE MATCH,20.8,13.9,20.827499999998626,-1.0947065178250637
AUDJPY_AMR,2025-03-19,SELL,EXACT/ACCEPTABLE MATCH,16.2,10.8,16.199999999998482,0.5432098765432608
AUDJPY_AMR,2025-03-20,BUY,EXACT/ACCEPTABLE MATCH,19.2,12.8,19.237500000001265,-1.102014294996679
AUDJPY_AMR,2025-03-21,SELL,EXACT/ACCEPTABLE MATCH,22.1,14.8,22.14749999999981,0.577943334462134
AUDJPY_AMR,2025-03-24,SELL,EXACT/ACCEPTABLE MATCH,49.2,32.8,49.229999999997176,-1.04001625025397
AUDJPY_AMR,2025-03-25,SELL,EXACT/ACCEPTABLE MATCH,17.8,11.8,17.76000000000124,0.5518018018017633
AUDJPY_AMR,2025-03-26,SELL,EXACT/ACCEPTABLE MATCH,13.3,8.9,13.334999999999296,0.5174353205849542
AUDJPY_AMR,2025-03-27,BUY,EXACT/ACCEPTABLE MATCH,32.0,21.4,32.039999999999935,0.6054931335830224
AUDJPY_AMR,2025-03-28,BUY,EXACT/ACCEPTABLE MATCH,23.3,15.6,23.347499999999144,0.5825034800300032
AUDJPY_AMR,2025-03-31,BUY,EXACT/ACCEPTABLE MATCH,33.2,22.1,33.18749999999966,-1.0606403013182784
AUDJPY_AMR,2025-04-01,BUY,EXACT/ACCEPTABLE MATCH,21.1,14.1,21.142500000000556,-1.092586023412529
AUDJPY_AMR,2025-04-02,SELL,EXACT/ACCEPTABLE MATCH,43.0,28.7,43.05000000000092,-1.0476190476190252
AUDJPY_AMR,2025-04-03,BUY,EXACT/ACCEPTABLE MATCH,115.3,76.9,115.27500000000046,-1.017566688353932
AUDJPY_AMR,2025-04-07,BUY,EXACT/ACCEPTABLE MATCH,189.1,126.0,189.074999999999,0.6558244083035867
AUDJPY_AMR,2025-04-09,BUY,EXACT/ACCEPTABLE MATCH,73.9,49.3,73.94250000000113,0.6396862426885658
AUDJPY_AMR,2025-04-10,BUY,EXACT/ACCEPTABLE MATCH,67.0,44.6,66.9674999999998,0.6361294657856442
AUDJPY_AMR,2025-04-11,BUY,EXACT/ACCEPTABLE MATCH,59.8,39.9,59.82749999999939,-1.0329697881409157
AUDJPY_AMR,2025-04-14,BUY,EXACT/ACCEPTABLE MATCH,70.2,46.8,70.21500000000103,0.638040304778172
AUDJPY_AMR,2025-04-15,SELL,EXACT/ACCEPTABLE MATCH,33.7,22.4,33.66750000000067,-1.0603697928268891
AUDJPY_AMR,2025-04-16,BUY,EXACT/ACCEPTABLE MATCH,22.5,15.0,22.537499999997834,-1.0870770937327725
AUDJPY_AMR,2025-04-17,SELL,EXACT/ACCEPTABLE MATCH,32.2,21.5,32.21249999999927,0.6053550640279532
AUDJPY_AMR,2025-04-21,BUY,EXACT/ACCEPTABLE MATCH,54.2,36.1,54.15750000000088,0.629645016848995
AUDJPY_AMR,2025-04-22,SELL,EXACT/ACCEPTABLE MATCH,19.2,12.8,19.22999999999888,0.5616224648986287
AUDJPY_AMR,2025-04-23,SELL,EXACT/ACCEPTABLE MATCH,86.2,57.5,86.23499999999993,-1.0227865715776665
AUDJPY_AMR,2025-04-24,BUY,MISMATCH (false positive -- reconstructed signal not in history),,,,
AUDJPY_AMR,2025-04-25,SELL,MISMATCH (false positive -- reconstructed signal not in history),,,,
AUDJPY_AMR,2025-04-28,BUY,EXACT/ACCEPTABLE MATCH,34.7,23.2,34.73249999999979,0.6103793277189988
AUDJPY_AMR,2025-05-02,SELL,EXACT/ACCEPTABLE MATCH,76.6,51.0,76.55250000000038,0.0287384474706899
AUDJPY_AMR,2025-05-05,BUY,EXACT/ACCEPTABLE MATCH,28.4,18.9,28.36499999999944,0.595804688877149
AUDJPY_AMR,2025-05-06,BUY,EXACT/ACCEPTABLE MATCH,39.2,26.1,39.18000000000035,-1.0515569167942735
AUDJPY_AMR,2025-05-07,SELL,EXACT/ACCEPTABLE MATCH,70.4,46.9,70.3950000000006,0.6378293912919897
AUDJPY_AMR,2025-05-08,SELL,EXACT/ACCEPTABLE MATCH,34.5,23.0,34.49250000000035,-1.0582010582010477
AUDJPY_AMR,2025-05-09,BUY,EXACT/ACCEPTABLE MATCH,31.1,20.7,31.117499999999158,0.6009480196031335
AUDJPY_AMR,2025-05-12,SELL,EXACT/ACCEPTABLE MATCH,74.9,49.9,74.88750000000053,-1.026873643799025
AUDJPY_AMR,2025-05-13,SELL,EXACT/ACCEPTABLE MATCH,16.6,11.0,16.560000000001907,0.5434782608695027
AUDJPY_AMR,2025-05-14,BUY,EXACT/ACCEPTABLE MATCH,24.9,16.6,24.91500000000002,0.5859923740718438
AUDJPY_AMR,2025-05-15,BUY,EXACT/ACCEPTABLE MATCH,17.9,11.9,17.90250000000171,0.5529953917050163
AUDJPY_AMR,2025-05-16,BUY,EXACT/ACCEPTABLE MATCH,18.2,12.1,18.224999999999625,-1.1083676268861682
AUDJPY_AMR,2025-05-19,BUY,EXACT/ACCEPTABLE MATCH,64.3,42.9,64.29749999999856,0.6361056028617118
AUDJPY_AMR,2025-05-20,SELL,EXACT/ACCEPTABLE MATCH,20.6,13.8,20.632499999998544,0.5719132436690093
AUDJPY_AMR,2025-05-21,BUY,EXACT/ACCEPTABLE MATCH,27.3,18.2,27.32250000000107,0.5929179247872399
AUDJPY_AMR,2025-05-22,SELL,EXACT/ACCEPTABLE MATCH,36.7,24.5,36.72000000000182,0.6127450980391853
AUDJPY_AMR,2025-05-26,BUY,EXACT/ACCEPTABLE MATCH,29.9,19.9,29.91749999999982,0.5983120247346906
AUDJPY_AMR,2025-05-27,BUY,EXACT/ACCEPTABLE MATCH,11.5,7.6,11.459999999998873,-1.1780104712043045
AUDJPY_AMR,2025-05-28,BUY,EXACT/ACCEPTABLE MATCH,9.4,6.3,9.427499999999611,0.456112437019377
AUDJPY_AMR,2025-05-29,BUY,EXACT/ACCEPTABLE MATCH,21.1,14.0,21.07499999999831,0.5693950177936399
AUDJPY_AMR,2025-05-30,BUY,EXACT/ACCEPTABLE MATCH,14.8,9.9,14.789999999998573,0.5341446923597541
AUDJPY_AMR,2025-06-03,BUY,EXACT/ACCEPTABLE MATCH,19.0,12.7,19.00499999999994,0.5630097342804543
AUDJPY_AMR,2025-06-05,BUY,EXACT/ACCEPTABLE MATCH,36.8,24.5,36.75750000000093,0.6121199755151855
AUDJPY_AMR,2025-06-06,BUY,EXACT/ACCEPTABLE MATCH,38.7,25.8,38.66999999999834,0.6154641841220849
AUDJPY_AMR,2025-06-09,SELL,EXACT/ACCEPTABLE MATCH,25.1,16.7,25.087499999999352,0.5859491778774442
AUDJPY_AMR,2025-06-10,BUY,EXACT/ACCEPTABLE MATCH,23.7,15.8,23.68499999999969,0.582647245091838
AUDJPY_AMR,2025-06-11,BUY,EXACT/ACCEPTABLE MATCH,16.3,10.8,16.267500000000723,0.540955893652965
AUDJPY_AMR,2025-06-12,BUY,EXACT/ACCEPTABLE MATCH,16.5,11.0,16.515000000000413,-1.1201937632455063
AUDJPY_AMR,2025-06-13,BUY,EXACT/ACCEPTABLE MATCH,10.1,6.7,10.110000000000952,0.4648862512363558
AUDJPY_AMR,2025-06-16,SELL,EXACT/ACCEPTABLE MATCH,45.2,30.2,45.23999999999901,0.6233421750663266
AUDJPY_AMR,2025-06-17,BUY,EXACT/ACCEPTABLE MATCH,20.2,13.4,20.15999999999991,0.565476190476193
AUDJPY_AMR,2025-06-18,SELL,EXACT/ACCEPTABLE MATCH,25.5,17.0,25.522500000001003,0.5877167205406763
AUDJPY_AMR,2025-06-19,BUY,EXACT/ACCEPTABLE MATCH,19.7,13.1,19.657500000000283,-1.1039043622027056
AUDJPY_AMR,2025-06-20,SELL,EXACT/ACCEPTABLE MATCH,23.7,15.8,23.69249999999994,0.5824628046850284
AUDJPY_AMR,2025-06-23,BUY,EXACT/ACCEPTABLE MATCH,20.4,13.6,20.370000000000488,0.5694648993617929
AUDJPY_AMR,2025-06-24,SELL,EXACT/ACCEPTABLE MATCH,17.6,11.7,17.62499999999889,0.5503546099291126
AUDJPY_AMR,2025-06-25,SELL,EXACT/ACCEPTABLE MATCH,20.9,14.0,20.940000000000225,0.5730659025787904
AUDJPY_AMR,2025-06-26,BUY,EXACT/ACCEPTABLE MATCH,14.8,9.8,14.752499999999458,0.5287239450940713
AUDJPY_AMR,2025-06-27,BUY,EXACT/ACCEPTABLE MATCH,25.1,16.7,25.079999999999103,0.5861244019138966
AUDJPY_AMR,2025-07-01,BUY,EXACT/ACCEPTABLE MATCH,22.2,14.8,22.222500000000167,-1.088986387670146
AUDJPY_AMR,2025-07-04,BUY,EXACT/ACCEPTABLE MATCH,21.1,14.1,21.10500000000144,-1.0945273631840051
AUDJPY_AMR,2025-07-07,BUY,EXACT/ACCEPTABLE MATCH,18.6,12.4,18.599999999999284,0.5591397849462582
AUDJPY_AMR,2025-07-08,SELL,EXACT/ACCEPTABLE MATCH,34.2,22.8,34.16250000000005,-1.059641419685326
AUDJPY_AMR,2025-07-09,BUY,EXACT/ACCEPTABLE MATCH,25.0,16.7,25.03499999999761,0.5871779508688397
AUDJPY_AMR,2025-07-10,BUY,EXACT/ACCEPTABLE MATCH,16.7,11.1,16.672499999999246,0.5458089668616231
AUDJPY_AMR,2025-07-11,BUY,EXACT/ACCEPTABLE MATCH,32.4,21.6,32.39250000000098,0.6050783360345576
AUDJPY_AMR,2025-07-14,BUY,EXACT/ACCEPTABLE MATCH,60.1,40.1,60.149999999997306,0.6334164588528962
AUDJPY_AMR,2025-07-15,SELL,MISMATCH (false positive -- reconstructed signal not in history),,,,
AUDJPY_AMR,2025-07-16,SELL,EXACT/ACCEPTABLE MATCH,18.0,12.0,18.000000000000682,-1.111111111111069
AUDJPY_AMR,2025-07-17,SELL,EXACT/ACCEPTABLE MATCH,20.5,13.7,20.52749999999932,0.5699671172817141
AUDJPY_AMR,2025-07-18,SELL,EXACT/ACCEPTABLE MATCH,29.5,19.6,29.452499999999304,-1.0695187165775657
AUDJPY_AMR,2025-07-21,BUY,EXACT/ACCEPTABLE MATCH,55.9,37.2,55.85999999999771,-1.0365198711063797
AUDJPY_AMR,2025-07-22,BUY,MISMATCH (false positive -- reconstructed signal not in history),,,,
AUDJPY_AMR,2025-07-23,SELL,EXACT/ACCEPTABLE MATCH,22.9,15.3,22.88250000000076,0.5812301977493525
AUDJPY_AMR,2025-07-25,SELL,EXACT/ACCEPTABLE MATCH,24.7,16.5,24.704999999999444,0.5869257235377586
AUDJPY_AMR,2025-07-28,SELL,EXACT/ACCEPTABLE MATCH,14.3,9.6,14.347499999998805,-1.1360864262067512
AUDJPY_AMR,2025-07-29,SELL,EXACT/ACCEPTABLE MATCH,17.1,11.4,17.062499999999403,0.5509157509157702
AUDJPY_AMR,2025-08-04,SELL,EXACT/ACCEPTABLE MATCH,34.2,22.8,34.16250000000005,-1.059641419685326
AUDJPY_AMR,2025-08-05,BUY,EXACT/ACCEPTABLE MATCH,19.1,12.8,19.14000000000016,0.5642633228840079
AUDJPY_AMR,2025-08-06,SELL,EXACT/ACCEPTABLE MATCH,14.1,9.4,14.055000000001884,0.5265030238348637
AUDJPY_AMR,2025-08-07,SELL,EXACT/ACCEPTABLE MATCH,14.7,9.8,14.684999999999349,-1.137214845080064
AUDJPY_AMR,2025-08-08,SELL,EXACT/ACCEPTABLE MATCH,12.2,8.1,12.180000000001456,0.5008210180623375
AUDJPY_AMR,2025-08-11,BUY,EXACT/ACCEPTABLE MATCH,25.9,17.3,25.93499999999977,0.5899363794100688
AUDJPY_AMR,2025-08-12,SELL,EXACT/ACCEPTABLE MATCH,20.6,13.7,20.557499999998186,-1.0993554663748994
AUDJPY_AMR,2025-08-13,BUY,EXACT/ACCEPTABLE MATCH,11.7,7.8,11.677499999999696,0.4966816527510298
AUDJPY_AMR,2025-08-14,BUY,EXACT/ACCEPTABLE MATCH,14.2,9.5,14.227499999999084,-1.1386399578282231
AUDJPY_AMR,2025-08-15,BUY,EXACT/ACCEPTABLE MATCH,20.5,13.7,20.48249999999996,-1.098498718418164
AUDJPY_AMR,2025-08-18,BUY,EXACT/ACCEPTABLE MATCH,14.2,9.4,14.152500000000856,0.5228758169934324
AUDJPY_AMR,2025-08-25,SELL,EXACT/ACCEPTABLE MATCH,14.4,9.6,14.444999999999908,-1.1353409484250676
AUDJPY_AMR,2025-08-26,BUY,EXACT/ACCEPTABLE MATCH,24.4,16.3,24.442500000001388,0.5850465377927457
AUDJPY_AMR,2025-08-28,BUY,EXACT/ACCEPTABLE MATCH,21.5,14.3,21.502499999999717,0.5720265085455256
AUDJPY_AMR,2025-08-29,BUY,EXACT/ACCEPTABLE MATCH,18.7,12.4,18.667499999999396,0.5571179858042233
AUDJPY_AMR,2025-09-01,BUY,EXACT/ACCEPTABLE MATCH,16.4,11.0,16.440000000000055,0.5474452554744508
AUDJPY_AMR,2025-09-02,BUY,EXACT/ACCEPTABLE MATCH,15.8,10.5,15.772500000001344,0.5389126644475686
AUDJPY_AMR,2025-09-03,BUY,EXACT/ACCEPTABLE MATCH,18.3,12.2,18.25500000000062,0.5587510271158397
AUDJPY_AMR,2025-09-04,BUY,EXACT/ACCEPTABLE MATCH,17.0,11.3,16.979999999998796,0.547703180212053
AUDJPY_AMR,2025-09-05,BUY,EXACT/ACCEPTABLE MATCH,12.7,8.5,12.720000000000198,0.5110062893081682
AUDJPY_AMR,2025-09-08,SELL,EXACT/ACCEPTABLE MATCH,62.7,41.8,62.71499999999932,-1.031651120146707
AUDJPY_AMR,2025-09-09,BUY,MISMATCH (false positive -- reconstructed signal not in history),,,,
AUDJPY_AMR,2025-09-12,SELL,EXACT/ACCEPTABLE MATCH,16.4,11.0,16.447499999998172,-1.1187110503117217
AUDJPY_AMR,2025-09-15,BUY,EXACT/ACCEPTABLE MATCH,12.7,8.5,12.675000000000836,-1.159763313609391
AUDJPY_AMR,2025-09-19,SELL,EXACT/ACCEPTABLE MATCH,12.3,8.2,12.277499999998298,0.5049888006516685
AUDJPY_AMR,2025-09-22,SELL,EXACT/ACCEPTABLE MATCH,24.9,16.6,24.945000000001016,0.5852876327921188
AUDJPY_AMR,2025-09-23,BUY,EXACT/ACCEPTABLE MATCH,13.5,9.0,13.500000000000512,0.5185185185184988
AUDJPY_AMR,2025-09-26,BUY,EXACT/ACCEPTABLE MATCH,14.5,9.7,14.534999999998632,0.5297557619539542
AUDJPY_AMR,2025-09-30,SELL,EXACT/ACCEPTABLE MATCH,25.2,16.8,25.24500000000032,-1.077441077441064
AUDJPY_AMR,2025-10-01,BUY,EXACT/ACCEPTABLE MATCH,16.5,11.0,16.484999999999417,0.5459508644222213
AUDJPY_AMR,2025-10-02,BUY,EXACT/ACCEPTABLE MATCH,17.5,11.6,17.467500000000058,0.5495920996135663
AUDJPY_AMR,2025-10-03,SELL,EXACT/ACCEPTABLE MATCH,17.9,12.0,17.940000000000822,-1.109253065774754
AUDJPY_AMR,2025-10-06,SELL,EXACT/ACCEPTABLE MATCH,126.8,84.5,126.80999999999968,-1.0156927687090949
AUDJPY_AMR,2025-10-07,SELL,EXACT/ACCEPTABLE MATCH,27.3,18.2,27.300000000000324,0.5934065934065863
AUDJPY_AMR,2025-10-08,SELL,EXACT/ACCEPTABLE MATCH,15.4,10.2,15.36000000000044,-1.1328124999999674
AUDJPY_AMR,2025-10-09,BUY,EXACT/ACCEPTABLE MATCH,14.4,9.6,14.377499999997667,0.5286037210920698
AUDJPY_AMR,2025-10-10,SELL,EXACT/ACCEPTABLE MATCH,22.5,15.0,22.51500000000135,0.577392849211602
AUDJPY_AMR,2025-10-14,BUY,EXACT/ACCEPTABLE MATCH,18.3,12.2,18.27000000000112,0.5582922824301793
AUDJPY_AMR,2025-10-16,BUY,EXACT/ACCEPTABLE MATCH,24.4,16.3,24.42750000000089,-1.0807491556646829
AUDJPY_AMR,2025-10-17,BUY,EXACT/ACCEPTABLE MATCH,18.8,12.6,18.82500000000036,0.563081009296138
AUDJPY_AMR,2025-10-20,SELL,EXACT/ACCEPTABLE MATCH,45.9,30.6,45.87749999999886,0.6233992697945772
AUDJPY_AMR,2025-10-21,BUY,EXACT/ACCEPTABLE MATCH,17.1,11.4,17.054999999999154,0.5511580181765152
AUDJPY_AMR,2025-10-22,BUY,EXACT/ACCEPTABLE MATCH,18.1,12.1,18.097499999999656,0.5580881337201377
AUDJPY_AMR,2025-10-23,SELL,EXACT/ACCEPTABLE MATCH,18.2,12.1,18.18750000000051,-1.110652920962168
AUDJPY_AMR,2025-10-24,BUY,EXACT/ACCEPTABLE MATCH,26.7,17.8,26.70749999999984,0.5915941215014545
AUDJPY_AMR,2025-10-27,SELL,EXACT/ACCEPTABLE MATCH,89.0,59.3,88.95000000000053,0.6441821247892036
AUDJPY_AMR,2025-10-28,BUY,MISMATCH (false positive -- reconstructed signal not in history),,,,
AUDJPY_AMR,2025-10-29,BUY,EXACT/ACCEPTABLE MATCH,27.2,18.1,27.20250000000135,0.5918573660508851
AUDJPY_AMR,2025-10-30,SELL,EXACT/ACCEPTABLE MATCH,26.0,17.3,26.002499999999884,0.588404961061439
AUDJPY_AMR,2025-10-31,BUY,EXACT/ACCEPTABLE MATCH,20.3,13.6,20.324999999998997,0.5658056580566085
AUDJPY_AMR,2025-11-03,BUY,EXACT/ACCEPTABLE MATCH,13.5,9.0,13.50750000000076,0.5182306126225878
AUDJPY_AMR,2025-11-04,SELL,EXACT/ACCEPTABLE MATCH,14.2,9.5,14.24249999999958,0.5265929436545705
AUDJPY_AMR,2025-11-05,SELL,EXACT/ACCEPTABLE MATCH,14.4,9.6,14.430000000001542,0.5266805266804704
AUDJPY_AMR,2025-11-06,BUY,EXACT/ACCEPTABLE MATCH,15.2,10.1,15.217499999999973,0.5322819122720561
AUDJPY_AMR,2025-11-07,SELL,EXACT/ACCEPTABLE MATCH,25.5,17.0,25.53749999999724,0.5873715124817082
AUDJPY_AMR,2025-11-10,SELL,EXACT/ACCEPTABLE MATCH,49.0,32.7,48.99750000000012,-1.040869432113881
AUDJPY_AMR,2025-11-11,SELL,EXACT/ACCEPTABLE MATCH,16.1,10.7,16.064999999998264,0.5415499533147177
AUDJPY_AMR,2025-11-12,BUY,EXACT/ACCEPTABLE MATCH,17.4,11.6,17.422500000000696,0.5510116229013986
AUDJPY_AMR,2025-11-13,BUY,EXACT/ACCEPTABLE MATCH,13.4,9.0,13.425000000000152,0.521415270018616
AUDJPY_AMR,2025-11-14,SELL,EXACT/ACCEPTABLE MATCH,21.0,14.0,21.044999999999447,0.5702066999287392
AUDJPY_AMR,2025-11-17,BUY,EXACT/ACCEPTABLE MATCH,19.2,12.8,19.23749999999913,0.5614035087719552
AUDJPY_AMR,2025-11-24,SELL,EXACT/ACCEPTABLE MATCH,36.6,24.4,36.56250000000085,0.6126495726495583
AUDJPY_AMR,2025-11-25,SELL,EXACT/ACCEPTABLE MATCH,19.7,13.2,19.73250000000064,0.5675915368047453
AUDJPY_AMR,2025-11-26,BUY,EXACT/ACCEPTABLE MATCH,18.7,12.5,18.68249999999776,0.5620232838218258
AUDJPY_AMR,2025-11-27,BUY,EXACT/ACCEPTABLE MATCH,14.9,9.9,14.864999999998927,-1.136898755465941
AUDJPY_AMR,2025-11-28,BUY,EXACT/ACCEPTABLE MATCH,9.3,6.2,9.284999999999144,0.4523424878837251
AUDJPY_AMR,2025-12-01,BUY,EXACT/ACCEPTABLE MATCH,27.2,18.1,27.209999999999468,0.5916942300624887
AUDJPY_AMR,2025-12-02,SELL,EXACT/ACCEPTABLE MATCH,23.3,15.5,23.272499999998782,-1.0871199914062228
AUDJPY_AMR,2025-12-03,BUY,EXACT/ACCEPTABLE MATCH,12.2,8.2,12.240000000001316,0.5065359477123639
AUDJPY_AMR,2025-12-04,SELL,EXACT/ACCEPTABLE MATCH,18.9,12.6,18.90000000000072,-1.1058201058200638
AUDJPY_AMR,2025-12-05,BUY,EXACT/ACCEPTABLE MATCH,13.6,9.1,13.612499999999985,0.5215794306703404
AUDJPY_AMR,2025-12-08,BUY,EXACT/ACCEPTABLE MATCH,22.9,15.2,22.867500000000263,0.5772384388323974
AUDJPY_AMR,2025-12-10,BUY,EXACT/ACCEPTABLE MATCH,12.8,8.5,12.802499999996542,-1.1560242140210115
AUDJPY_AMR,2025-12-11,BUY,EXACT/ACCEPTABLE MATCH,32.4,21.6,32.414999999999594,-1.0612370815980388
AUDJPY_AMR,2025-12-12,SELL,EXACT/ACCEPTABLE MATCH,17.7,11.8,17.662499999998005,-1.1153573956122986
AUDJPY_AMR,2025-12-15,BUY,EXACT/ACCEPTABLE MATCH,14.6,9.7,14.60999999999899,0.5270362765229659
AUDJPY_AMR,2025-12-16,BUY,EXACT/ACCEPTABLE MATCH,19.3,12.9,19.342500000000484,0.5635259144371062
AUDJPY_AMR,2025-12-17,BUY,EXACT/ACCEPTABLE MATCH,25.7,17.1,25.65749999999909,0.588521874695529
AUDJPY_AMR,2025-12-18,BUY,EXACT/ACCEPTABLE MATCH,23.0,15.3,22.972500000001617,0.5789530960931142
AUDJPY_AMR,2025-12-19,SELL,EXACT/ACCEPTABLE MATCH,24.1,16.1,24.127499999999458,0.5843953994404856
AUDJPY_AMR,2025-12-22,BUY,EXACT/ACCEPTABLE MATCH,24.1,16.1,24.090000000000344,0.5853051058530426
AUDJPY_AMR,2025-12-23,BUY,EXACT/ACCEPTABLE MATCH,26.2,17.5,26.242499999999325,-1.0745927407831084
AUDJPY_AMR,2025-12-24,BUY,EXACT/ACCEPTABLE MATCH,17.8,11.9,17.782499999999857,0.5567271193589248
AUDJPY_AMR,2025-12-26,BUY,EXACT/ACCEPTABLE MATCH,16.2,10.8,16.177499999999867,0.5439653840210213
AUDJPY_AMR,2025-12-29,BUY,EXACT/ACCEPTABLE MATCH,39.3,26.2,39.30750000000032,0.6156585893277314
AUDJPY_AMR,2025-12-30,BUY,EXACT/ACCEPTABLE MATCH,21.0,14.0,21.007500000002462,0.5712245626561272
AUDJPY_AMR,2025-12-31,BUY,EXACT/ACCEPTABLE MATCH,20.0,13.3,19.994999999998697,0.5651412853213672
AUDJPY_AMR,2026-01-02,SELL,EXACT/ACCEPTABLE MATCH,32.6,21.7,32.56499999999818,-1.0624904038078284
AUDJPY_AMR,2026-01-05,BUY,EXACT/ACCEPTABLE MATCH,32.1,21.4,32.12250000000054,0.6039380496536593
AUDJPY_AMR,2026-01-06,SELL,EXACT/ACCEPTABLE MATCH,20.1,13.4,20.054999999996426,-1.1019695836451728
AUDJPY_AMR,2026-01-07,BUY,EXACT/ACCEPTABLE MATCH,13.0,8.7,12.982499999998254,0.5160793375698749
AUDJPY_AMR,2026-01-08,SELL,EXACT/ACCEPTABLE MATCH,16.7,11.1,16.679999999999495,0.5455635491606879
AUDJPY_AMR,2026-01-12,BUY,EXACT/ACCEPTABLE MATCH,15.0,10.0,14.955000000001917,0.5349381477765948
AUDJPY_AMR,2026-01-13,BUY,EXACT/ACCEPTABLE MATCH,15.8,10.5,15.780000000001593,0.5386565272496288
AUDJPY_AMR,2026-01-14,SELL,EXACT/ACCEPTABLE MATCH,12.7,8.5,12.712499999997815,-1.156342182891054
AUDJPY_AMR,2026-01-16,BUY,EXACT/ACCEPTABLE MATCH,13.1,8.7,13.065000000000992,0.5128205128204739
AUDJPY_AMR,2026-01-19,BUY,EXACT/ACCEPTABLE MATCH,51.2,34.1,51.20249999999871,0.626922513549159
AUDJPY_AMR,2026-01-20,BUY,EXACT/ACCEPTABLE MATCH,13.6,9.1,13.597499999997352,0.5221548078691952
AUDJPY_AMR,2026-01-21,BUY,EXACT/ACCEPTABLE MATCH,15.3,10.2,15.262499999999337,0.5372645372645606
AUDJPY_AMR,2026-01-22,SELL,EXACT/ACCEPTABLE MATCH,56.9,38.0,56.94750000000184,-1.0342859651433003
AUDJPY_AMR,2026-01-23,SELL,EXACT/ACCEPTABLE MATCH,16.1,10.7,16.10249999999951,-1.124049060704894
AUDJPY_AMR,2026-01-26,BUY,EXACT/ACCEPTABLE MATCH,78.1,52.1,78.112500000001,0.6413826212193868
AUDJPY_AMR,2026-01-27,SELL,MISMATCH (false positive -- reconstructed signal not in history),,,,
AUDJPY_AMR,2026-01-28,SELL,MISMATCH (false positive -- reconstructed signal not in history),,,,
AUDJPY_AMR,2026-01-29,BUY,EXACT/ACCEPTABLE MATCH,36.7,24.5,36.73500000000232,0.6124948958758291
AUDJPY_AMR,2026-01-30,BUY,EXACT/ACCEPTABLE MATCH,23.0,15.3,22.95750000000112,-1.0889687465969196
AUDJPY_AMR,2026-02-02,SELL,EXACT/ACCEPTABLE MATCH,23.4,15.6,23.422500000001637,-1.0844273668480404
AUDJPY_AMR,2026-02-03,SELL,EXACT/ACCEPTABLE MATCH,13.9,9.2,13.852500000001555,-1.1478072550079923
AUDJPY_AMR,2026-02-04,SELL,EXACT/ACCEPTABLE MATCH,44.6,29.7,44.55000000000169,-1.0460157126823395
AUDJPY_AMR,2026-02-05,SELL,EXACT/ACCEPTABLE MATCH,20.3,13.5,20.265000000001265,0.5674808783616719
AUDJPY_AMR,2026-02-06,BUY,EXACT/ACCEPTABLE MATCH,107.2,71.5,107.17499999999802,0.6475390716118617
AUDJPY_AMR,2026-02-09,BUY,EXACT/ACCEPTABLE MATCH,22.5,15.0,22.484999999998223,0.5781632199244398
AUDJPY_AMR,2026-02-10,BUY,EXACT/ACCEPTABLE MATCH,24.7,16.4,24.65999999999795,0.5839416058394646
AUDJPY_AMR,2026-02-12,SELL,EXACT/ACCEPTABLE MATCH,26.6,17.8,26.625000000001364,0.593427230046918
AUDJPY_AMR,2026-02-13,SELL,EXACT/ACCEPTABLE MATCH,47.4,31.6,47.42999999999924,0.6240775880244671
AUDJPY_AMR,2026-02-16,BUY,EXACT/ACCEPTABLE MATCH,47.6,31.8,47.63249999999744,0.6256232614286801
AUDJPY_AMR,2026-02-17,BUY,EXACT/ACCEPTABLE MATCH,17.1,11.4,17.107499999996634,0.5494666082128803
AUDJPY_AMR,2026-02-18,BUY,EXACT/ACCEPTABLE MATCH,18.4,12.3,18.404999999997077,0.5596305351807465
AUDJPY_AMR,2026-02-19,SELL,EXACT/ACCEPTABLE MATCH,36.2,24.2,36.240000000000805,-1.0540838852096897
AUDJPY_AMR,2026-02-20,SELL,EXACT/ACCEPTABLE MATCH,27.1,18.0,27.05250000000277,0.5914425653820669
AUDJPY_AMR,2026-02-23,BUY,EXACT/ACCEPTABLE MATCH,37.3,24.9,37.32749999999854,-1.052843078159575
AUDJPY_AMR,2026-02-24,SELL,EXACT/ACCEPTABLE MATCH,33.2,22.2,33.23249999999902,-1.0592040923794792
AUDJPY_AMR,2026-02-25,BUY,EXACT/ACCEPTABLE MATCH,15.6,10.4,15.622499999998496,0.5376860297648142
AUDJPY_AMR,2026-02-26,BUY,EXACT/ACCEPTABLE MATCH,22.3,14.9,22.33499999999964,-1.0879785090665053
AUDJPY_AMR,2026-03-02,BUY,EXACT/ACCEPTABLE MATCH,146.7,97.8,146.7450000000028,0.6528331459334095
AUDJPY_AMR,2026-03-03,SELL,EXACT/ACCEPTABLE MATCH,55.3,36.8,55.26749999999936,0.629664812050489
AUDJPY_AMR,2026-03-04,BUY,EXACT/ACCEPTABLE MATCH,31.7,21.1,31.724999999998005,0.6020488573680443
AUDJPY_AMR,2026-03-05,BUY,EXACT/ACCEPTABLE MATCH,25.1,16.7,25.11750000000248,-1.0789290335422446
AUDJPY_AMR,2026-03-06,SELL,EXACT/ACCEPTABLE MATCH,34.8,23.2,34.83750000000114,-1.0563329745245438
AUDJPY_AMR,2026-03-09,BUY,EXACT/ACCEPTABLE MATCH,32.5,21.7,32.534999999999314,-1.0603964960811658
AUDJPY_AMR,2026-03-10,BUY,EXACT/ACCEPTABLE MATCH,25.0,16.6,24.960000000001514,0.5849358974358619
AUDJPY_AMR,2026-03-11,SELL,EXACT/ACCEPTABLE MATCH,12.1,8.1,12.112499999999216,-1.164086687306577
AUDJPY_AMR,2026-03-12,BUY,EXACT/ACCEPTABLE MATCH,25.4,16.9,25.372500000000286,0.5872499753670246
AUDJPY_AMR,2026-03-13,SELL,EXACT/ACCEPTABLE MATCH,16.7,11.1,16.664999999998997,0.5460546054605789
AUDJPY_AMR,2026-03-17,SELL,EXACT/ACCEPTABLE MATCH,24.1,16.1,24.134999999999707,-1.081417029210703
AUDJPY_AMR,2026-03-18,SELL,EXACT/ACCEPTABLE MATCH,22.2,14.8,22.192500000003434,0.57677143178993
AUDJPY_AMR,2026-03-19,SELL,EXACT/ACCEPTABLE MATCH,37.2,24.8,37.16250000000159,0.6135216952572897
AUDJPY_AMR,2026-03-20,SELL,EXACT/ACCEPTABLE MATCH,29.8,19.9,29.812499999998465,-1.0666666666667215
AUDJPY_AMR,2026-03-24,BUY,EXACT/ACCEPTABLE MATCH,22.2,14.8,22.222500000000167,-1.088986387670146
AUDJPY_AMR,2026-03-27,BUY,EXACT/ACCEPTABLE MATCH,19.8,13.2,19.792500000002637,-1.1014273083237136
AUDJPY_AMR,2026-03-30,BUY,EXACT/ACCEPTABLE MATCH,32.3,21.5,32.25750000000076,-1.063318608075616
AUDJPY_AMR,2026-03-31,SELL,EXACT/ACCEPTABLE MATCH,20.6,13.7,20.60999999999993,0.5676855895196526
AUDJPY_AMR,2026-04-01,SELL,EXACT/ACCEPTABLE MATCH,29.2,19.4,29.15250000000213,0.5968613326472421
AUDJPY_AMR,2026-04-03,BUY,EXACT/ACCEPTABLE MATCH,15.3,10.2,15.322500000001329,0.5351607113721187
AUDJPY_AMR,2026-04-06,BUY,EXACT/ACCEPTABLE MATCH,24.8,16.5,24.817499999998915,0.5842651354890958
AUDJPY_AMR,2026-04-07,SELL,EXACT/ACCEPTABLE MATCH,12.7,8.5,12.727500000000449,0.510705165979161
AUDJPY_AMR,2026-04-08,SELL,EXACT/ACCEPTABLE MATCH,41.0,27.3,41.01750000000166,-1.0483330285853174
AUDJPY_AMR,2026-04-13,BUY,EXACT/ACCEPTABLE MATCH,142.8,95.2,142.79249999999948,0.6526953446434536
AUDJPY_AMR,2026-04-14,BUY,EXACT/ACCEPTABLE MATCH,25.1,16.7,25.065000000000737,-1.081188908836992
AUDJPY_AMR,2026-04-15,BUY,EXACT/ACCEPTABLE MATCH,24.4,16.3,24.3824999999994,0.58648620937149
AUDJPY_AMR,2026-04-17,BUY,EXACT/ACCEPTABLE MATCH,16.1,10.7,16.07999999999663,0.5410447761195163
AUDJPY_AMR,2026-04-20,BUY,EXACT/ACCEPTABLE MATCH,66.6,44.4,66.57000000000153,0.6369235391317264
AUDJPY_AMR,2026-04-23,BUY,EXACT/ACCEPTABLE MATCH,21.8,14.5,21.77250000000228,0.5741187277528391
AUDJPY_AMR,2026-04-24,BUY,EXACT/ACCEPTABLE MATCH,32.4,21.6,32.3849999999986,0.6052184653389177
AUDJPY_AMR,2026-04-27,BUY,EXACT/ACCEPTABLE MATCH,21.1,14.1,21.142500000002684,0.5723069646446004
AUDJPY_AMR,2026-04-28,BUY,EXACT/ACCEPTABLE MATCH,13.0,8.6,12.967499999999887,0.5089647194910397
AUDJPY_AMR,2026-04-29,BUY,EXACT/ACCEPTABLE MATCH,13.3,8.9,13.31249999999855,0.5183098591549861
AUDJPY_AMR,2026-05-01,SELL,EXACT/ACCEPTABLE MATCH,34.1,22.7,34.095000000002074,0.6071271447425939
AUDJPY_AMR,2026-05-04,BUY,EXACT/ACCEPTABLE MATCH,18.4,12.2,18.375000000002476,0.5605442176869995
AUDJPY_AMR,2026-05-06,BUY,EXACT/ACCEPTABLE MATCH,19.4,12.9,19.410000000002725,0.5615662029880716
AUDJPY_AMR,2026-05-07,BUY,EXACT/ACCEPTABLE MATCH,21.6,14.4,21.60000000000082,0.5740740740740523
AUDJPY_AMR,2026-05-08,BUY,EXACT/ACCEPTABLE MATCH,40.7,27.1,40.672500000003,0.6171245927837765
AUDJPY_AMR,2026-05-11,BUY,EXACT/ACCEPTABLE MATCH,56.2,37.4,56.15250000000103,0.6304260718578755
AUDJPY_AMR,2026-05-12,BUY,EXACT/ACCEPTABLE MATCH,9.9,6.6,9.899999999998244,0.4646464646465471
AUDJPY_AMR,2026-05-14,BUY,EXACT/ACCEPTABLE MATCH,21.9,14.6,21.945000000001613,0.5741626794257951
AUDJPY_AMR,2026-05-15,BUY,EXACT/ACCEPTABLE MATCH,22.3,14.9,22.28250000000216,-1.0905419050823582
AUDJPY_AMR,2026-05-18,BUY,EXACT/ACCEPTABLE MATCH,28.1,18.7,28.087500000000887,0.5945705384957534
AUDJPY_AMR,2026-05-19,BUY,EXACT/ACCEPTABLE MATCH,21.7,14.5,21.719999999998407,0.5755064456722337
AUDJPY_AMR,2026-05-20,BUY,EXACT/ACCEPTABLE MATCH,19.6,13.1,19.634999999999536,0.5653170359052845
AUDJPY_AMR,2026-05-21,BUY,EXACT/ACCEPTABLE MATCH,18.9,12.6,18.9224999999972,0.560179680274888
AUDJPY_AMR,2026-05-25,SELL,EXACT/ACCEPTABLE MATCH,21.8,14.5,21.82499999999763,-1.0904925544101989
AUDJPY_AMR,2026-05-26,BUY,EXACT/ACCEPTABLE MATCH,21.4,14.3,21.427500000001487,0.5740287014350319
AUDJPY_AMR,2026-05-27,SELL,EXACT/ACCEPTABLE MATCH,15.5,10.3,15.47249999999778,0.5364356115689896
AUDJPY_AMR,2026-05-28,BUY,EXACT/ACCEPTABLE MATCH,15.6,10.4,15.562500000000767,0.5397590361445517
AUDJPY_AMR,2026-05-29,BUY,EXACT/ACCEPTABLE MATCH,14.9,9.9,14.917500000000672,0.529579353108741
AUDJPY_AMR,2026-06-01,BUY,EXACT/ACCEPTABLE MATCH,21.5,14.4,21.52499999999833,0.5714285714286158
AUDJPY_AMR,2026-06-03,BUY,EXACT/ACCEPTABLE MATCH,16.2,10.8,16.15499999999912,0.5447229959765076
AUDJPY_AMR,2026-06-04,BUY,EXACT/ACCEPTABLE MATCH,9.5,6.3,9.464999999998724,0.4543053354464426
AUDJPY_AMR,2026-06-05,BUY,EXACT/ACCEPTABLE MATCH,12.0,8.0,12.007500000002125,-1.1659379554443077
AUDJPY_AMR,2026-06-08,BUY,EXACT/ACCEPTABLE MATCH,46.2,30.8,46.154999999999546,0.6239844003899964
AUDJPY_AMR,2026-06-09,BUY,EXACT/ACCEPTABLE MATCH,12.8,8.6,12.839999999999918,-1.152647975077889
AUDJPY_AMR,2026-06-15,BUY,EXACT/ACCEPTABLE MATCH,26.9,17.9,26.887500000003683,0.591352859135205
AUDJPY_AMR,2026-06-16,BUY,EXACT/ACCEPTABLE MATCH,8.8,5.9,8.842500000001507,0.4410517387615872
AUDJPY_AMR,2026-06-17,BUY,EXACT/ACCEPTABLE MATCH,16.9,11.3,16.920000000001068,-1.1170212765956742
AUDJPY_AMR,2026-06-18,SELL,EXACT/ACCEPTABLE MATCH,29.2,19.4,29.16000000000025,0.596707818930036
AUDJPY_AMR,2026-06-19,BUY,EXACT/ACCEPTABLE MATCH,20.2,13.5,20.23500000000027,-1.0971089696071017
AUDJPY_AMR,2026-06-22,BUY,EXACT/ACCEPTABLE MATCH,9.5,6.4,9.532499999998834,-1.2063991607659488
AUDJPY_AMR,2026-06-23,BUY,EXACT/ACCEPTABLE MATCH,11.9,7.9,11.880000000000024,-1.1700336700336678
AUDJPY_AMR,2026-06-24,SELL,EXACT/ACCEPTABLE MATCH,8.4,5.6,8.37749999999673,0.4297224709043755
AUDJPY_AMR,2026-06-25,BUY,EXACT/ACCEPTABLE MATCH,18.9,12.6,18.91500000000121,0.5604017975151636
AUDJPY_AMR,2026-06-26,BUY,EXACT/ACCEPTABLE MATCH,17.9,11.9,17.917500000000075,-1.1106460164643457
AUDJPY_AMR,2026-06-29,BUY,EXACT/ACCEPTABLE MATCH,19.1,12.7,19.05749999999955,0.5614587432769383
AUDJPY_AMR,2026-06-30,BUY,EXACT/ACCEPTABLE MATCH,15.1,10.0,15.067499999999256,0.5309440849510798
AUDJPY_AMR,2026-07-01,BUY,EXACT/ACCEPTABLE MATCH,20.1,13.4,20.085000000001685,-1.100323624595377
AUDJPY_AMR,2026-07-02,BUY,EXACT/ACCEPTABLE MATCH,8.5,5.7,8.519999999997196,-1.232394366197589
AUDJPY_AMR,2026-07-03,SELL,EXACT/ACCEPTABLE MATCH,17.4,11.6,17.369999999998953,-1.116868163500355
AUDJPY_AMR,2026-07-07,BUY,EXACT/ACCEPTABLE MATCH,7.0,4.7,11.332500000001032,-1.173615707037175
AUDJPY_AMR,2026-07-08,SELL,EXACT/ACCEPTABLE MATCH,16.8,11.2,16.807499999999465,-1.1185482671426803
AUDJPY_AMR,2026-07-10,BUY,EXACT/ACCEPTABLE MATCH,7.7,5.1,7.665000000000788,0.4044357469014588
AUDJPY_AMR,2026-07-13,BUY,EXACT/ACCEPTABLE MATCH,13.9,9.3,13.919999999999533,0.5244252873563394
AUDJPY_AMR,2026-07-15,BUY,EXACT/ACCEPTABLE MATCH,13.4,8.9,13.387499999998909,0.515406162465028
AUDJPY_AMR,2026-07-16,BUY,EXACT/ACCEPTABLE MATCH,19.2,12.8,19.185000000003782,-1.1050299713315517
AUDJPY_AMR,2026-07-17,BUY,EXACT/ACCEPTABLE MATCH,9.5,6.4,9.539999999999084,0.4612159329140905
AUDJPY_AMR,2026-07-20,BUY,EXACT/ACCEPTABLE MATCH,42.5,28.3,42.49499999999955,0.6188963407459767
AUDJPY_AMR,2026-07-21,BUY,EXACT/ACCEPTABLE MATCH,15.7,10.5,15.697500000000986,0.5414874980092031
AUDJPY_AMR,2026-07-22,SELL,EXACT/ACCEPTABLE MATCH,17.8,11.9,17.85000000000423,0.5546218487393644
AUDJPY_AMR,2026-07-23,BUY,EXACT/ACCEPTABLE MATCH,11.7,7.8,11.6624999999992,-1.1747052518757506
AUDJPY_AMR,2026-07-24,SELL,EXACT/ACCEPTABLE MATCH,17.7,11.8,17.662500000000136,-1.115357395612164
AUDJPY_AMR,2026-07-27,SELL,EXACT/ACCEPTABLE MATCH,19.2,12.8,19.1775000000014,0.5631599530699628
AUDJPY_AMR,2026-07-29,BUY,EXACT/ACCEPTABLE MATCH,12.1,8.1,12.075000000002234,0.5051759834367595
AUDJPY_AMR,2026-07-31,SELL,EXACT/ACCEPTABLE MATCH,61.5,41.0,61.48500000000325,0.6343010490363168
AUDJPY_AMR,2026-08-03,BUY,EXACT/ACCEPTABLE MATCH,203.6,135.7,203.61749999999788,0.6566233255982487
AUDJPY_AMR,2026-08-04,SELL,MISMATCH (false positive -- reconstructed signal not in history),,,,
AUDJPY_AMR,2026-08-05,BUY,EXACT/ACCEPTABLE MATCH,24.1,16.1,24.13499999999757,0.5842137973897417
AUDJPY_AMR,2026-08-07,BUY,EXACT/ACCEPTABLE MATCH,13.8,9.2,13.769999999996683,0.52287581699359
AUDJPY_AMR,2026-08-11,BUY,EXACT/ACCEPTABLE MATCH,11.3,7.6,11.340000000001282,-1.172839506172707
AUDJPY_AMR,2026-08-13,BUY,MISMATCH (false positive -- reconstructed signal not in history),,,,
AUDJPY_AMR,2023-08-01,BUY,MISMATCH (false negative -- historical trade not reconstructed),,,,
AUDJPY_AMR,2024-03-26,SELL,MISMATCH (false negative -- historical trade not reconstructed),,,,
CADJPY_AMR,2023-08-02,BUY,EXACT/ACCEPTABLE MATCH,20.3,13.5,20.325000000003257,0.5707257072569811
CADJPY_AMR,2023-08-04,SELL,EXACT/ACCEPTABLE MATCH,22.0,14.7,21.989999999996712,0.577535243292492
CADJPY_AMR,2023-08-08,BUY,EXACT/ACCEPTABLE MATCH,10.4,6.9,10.4175000000005,0.4703623710102966
CADJPY_AMR,2023-08-09,BUY,EXACT/ACCEPTABLE MATCH,19.2,12.8,19.18499999999952,0.5629397967161986
CADJPY_AMR,2023-08-10,SELL,EXACT/ACCEPTABLE MATCH,13.7,9.1,13.680000000000092,-1.1476608187134425
CADJPY_AMR,2023-08-11,SELL,EXACT/ACCEPTABLE MATCH,18.4,12.3,18.412500000001582,0.5594025797691304
CADJPY_AMR,2023-08-14,BUY,MISMATCH (false positive -- reconstructed signal not in history),,,,
CADJPY_AMR,2023-08-15,BUY,MISMATCH (false positive -- reconstructed signal not in history),,,,
CADJPY_AMR,2023-08-22,SELL,EXACT/ACCEPTABLE MATCH,8.6,5.7,8.565000000000822,0.4319906596613713
CADJPY_AMR,2023-08-23,BUY,EXACT/ACCEPTABLE MATCH,11.9,7.9,11.880000000000024,0.4966329966329956
CADJPY_AMR,2023-08-28,SELL,EXACT/ACCEPTABLE MATCH,27.5,18.3,27.45000000000104,0.5938069216757517
CADJPY_AMR,2023-08-29,BUY,EXACT/ACCEPTABLE MATCH,7.5,5.0,10.394999999999754,0.4713804713804825
CADJPY_AMR,2023-08-31,BUY,EXACT/ACCEPTABLE MATCH,21.6,14.4,21.562500000001705,-1.094492753623102
CADJPY_AMR,2023-09-01,SELL,EXACT/ACCEPTABLE MATCH,14.6,9.8,14.647500000000235,0.5325140809011691
CADJPY_AMR,2023-09-04,BUY,EXACT/ACCEPTABLE MATCH,10.0,6.7,10.012500000001978,0.4694132334580845
CADJPY_AMR,2023-09-05,BUY,EXACT/ACCEPTABLE MATCH,12.6,8.4,12.614999999998844,0.5073325406262851
CADJPY_AMR,2023-09-06,BUY,EXACT/ACCEPTABLE MATCH,20.9,14.0,20.939999999998093,0.5730659025788487
CADJPY_AMR,2023-09-07,SELL,EXACT/ACCEPTABLE MATCH,14.9,9.9,14.902499999998042,0.5301123972488534
CADJPY_AMR,2023-09-08,SELL,EXACT/ACCEPTABLE MATCH,9.2,6.2,9.24750000000003,0.4541768045417665
CADJPY_AMR,2023-09-11,BUY,EXACT/ACCEPTABLE MATCH,101.1,67.4,101.12250000000174,0.6467403396870022
CADJPY_AMR,2023-09-12,SELL,MISMATCH (false positive -- reconstructed signal not in history),,,,
CADJPY_AMR,2023-09-13,SELL,EXACT/ACCEPTABLE MATCH,8.6,5.7,8.587500000001569,-1.2343522561860918
CADJPY_AMR,2023-09-18,BUY,EXACT/ACCEPTABLE MATCH,21.8,14.5,21.77249999999802,0.5741187277529516
CADJPY_AMR,2023-09-19,BUY,EXACT/ACCEPTABLE MATCH,20.3,13.5,20.257500000001016,0.5676909786498543
CADJPY_AMR,2023-09-20,BUY,EXACT/ACCEPTABLE MATCH,11.7,7.8,11.669999999997316,-1.17395029991458
CADJPY_AMR,2023-09-26,BUY,EXACT/ACCEPTABLE MATCH,11.3,7.5,11.250000000000426,0.4888888888888704
CADJPY_AMR,2023-09-27,BUY,EXACT/ACCEPTABLE MATCH,9.9,6.6,9.92249999999899,0.4635928445452726
CADJPY_AMR,2023-10-03,BUY,EXACT/ACCEPTABLE MATCH,12.6,8.4,12.600000000000476,0.5079365079364887
CADJPY_AMR,2023-10-05,BUY,EXACT/ACCEPTABLE MATCH,22.1,14.7,22.065000000001334,-1.092227509630571
CADJPY_AMR,2023-10-06,SELL,EXACT/ACCEPTABLE MATCH,12.0,8.0,12.045000000001238,0.4981320049812688
CADJPY_AMR,2023-10-09,BUY,EXACT/ACCEPTABLE MATCH,41.5,27.7,41.51250000000104,0.6190906353507825
CADJPY_AMR,2023-10-10,SELL,EXACT/ACCEPTABLE MATCH,21.5,14.4,21.52500000000046,0.5760743321718809
CADJPY_AMR,2023-10-12,BUY,EXACT/ACCEPTABLE MATCH,23.3,15.5,23.264999999998537,0.580270793036787
CADJPY_AMR,2023-10-13,SELL,EXACT/ACCEPTABLE MATCH,9.1,6.1,9.090000000003329,0.4510451045102858
CADJPY_AMR,2023-10-16,BUY,EXACT/ACCEPTABLE MATCH,32.6,21.7,32.60999999999967,0.6041091689665807
CADJPY_AMR,2023-10-17,SELL,MISMATCH (false positive -- reconstructed signal not in history),,,,
CADJPY_AMR,2023-10-18,BUY,EXACT/ACCEPTABLE MATCH,10.3,6.8,10.267500000001917,0.4674945215484883
CADJPY_AMR,2023-10-20,BUY,EXACT/ACCEPTABLE MATCH,23.5,15.7,23.504999999997978,0.5828547117635047
CADJPY_AMR,2023-10-24,SELL,EXACT/ACCEPTABLE MATCH,15.2,10.2,15.240000000002851,0.5380577427820515
CADJPY_AMR,2023-10-30,SELL,EXACT/ACCEPTABLE MATCH,20.8,13.8,20.767500000000894,0.5681954977729381
CADJPY_AMR,2023-10-31,SELL,EXACT/ACCEPTABLE MATCH,14.3,9.5,14.279999999998694,-1.1414565826331575
CADJPY_AMR,2023-11-01,BUY,EXACT/ACCEPTABLE MATCH,24.6,16.4,24.62250000000097,-1.0803127221037243
CADJPY_AMR,2023-11-02,BUY,EXACT/ACCEPTABLE MATCH,20.9,13.9,20.857499999999614,-1.097926405369791
CADJPY_AMR,2023-11-03,BUY,EXACT/ACCEPTABLE MATCH,15.5,10.3,15.517499999999274,0.534879974222677
CADJPY_AMR,2023-11-06,SELL,EXACT/ACCEPTABLE MATCH,20.8,13.9,20.78249999999926,-1.0970768675568778
CADJPY_AMR,2023-11-07,BUY,EXACT/ACCEPTABLE MATCH,15.3,10.2,15.2774999999977,0.5367370315824731
CADJPY_AMR,2023-11-08,BUY,EXACT/ACCEPTABLE MATCH,17.1,11.4,17.0925000000004,0.5499488079566933
CADJPY_AMR,2023-11-14,SELL,EXACT/ACCEPTABLE MATCH,9.2,6.1,9.17999999999779,0.4466230936820247
CADJPY_AMR,2023-11-15,SELL,EXACT/ACCEPTABLE MATCH,17.1,11.4,17.08499999999802,-1.117939713198842
CADJPY_AMR,2023-11-16,BUY,EXACT/ACCEPTABLE MATCH,17.0,11.3,16.9499999999978,-1.1150442477877551
CADJPY_AMR,2023-11-20,BUY,EXACT/ACCEPTABLE MATCH,29.0,19.3,28.957499999999925,0.5974272640939323
CADJPY_AMR,2023-11-21,BUY,EXACT/ACCEPTABLE MATCH,8.8,5.9,8.819999999996497,0.4421768707484749
CADJPY_AMR,2023-11-22,BUY,EXACT/ACCEPTABLE MATCH,28.0,18.7,28.042499999999396,0.5955246500847058
CADJPY_AMR,2023-11-23,BUY,EXACT/ACCEPTABLE MATCH,14.6,9.7,14.580000000000126,-1.1385459533607585
CADJPY_AMR,2023-11-24,BUY,EXACT/ACCEPTABLE MATCH,14.9,9.9,14.917500000000672,0.529579353108741
CADJPY_AMR,2023-11-27,BUY,EXACT/ACCEPTABLE MATCH,23.0,15.4,23.025000000001228,-1.0857763300759464
CADJPY_AMR,2023-11-28,BUY,EXACT/ACCEPTABLE MATCH,20.0,13.3,19.957499999999584,0.5662031817612545
CADJPY_AMR,2023-11-29,BUY,EXACT/ACCEPTABLE MATCH,13.8,9.2,13.807500000002191,-1.1443056309974644
CADJPY_AMR,2023-11-30,BUY,EXACT/ACCEPTABLE MATCH,20.5,13.6,20.47499999999971,0.5665445665445745
CADJPY_AMR,2023-12-01,BUY,EXACT/ACCEPTABLE MATCH,16.0,10.7,15.99000000000217,0.5440900562851044
CADJPY_AMR,2023-12-04,BUY,EXACT/ACCEPTABLE MATCH,30.5,20.3,30.45750000000069,-1.0670606582943205
CADJPY_AMR,2023-12-05,BUY,EXACT/ACCEPTABLE MATCH,11.6,7.7,11.565000000000223,0.4928664072632848
CADJPY_AMR,2023-12-06,SELL,EXACT/ACCEPTABLE MATCH,20.0,13.3,19.965000000001965,-1.101928374655539
CADJPY_AMR,2023-12-07,BUY,EXACT/ACCEPTABLE MATCH,21.6,14.4,21.622499999999437,-1.091455659613857
CADJPY_AMR,2023-12-08,BUY,EXACT/ACCEPTABLE MATCH,60.1,40.0,60.05999999999858,0.6327006327006477
CADJPY_AMR,2023-12-11,SELL,EXACT/ACCEPTABLE MATCH,19.2,12.8,19.22999999999888,-1.102444097763975
CADJPY_AMR,2023-12-12,BUY,EXACT/ACCEPTABLE MATCH,16.7,11.2,16.747499999999604,-1.116584564860453
CADJPY_AMR,2023-12-13,BUY,EXACT/ACCEPTABLE MATCH,15.2,10.2,15.239999999998588,0.5380577427822021
CADJPY_AMR,2023-12-15,SELL,EXACT/ACCEPTABLE MATCH,22.8,15.2,22.84499999999952,-1.0855767126286069
CADJPY_AMR,2023-12-19,BUY,EXACT/ACCEPTABLE MATCH,20.4,13.6,20.42250000000223,-1.0968294772920824
CADJPY_AMR,2023-12-20,SELL,EXACT/ACCEPTABLE MATCH,15.1,10.1,15.105000000002631,0.5362462760674338
CADJPY_AMR,2023-12-21,BUY,EXACT/ACCEPTABLE MATCH,37.5,25.0,37.54500000000149,0.6125982154747392
CADJPY_AMR,2023-12-22,BUY,EXACT/ACCEPTABLE MATCH,10.9,7.3,10.897499999999384,0.4863500802936729
CADJPY_AMR,2023-12-25,BUY,EXACT/ACCEPTABLE MATCH,47.8,31.9,47.83499999999776,0.6250653287342196
CADJPY_AMR,2023-12-27,BUY,EXACT/ACCEPTABLE MATCH,17.8,11.8,17.752500000000992,0.5520349246584679
CADJPY_AMR,2023-12-28,BUY,EXACT/ACCEPTABLE MATCH,42.4,28.3,42.39000000000033,-1.0474168435951794
CADJPY_AMR,2023-12-29,SELL,EXACT/ACCEPTABLE MATCH,14.2,9.5,14.204999999998336,-1.1404435058079476
CADJPY_AMR,2024-01-02,SELL,EXACT/ACCEPTABLE MATCH,34.5,23.0,34.47749999999985,-1.0586614458705
CADJPY_AMR,2024-01-03,SELL,EXACT/ACCEPTABLE MATCH,18.5,12.3,18.472499999999314,0.5575856002165588
CADJPY_AMR,2024-01-04,BUY,EXACT/ACCEPTABLE MATCH,26.0,17.3,25.96499999999864,0.5892547660312267
CADJPY_AMR,2024-01-05,SELL,EXACT/ACCEPTABLE MATCH,15.2,10.1,15.15749999999798,0.5343889163781018
CADJPY_AMR,2024-01-08,BUY,EXACT/ACCEPTABLE MATCH,49.0,32.7,49.03499999999923,0.6260834098093297
CADJPY_AMR,2024-01-09,BUY,EXACT/ACCEPTABLE MATCH,15.4,10.3,15.442500000001049,-1.1267605633802051
CADJPY_AMR,2024-01-10,BUY,EXACT/ACCEPTABLE MATCH,16.2,10.8,16.192500000000365,0.5434614790798087
CADJPY_AMR,2024-01-15,BUY,EXACT/ACCEPTABLE MATCH,15.9,10.6,15.885000000000815,-1.1268492288321736
CADJPY_AMR,2024-01-16,SELL,EXACT/ACCEPTABLE MATCH,9.4,6.3,9.390000000000498,0.4579339723109448
CADJPY_AMR,2024-01-17,BUY,EXACT/ACCEPTABLE MATCH,15.7,10.4,15.652499999999492,0.5366554863440519
CADJPY_AMR,2024-01-18,SELL,EXACT/ACCEPTABLE MATCH,19.2,12.8,19.230000000001013,0.5616224648985664
CADJPY_AMR,2024-01-19,SELL,EXACT/ACCEPTABLE MATCH,19.9,13.3,19.88250000000136,-1.1014711429648436
CADJPY_AMR,2024-01-22,BUY,EXACT/ACCEPTABLE MATCH,22.4,15.0,22.43999999999886,0.579322638146197
CADJPY_AMR,2024-01-24,SELL,EXACT/ACCEPTABLE MATCH,8.7,5.8,8.707499999997026,0.4364053976458567
CADJPY_AMR,2024-01-25,BUY,EXACT/ACCEPTABLE MATCH,24.4,16.3,24.434999999999008,0.5852261100880123
CADJPY_AMR,2024-01-31,BUY,EXACT/ACCEPTABLE MATCH,28.8,19.2,28.80000000000109,0.5972222222221996
CADJPY_AMR,2024-02-05,SELL,EXACT/ACCEPTABLE MATCH,14.5,9.7,14.520000000000266,0.5303030303030206
CADJPY_AMR,2024-02-06,BUY,EXACT/ACCEPTABLE MATCH,13.7,9.2,13.74749999999807,0.5237315875614483
CADJPY_AMR,2024-02-07,BUY,EXACT/ACCEPTABLE MATCH,20.1,13.4,20.114999999998417,0.5667412378822221
CADJPY_AMR,2024-02-08,SELL,EXACT/ACCEPTABLE MATCH,24.2,16.1,24.202499999997684,-1.0825327961988434
CADJPY_AMR,2024-02-09,BUY,EXACT/ACCEPTABLE MATCH,22.1,14.8,22.13999999999743,0.5781391147245477
CADJPY_AMR,2024-02-14,BUY,EXACT/ACCEPTABLE MATCH,13.5,9.0,13.469999999999516,0.519673348181162
CADJPY_AMR,2024-02-15,BUY,EXACT/ACCEPTABLE MATCH,18.5,12.3,18.49500000000006,-1.1084076777507397
CADJPY_AMR,2024-02-16,SELL,EXACT/ACCEPTABLE MATCH,12.4,8.2,12.352499999996525,-1.1657559198546086
CADJPY_AMR,2024-02-20,SELL,EXACT/ACCEPTABLE MATCH,12.2,8.1,12.15000000000046,0.5020576131687052
CADJPY_AMR,2024-02-22,SELL,EXACT/ACCEPTABLE MATCH,20.1,13.4,20.1075000000003,-1.0990923784657305
CADJPY_AMR,2024-02-23,BUY,EXACT/ACCEPTABLE MATCH,14.2,9.5,14.1900000000021,0.5285412262155665
CADJPY_AMR,2024-02-26,BUY,EXACT/ACCEPTABLE MATCH,9.5,6.3,9.479999999999222,0.4535864978903325
CADJPY_AMR,2024-02-28,BUY,EXACT/ACCEPTABLE MATCH,11.7,7.8,11.65500000000108,0.4976404976404515
CADJPY_AMR,2024-02-29,BUY,EXACT/ACCEPTABLE MATCH,14.9,10.0,14.9325000000033,-1.1317595847980084
CADJPY_AMR,2024-03-01,BUY,EXACT/ACCEPTABLE MATCH,9.1,6.1,9.12749999999818,0.4491920021912701
CADJPY_AMR,2024-03-05,BUY,EXACT/ACCEPTABLE MATCH,11.3,7.5,11.309999999998157,0.4862953138816001
CADJPY_AMR,2024-03-07,BUY,EXACT/ACCEPTABLE MATCH,12.7,8.4,12.659999999998206,0.5055292259084445
CADJPY_AMR,2024-03-08,BUY,EXACT/ACCEPTABLE MATCH,22.3,14.8,22.26000000000141,0.5750224618148781
CADJPY_AMR,2024-03-11,BUY,EXACT/ACCEPTABLE MATCH,15.6,10.4,15.592499999999632,-1.1287477954144889
CADJPY_AMR,2024-03-12,BUY,EXACT/ACCEPTABLE MATCH,17.7,11.8,17.670000000000385,0.5546123372948379
CADJPY_AMR,2024-03-13,BUY,EXACT/ACCEPTABLE MATCH,9.4,6.3,9.419999999999362,0.4564755838641497
CADJPY_AMR,2024-03-15,SELL,EXACT/ACCEPTABLE MATCH,12.5,8.3,12.50999999999962,-1.1590727418065898
CADJPY_AMR,2024-03-18,SELL,EXACT/ACCEPTABLE MATCH,26.0,17.3,25.98749999999725,0.588744588744651
CADJPY_AMR,2024-03-19,SELL,EXACT/ACCEPTABLE MATCH,9.2,6.1,9.17999999999779,0.4466230936820247
CADJPY_AMR,2024-03-20,SELL,EXACT/ACCEPTABLE MATCH,26.7,17.8,26.71500000000009,-1.07430282612764
CADJPY_AMR,2024-03-21,BUY,EXACT/ACCEPTABLE MATCH,41.2,27.5,41.24249999999634,0.6182942353155668
CADJPY_AMR,2024-03-25,BUY,EXACT/ACCEPTABLE MATCH,9.9,6.6,9.870000000001513,-1.2056737588650637
CADJPY_AMR,2024-03-26,BUY,MISMATCH (false positive -- reconstructed signal not in history),,,,
CADJPY_AMR,2024-03-27,BUY,EXACT/ACCEPTABLE MATCH,16.9,11.3,16.874999999999574,0.5451851851851989
CADJPY_AMR,2024-03-28,BUY,EXACT/ACCEPTABLE MATCH,11.1,7.4,11.107499999997827,0.486158001350534
CADJPY_AMR,2024-04-01,BUY,EXACT/ACCEPTABLE MATCH,33.7,22.4,33.67499999999879,0.6057906458797545
CADJPY_AMR,2024-04-02,BUY,MISMATCH (false positive -- reconstructed signal not in history),,,,
CADJPY_AMR,2024-04-03,SELL,MISMATCH (false positive -- reconstructed signal not in history),,,,
CADJPY_AMR,2024-04-05,BUY,EXACT/ACCEPTABLE MATCH,20.0,13.3,20.002499999998943,-1.0998625171854095
CADJPY_AMR,2024-04-08,BUY,EXACT/ACCEPTABLE MATCH,17.0,11.3,16.987499999999045,0.5474613686534524
CADJPY_AMR,2024-04-09,SELL,EXACT/ACCEPTABLE MATCH,9.0,6.0,8.954999999998847,0.4466778336125644
CADJPY_AMR,2024-04-11,BUY,EXACT/ACCEPTABLE MATCH,23.5,15.7,23.48250000000149,0.5834131800276431
CADJPY_AMR,2024-04-12,BUY,EXACT/ACCEPTABLE MATCH,13.1,8.7,13.087499999997476,-1.1537726838588662
CADJPY_AMR,2024-04-15,BUY,EXACT/ACCEPTABLE MATCH,27.9,18.6,27.922499999999676,0.5945026412391511
CADJPY_AMR,2024-04-19,BUY,EXACT/ACCEPTABLE MATCH,8.9,5.9,8.910000000001617,-1.2233445566776682
CADJPY_AMR,2024-04-22,BUY,EXACT/ACCEPTABLE MATCH,17.6,11.8,17.647499999997507,0.5553194503471531
CADJPY_AMR,2024-04-23,SELL,MISMATCH (false positive -- reconstructed signal not in history),,,,
CADJPY_AMR,2024-04-25,SELL,EXACT/ACCEPTABLE MATCH,20.2,13.5,20.18250000000066,-1.099962839093238
CADJPY_AMR,2024-04-29,SELL,EXACT/ACCEPTABLE MATCH,45.7,30.4,45.667500000000416,-1.04450648710789
CADJPY_AMR,2024-04-30,SELL,EXACT/ACCEPTABLE MATCH,36.0,24.0,35.97750000000062,0.6114932944201132
CADJPY_AMR,2024-05-01,BUY,EXACT/ACCEPTABLE MATCH,19.7,13.1,19.6949999999994,0.5635948210205809
CADJPY_AMR,2024-05-06,BUY,EXACT/ACCEPTABLE MATCH,12.8,8.5,12.795000000000556,0.5080109417741084
CADJPY_AMR,2024-05-07,BUY,EXACT/ACCEPTABLE MATCH,11.5,7.7,11.527500000001112,0.4944697462588983
CADJPY_AMR,2024-05-08,BUY,EXACT/ACCEPTABLE MATCH,20.3,13.5,20.294999999998,0.5666420300567201
CADJPY_AMR,2024-05-09,BUY,EXACT/ACCEPTABLE MATCH,7.9,5.3,7.912500000000477,0.4170616113743824
CADJPY_AMR,2024-05-10,BUY,EXACT/ACCEPTABLE MATCH,9.0,6.0,8.962499999999096,0.4463040446304495
CADJPY_AMR,2024-05-13,BUY,EXACT/ACCEPTABLE MATCH,20.0,13.3,20.017500000001576,0.5645060571999057
CADJPY_AMR,2024-05-14,SELL,EXACT/ACCEPTABLE MATCH,7.4,5.0,10.207499999999923,-1.1951996081312848
CADJPY_AMR,2024-05-15,SELL,EXACT/ACCEPTABLE MATCH,16.8,11.2,16.83750000000046,0.5463994060875871
CADJPY_AMR,2024-05-16,BUY,EXACT/ACCEPTABLE MATCH,19.6,13.1,19.60499999999854,-1.101759755164581
CADJPY_AMR,2024-05-17,SELL,MISMATCH (false positive -- reconstructed signal not in history),,,,
CADJPY_AMR,2024-05-20,SELL,EXACT/ACCEPTABLE MATCH,22.2,14.8,22.155000000000054,0.5777476867524246
CADJPY_AMR,2024-05-21,SELL,EXACT/ACCEPTABLE MATCH,15.6,10.4,15.622500000000628,0.5376860297647408
CADJPY_AMR,2024-05-22,BUY,EXACT/ACCEPTABLE MATCH,9.6,6.4,9.645000000002568,0.4561949196473643
CADJPY_AMR,2024-05-23,SELL,EXACT/ACCEPTABLE MATCH,12.2,8.2,12.240000000001316,0.5065359477123639
CADJPY_AMR,2024-05-27,BUY,EXACT/ACCEPTABLE MATCH,14.2,9.5,14.24249999999958,0.5265929436545705
CADJPY_AMR,2024-05-28,BUY,EXACT/ACCEPTABLE MATCH,14.1,9.4,14.077499999998366,0.5256615166045717
CADJPY_AMR,2024-05-29,SELL,EXACT/ACCEPTABLE MATCH,10.4,6.9,10.350000000000392,0.4734299516908034
CADJPY_AMR,2024-05-30,BUY,EXACT/ACCEPTABLE MATCH,18.9,12.6,18.907499999998837,-1.1053814623827205
CADJPY_AMR,2024-05-31,BUY,EXACT/ACCEPTABLE MATCH,11.0,7.3,10.987499999995975,0.482366325369915
CADJPY_AMR,2024-06-04,SELL,EXACT/ACCEPTABLE MATCH,22.8,15.2,22.80749999999827,0.5787569878329936
CADJPY_AMR,2024-06-05,SELL,EXACT/ACCEPTABLE MATCH,17.0,11.4,17.02500000000029,-1.1160058737151055
CADJPY_AMR,2024-06-06,BUY,EXACT/ACCEPTABLE MATCH,23.6,15.7,23.55749999999972,0.581555767802193
CADJPY_AMR,2024-06-07,SELL,EXACT/ACCEPTABLE MATCH,20.0,13.3,19.99500000000083,0.5651412853213069
CADJPY_AMR,2024-06-10,SELL,EXACT/ACCEPTABLE MATCH,16.8,11.2,16.77749999999847,-1.1205483534496627
CADJPY_AMR,2024-06-11,SELL,EXACT/ACCEPTABLE MATCH,8.8,5.9,8.820000000002892,-1.224489795917966
CADJPY_AMR,2024-06-12,SELL,EXACT/ACCEPTABLE MATCH,12.2,8.1,12.187500000001704,0.5005128205127505
CADJPY_AMR,2024-06-17,SELL,EXACT/ACCEPTABLE MATCH,20.1,13.4,20.137499999999164,0.5661080074488131
CADJPY_AMR,2024-06-18,SELL,EXACT/ACCEPTABLE MATCH,8.6,5.8,8.632500000000931,0.4401969302055708
CADJPY_AMR,2024-06-21,SELL,EXACT/ACCEPTABLE MATCH,19.3,12.9,19.31250000000375,0.5644012944982723
CADJPY_AMR,2024-06-25,BUY,EXACT/ACCEPTABLE MATCH,20.9,14.0,20.947500000000478,0.5728607232366502
CADJPY_AMR,2024-06-27,BUY,EXACT/ACCEPTABLE MATCH,13.4,8.9,13.380000000000791,-1.1509715994020246
CADJPY_AMR,2024-06-28,SELL,EXACT/ACCEPTABLE MATCH,17.5,11.6,17.46000000000194,0.549828178694097
CADJPY_AMR,2024-07-01,SELL,EXACT/ACCEPTABLE MATCH,18.7,12.5,18.75000000000213,0.5599999999999363
CADJPY_AMR,2024-07-02,SELL,EXACT/ACCEPTABLE MATCH,13.2,8.8,13.230000000000077,0.5139833711262254
CADJPY_AMR,2024-07-03,SELL,EXACT/ACCEPTABLE MATCH,48.8,32.5,48.76500000000093,-1.0417307495129506
CADJPY_AMR,2024-07-05,SELL,EXACT/ACCEPTABLE MATCH,10.9,7.3,10.897499999999384,0.4863500802936729
CADJPY_AMR,2024-07-08,BUY,EXACT/ACCEPTABLE MATCH,26.6,17.7,26.57249999999962,0.5908363910057474
CADJPY_AMR,2024-07-09,SELL,EXACT/ACCEPTABLE MATCH,16.3,10.8,16.252499999998093,0.5414551607445645
CADJPY_AMR,2024-07-10,BUY,EXACT/ACCEPTABLE MATCH,11.8,7.8,11.759999999998172,0.4931972789116413
CADJPY_AMR,2024-07-11,BUY,EXACT/ACCEPTABLE MATCH,13.5,9.0,13.485000000002143,0.5190952910640627
CADJPY_AMR,2024-07-12,SELL,EXACT/ACCEPTABLE MATCH,33.7,22.5,33.68999999999929,0.6084891659246195
CADJPY_AMR,2024-07-15,SELL,EXACT/ACCEPTABLE MATCH,23.6,15.8,23.640000000000327,0.583756345177657
CADJPY_AMR,2024-07-16,SELL,EXACT/ACCEPTABLE MATCH,23.1,15.4,23.092500000001337,-1.086932986900446
CADJPY_AMR,2024-07-17,SELL,EXACT/ACCEPTABLE MATCH,10.5,7.0,10.507500000001356,0.4758505829169026
CADJPY_AMR,2024-07-18,BUY,EXACT/ACCEPTABLE MATCH,26.1,17.4,26.09250000000074,-1.076937817380443
CADJPY_AMR,2024-07-19,BUY,EXACT/ACCEPTABLE MATCH,11.2,7.5,11.175000000000068,-1.181208053691268
CADJPY_AMR,2024-07-22,SELL,EXACT/ACCEPTABLE MATCH,8.1,5.4,8.1450000000018,0.4174340085941372
CADJPY_AMR,2024-07-23,BUY,EXACT/ACCEPTABLE MATCH,26.1,17.4,26.115000000001487,-1.0760099559639442
CADJPY_AMR,2024-07-24,SELL,EXACT/ACCEPTABLE MATCH,24.5,16.3,24.50999999999937,0.583435332517355
CADJPY_AMR,2024-07-25,BUY,EXACT/ACCEPTABLE MATCH,22.1,14.7,22.05749999999682,0.5757678794061807
CADJPY_AMR,2024-07-26,BUY,EXACT/ACCEPTABLE MATCH,18.7,12.5,18.69000000000227,-1.1075441412518718
CADJPY_AMR,2024-07-29,SELL,EXACT/ACCEPTABLE MATCH,18.0,12.0,18.01499999999905,-1.1101859561477134
CADJPY_AMR,2024-07-30,BUY,EXACT/ACCEPTABLE MATCH,15.9,10.6,15.85499999999982,-1.128981393882069
CADJPY_AMR,2024-07-31,BUY,EXACT/ACCEPTABLE MATCH,48.2,32.1,48.2024999999993,0.6244489393703736
CADJPY_AMR,2024-08-01,BUY,EXACT/ACCEPTABLE MATCH,57.0,38.0,57.03000000000032,-1.034543222865153
CADJPY_AMR,2024-08-02,BUY,EXACT/ACCEPTABLE MATCH,47.1,31.4,47.084999999998445,0.6244026760114892
CADJPY_AMR,2024-08-05,BUY,EXACT/ACCEPTABLE MATCH,38.8,25.9,38.79000000000232,-1.0518174787315688
CADJPY_AMR,2024-08-06,SELL,EXACT/ACCEPTABLE MATCH,105.1,70.0,105.06000000000029,-1.0194174757281524
CADJPY_AMR,2024-08-07,BUY,EXACT/ACCEPTABLE MATCH,90.1,60.1,90.11249999999862,0.6447496185324
CADJPY_AMR,2024-08-08,BUY,EXACT/ACCEPTABLE MATCH,69.2,46.1,69.18749999999676,0.6373983739837698
CADJPY_AMR,2024-08-09,SELL,EXACT/ACCEPTABLE MATCH,47.5,31.6,47.45250000000212,0.6237816764132276
CADJPY_AMR,2024-08-12,BUY,EXACT/ACCEPTABLE MATCH,25.5,17.0,25.515000000000757,0.5878894767783484
CADJPY_AMR,2024-08-13,BUY,EXACT/ACCEPTABLE MATCH,21.3,14.2,21.34500000000088,0.5715624267978213
CADJPY_AMR,2024-08-14,SELL,EXACT/ACCEPTABLE MATCH,25.7,17.2,25.73250000000158,0.5906927037792312
CADJPY_AMR,2024-08-19,SELL,EXACT/ACCEPTABLE MATCH,20.7,13.8,20.692499999996272,-1.0970158269906531
CADJPY_AMR,2024-08-20,SELL,EXACT/ACCEPTABLE MATCH,21.6,14.4,21.554999999999325,0.5752725585711153
CADJPY_AMR,2024-08-21,BUY,EXACT/ACCEPTABLE MATCH,18.0,12.0,18.029999999999543,0.5546311702717832
CADJPY_AMR,2024-08-22,SELL,EXACT/ACCEPTABLE MATCH,30.0,20.0,29.96249999999705,0.6007509386734008
CADJPY_AMR,2024-08-23,BUY,EXACT/ACCEPTABLE MATCH,16.9,11.2,16.867499999999325,0.5454275974507407
CADJPY_AMR,2024-08-26,BUY,EXACT/ACCEPTABLE MATCH,30.4,20.3,30.397500000000832,-1.0658771280532646
CADJPY_AMR,2024-08-27,SELL,EXACT/ACCEPTABLE MATCH,23.4,15.6,23.407500000001136,-1.085122289864307
CADJPY_AMR,2024-08-28,BUY,EXACT/ACCEPTABLE MATCH,12.4,8.2,12.360000000001037,0.5016181229773042
CADJPY_AMR,2024-08-29,BUY,EXACT/ACCEPTABLE MATCH,25.1,16.7,25.07249999999885,0.5862997307807626
CADJPY_AMR,2024-08-30,BUY,EXACT/ACCEPTABLE MATCH,20.6,13.7,20.60999999999993,0.5676855895196526
CADJPY_AMR,2024-09-02,SELL,EXACT/ACCEPTABLE MATCH,26.5,17.7,26.512500000001893,0.5921735030645499
CADJPY_AMR,2024-09-03,BUY,EXACT/ACCEPTABLE MATCH,11.2,7.4,11.16749999999982,0.4835460040295579
CADJPY_AMR,2024-09-04,BUY,EXACT/ACCEPTABLE MATCH,39.9,26.6,39.9300000000018,-1.0493363385924896
CADJPY_AMR,2024-09-05,BUY,EXACT/ACCEPTABLE MATCH,29.4,19.6,29.42250000000044,-1.0672104681790986
CADJPY_AMR,2024-09-06,BUY,EXACT/ACCEPTABLE MATCH,15.2,10.1,15.194999999999226,0.5330700888450419
CADJPY_AMR,2024-09-09,BUY,EXACT/ACCEPTABLE MATCH,27.8,18.5,27.81750000000045,0.5931517929360918
CADJPY_AMR,2024-09-10,SELL,EXACT/ACCEPTABLE MATCH,27.2,18.1,27.15750000000199,0.5928380741967715
CADJPY_AMR,2024-09-11,BUY,EXACT/ACCEPTABLE MATCH,18.4,12.3,18.4500000000007,-1.1056910569105272
CADJPY_AMR,2024-09-12,SELL,EXACT/ACCEPTABLE MATCH,24.5,16.3,24.48750000000075,-1.08218478815719
CADJPY_AMR,2024-09-13,BUY,EXACT/ACCEPTABLE MATCH,24.6,16.4,24.59999999999809,-1.081300813008214
CADJPY_AMR,2024-09-16,BUY,EXACT/ACCEPTABLE MATCH,24.4,16.3,24.42000000000064,0.5855855855855703
CADJPY_AMR,2024-09-17,SELL,EXACT/ACCEPTABLE MATCH,17.2,11.5,17.22750000000275,-1.114497170221851
CADJPY_AMR,2024-09-19,SELL,EXACT/ACCEPTABLE MATCH,48.0,32.0,48.04500000000047,-1.0406910188364973
CADJPY_AMR,2024-09-20,SELL,EXACT/ACCEPTABLE MATCH,26.8,17.9,26.842500000000054,0.5923442302319071
CADJPY_AMR,2024-09-23,BUY,EXACT/ACCEPTABLE MATCH,21.8,14.5,21.80249999999901,0.5733287467033856
CADJPY_AMR,2024-09-24,BUY,EXACT/ACCEPTABLE MATCH,20.8,13.9,20.84999999999937,0.5707434052757967
CADJPY_AMR,2024-09-25,BUY,EXACT/ACCEPTABLE MATCH,29.3,19.5,29.249999999998977,0.5982905982906193
CADJPY_AMR,2024-09-26,BUY,EXACT/ACCEPTABLE MATCH,19.4,13.0,19.44749999999757,0.565625401722657
CADJPY_AMR,2024-09-27,SELL,EXACT/ACCEPTABLE MATCH,26.2,17.5,26.20499999999808,-1.0761305094448412
CADJPY_AMR,2024-09-30,SELL,EXACT/ACCEPTABLE MATCH,34.1,22.7,34.11749999999856,-1.0581080090862909
CADJPY_AMR,2024-10-01,SELL,EXACT/ACCEPTABLE MATCH,24.0,16.0,24.030000000000484,-1.0819808572617344
CADJPY_AMR,2024-10-02,SELL,EXACT/ACCEPTABLE MATCH,24.3,16.2,24.29249999999854,-1.0826386744880758
CADJPY_AMR,2024-10-03,SELL,EXACT/ACCEPTABLE MATCH,29.4,19.6,29.407499999999946,-1.0677548244495472
CADJPY_AMR,2024-10-04,BUY,EXACT/ACCEPTABLE MATCH,13.2,8.8,13.1774999999962,-1.1534813128441952
CADJPY_AMR,2024-10-07,BUY,EXACT/ACCEPTABLE MATCH,21.3,14.2,21.322499999998,0.5721655528198449
CADJPY_AMR,2024-10-08,BUY,EXACT/ACCEPTABLE MATCH,44.1,29.4,44.09250000000142,0.6214208765662894
CADJPY_AMR,2024-10-09,BUY,EXACT/ACCEPTABLE MATCH,16.8,11.2,16.844999999998578,0.5461561294153028
CADJPY_AMR,2024-10-10,BUY,EXACT/ACCEPTABLE MATCH,19.6,13.1,19.61249999999879,0.5659655831740311
CADJPY_AMR,2024-10-11,BUY,EXACT/ACCEPTABLE MATCH,18.0,12.0,18.01500000000331,0.5550929780737254
CADJPY_AMR,2024-10-14,BUY,EXACT/ACCEPTABLE MATCH,10.2,6.8,10.230000000000672,0.4692082111436642
CADJPY_AMR,2024-10-15,BUY,EXACT/ACCEPTABLE MATCH,17.8,11.9,17.8350000000016,-1.1101766190074698
CADJPY_AMR,2024-10-16,BUY,EXACT/ACCEPTABLE MATCH,19.8,13.2,19.77750000000213,0.5663000884843277
CADJPY_AMR,2024-10-17,BUY,EXACT/ACCEPTABLE MATCH,18.0,12.0,18.029999999999543,0.5546311702717832
CADJPY_AMR,2024-10-18,BUY,EXACT/ACCEPTABLE MATCH,10.0,6.7,10.00500000000173,0.4697651174411982
CADJPY_AMR,2024-10-21,SELL,EXACT/ACCEPTABLE MATCH,13.5,9.0,13.485000000002143,0.5190952910640627
CADJPY_AMR,2024-10-22,BUY,EXACT/ACCEPTABLE MATCH,13.7,9.1,13.694999999996329,0.5184373859074044
CADJPY_AMR,2024-10-23,SELL,EXACT/ACCEPTABLE MATCH,17.7,11.8,17.670000000000385,-1.1148839841539089
CADJPY_AMR,2024-10-25,SELL,EXACT/ACCEPTABLE MATCH,24.5,16.3,24.464999999997872,0.5845084815042405
CADJPY_AMR,2024-10-28,SELL,EXACT/ACCEPTABLE MATCH,39.9,26.6,39.86249999999956,-1.0511132016306168
CADJPY_AMR,2024-10-29,BUY,EXACT/ACCEPTABLE MATCH,9.4,6.3,9.382500000000247,-1.2150279776178734
CADJPY_AMR,2024-10-30,BUY,EXACT/ACCEPTABLE MATCH,10.6,7.1,10.589999999999833,0.4815864022662965
CADJPY_AMR,2024-11-01,SELL,EXACT/ACCEPTABLE MATCH,23.0,15.3,22.972500000001617,-1.0882576994231468
CADJPY_AMR,2024-11-04,BUY,EXACT/ACCEPTABLE MATCH,39.9,26.6,39.86249999999956,0.6171213546566391
CADJPY_AMR,2024-11-05,BUY,MISMATCH (false positive -- reconstructed signal not in history),,,,
CADJPY_AMR,2024-11-06,SELL,EXACT/ACCEPTABLE MATCH,30.9,20.6,30.937499999999574,0.6012121212121295
CADJPY_AMR,2024-11-07,BUY,EXACT/ACCEPTABLE MATCH,16.1,10.7,16.087500000001143,0.5407925407925024
CADJPY_AMR,2024-11-11,SELL,EXACT/ACCEPTABLE MATCH,34.0,22.7,34.004999999999086,-1.0586678429642984
CADJPY_AMR,2024-11-12,BUY,EXACT/ACCEPTABLE MATCH,14.7,9.8,14.692499999999598,0.5308831036243127
CADJPY_AMR,2024-11-13,BUY,EXACT/ACCEPTABLE MATCH,17.6,11.7,17.610000000002657,0.550823395797759
CADJPY_AMR,2024-11-14,BUY,EXACT/ACCEPTABLE MATCH,20.1,13.4,20.06250000000307,0.5682242990653337
CADJPY_AMR,2024-11-15,SELL,EXACT/ACCEPTABLE MATCH,21.5,14.3,21.479999999998967,0.57262569832405
CADJPY_AMR,2024-11-18,SELL,EXACT/ACCEPTABLE MATCH,31.6,21.0,31.57499999999942,0.601741884402228
CADJPY_AMR,2024-11-19,BUY,EXACT/ACCEPTABLE MATCH,18.9,12.6,18.884999999998087,-1.1066984379138
CADJPY_AMR,2024-11-20,SELL,EXACT/ACCEPTABLE MATCH,18.0,12.0,18.000000000000682,-1.111111111111069
CADJPY_AMR,2024-11-21,BUY,EXACT/ACCEPTABLE MATCH,20.5,13.7,20.482499999997827,0.5712193335775048
CADJPY_AMR,2024-11-22,BUY,EXACT/ACCEPTABLE MATCH,28.4,18.9,28.409999999998803,-1.070045758535772
CADJPY_AMR,2024-11-25,BUY,EXACT/ACCEPTABLE MATCH,23.4,15.6,23.38500000000039,0.5815693820825218
CADJPY_AMR,2024-11-26,BUY,EXACT/ACCEPTABLE MATCH,11.4,7.6,11.40749999999926,-1.1746657900504818
CADJPY_AMR,2024-11-27,BUY,EXACT/ACCEPTABLE MATCH,18.8,12.6,18.847499999998973,0.5624088075341863
CADJPY_AMR,2024-11-28,SELL,EXACT/ACCEPTABLE MATCH,33.4,22.2,33.37500000000375,-1.0606741573032514
CADJPY_AMR,2024-11-29,BUY,EXACT/ACCEPTABLE MATCH,11.2,7.5,11.220000000001562,-1.1764705882351305
CADJPY_AMR,2024-12-02,SELL,EXACT/ACCEPTABLE MATCH,17.7,11.8,17.722499999997865,-1.1115813231768863
CADJPY_AMR,2024-12-03,SELL,EXACT/ACCEPTABLE MATCH,25.0,16.7,25.042499999997855,0.5870020964361089
CADJPY_AMR,2024-12-04,SELL,EXACT/ACCEPTABLE MATCH,23.3,15.5,23.3249999999984,0.5787781350482712
CADJPY_AMR,2024-12-05,BUY,EXACT/ACCEPTABLE MATCH,28.8,19.2,28.79250000000084,0.5973777893548492
CADJPY_AMR,2024-12-06,BUY,EXACT/ACCEPTABLE MATCH,20.4,13.6,20.444999999998718,0.5673758865248584
CADJPY_AMR,2024-12-09,BUY,EXACT/ACCEPTABLE MATCH,12.5,8.4,12.539999999996354,0.5103668261564482
CADJPY_AMR,2024-12-12,BUY,EXACT/ACCEPTABLE MATCH,21.2,14.2,21.24749999999977,0.5741851982586247
CADJPY_AMR,2024-12-13,SELL,EXACT/ACCEPTABLE MATCH,22.1,14.7,22.102500000000447,0.5745956339780451
CADJPY_AMR,2024-12-16,SELL,EXACT/ACCEPTABLE MATCH,14.9,9.9,14.902499999998042,-1.134037913101977
CADJPY_AMR,2024-12-17,SELL,EXACT/ACCEPTABLE MATCH,15.8,10.5,15.817500000000706,0.5373794847478818
CADJPY_AMR,2024-12-18,SELL,EXACT/ACCEPTABLE MATCH,24.7,16.5,24.697500000001327,0.5871039578904432
CADJPY_AMR,2024-12-19,BUY,EXACT/ACCEPTABLE MATCH,36.2,24.1,36.22500000000031,0.6128364389233902
CADJPY_AMR,2024-12-20,SELL,EXACT/ACCEPTABLE MATCH,27.8,18.5,27.75000000000034,0.5945945945945873
CADJPY_AMR,2024-12-23,SELL,EXACT/ACCEPTABLE MATCH,23.7,15.8,23.654999999998694,-1.086451067427665
CADJPY_AMR,2024-12-24,SELL,EXACT/ACCEPTABLE MATCH,11.6,7.7,11.587500000003104,0.4919093851131368
CADJPY_AMR,2024-12-26,SELL,EXACT/ACCEPTABLE MATCH,22.3,14.9,22.32750000000152,0.5777628485051672
CADJPY_AMR,2024-12-27,BUY,EXACT/ACCEPTABLE MATCH,13.4,9.0,13.432500000002534,0.5211241392144932
CADJPY_AMR,2024-12-31,BUY,EXACT/ACCEPTABLE MATCH,38.5,25.6,38.452499999999645,-1.0532475131656036
CADJPY_AMR,2025-01-02,BUY,EXACT/ACCEPTABLE MATCH,25.9,17.3,25.935000000001907,0.5899363794100203
CADJPY_AMR,2025-01-06,SELL,EXACT/ACCEPTABLE MATCH,34.6,23.1,34.650000000003445,-1.059163059162954
CADJPY_AMR,2025-01-07,SELL,EXACT/ACCEPTABLE MATCH,36.7,24.4,36.659999999997694,0.6110201854883089
CADJPY_AMR,2025-01-08,SELL,EXACT/ACCEPTABLE MATCH,20.5,13.6,20.460000000001344,0.5669599217985942
CADJPY_AMR,2025-01-09,BUY,EXACT/ACCEPTABLE MATCH,11.6,7.7,11.572500000000474,-1.175199827176448
CADJPY_AMR,2025-01-10,BUY,EXACT/ACCEPTABLE MATCH,9.6,6.4,9.555000000001712,0.4604918890632352
CADJPY_AMR,2025-01-13,SELL,EXACT/ACCEPTABLE MATCH,15.4,10.2,15.367500000000687,0.5335936229054584
CADJPY_AMR,2025-01-14,SELL,EXACT/ACCEPTABLE MATCH,32.7,21.8,32.662499999999284,0.6061997703788882
CADJPY_AMR,2025-01-15,BUY,EXACT/ACCEPTABLE MATCH,12.8,8.5,12.802500000000803,-1.1560242140206265
CADJPY_AMR,2025-01-16,BUY,EXACT/ACCEPTABLE MATCH,23.7,15.8,23.662500000001074,0.5832012678288166
CADJPY_AMR,2025-01-17,SELL,EXACT/ACCEPTABLE MATCH,19.2,12.8,19.16999999999902,0.5633802816901696
CADJPY_AMR,2025-01-20,BUY,EXACT/ACCEPTABLE MATCH,21.3,14.2,21.299999999999383,0.5727699530516597
CADJPY_AMR,2025-01-21,BUY,EXACT/ACCEPTABLE MATCH,27.5,18.3,27.464999999999407,-1.074094301838727
CADJPY_AMR,2025-01-22,BUY,EXACT/ACCEPTABLE MATCH,11.0,7.3,10.965000000001623,0.4833561331508632
CADJPY_AMR,2025-01-23,BUY,EXACT/ACCEPTABLE MATCH,32.9,22.0,32.94750000000022,0.6070263297670496
CADJPY_AMR,2025-01-24,SELL,EXACT/ACCEPTABLE MATCH,24.4,16.3,24.412500000000392,-1.081413210445451
CADJPY_AMR,2025-01-27,BUY,EXACT/ACCEPTABLE MATCH,48.4,32.3,48.39750000000152,-1.0413761041375778
CADJPY_AMR,2025-01-28,SELL,EXACT/ACCEPTABLE MATCH,19.0,12.7,19.012500000000188,-1.104536489151863
CADJPY_AMR,2025-01-29,SELL,EXACT/ACCEPTABLE MATCH,15.2,10.1,15.179999999998728,0.5335968379447087
CADJPY_AMR,2025-01-30,SELL,EXACT/ACCEPTABLE MATCH,21.6,14.4,21.622499999999437,0.5734767025089756
CADJPY_AMR,2025-02-03,BUY,EXACT/ACCEPTABLE MATCH,268.3,178.9,268.312499999999,0.6593058467272329
CADJPY_AMR,2025-02-04,SELL,EXACT/ACCEPTABLE MATCH,124.3,82.9,124.31249999999991,0.6507792860734042
CADJPY_AMR,2025-02-05,BUY,MISMATCH (false positive -- reconstructed signal not in history),,,,
CADJPY_AMR,2025-02-06,BUY,EXACT/ACCEPTABLE MATCH,28.8,19.2,28.77750000000248,-1.0702806011640118
CADJPY_AMR,2025-02-07,BUY,EXACT/ACCEPTABLE MATCH,33.1,22.1,33.1124999999993,0.6070215175538067
CADJPY_AMR,2025-02-10,BUY,EXACT/ACCEPTABLE MATCH,93.0,62.0,92.95500000000132,0.6454736162659259
CADJPY_AMR,2025-02-11,BUY,EXACT/ACCEPTABLE MATCH,27.8,18.5,27.780000000001337,0.5939524838012673
CADJPY_AMR,2025-02-12,SELL,EXACT/ACCEPTABLE MATCH,29.7,19.8,29.67750000000038,-1.068149271333488
CADJPY_AMR,2025-02-13,BUY,EXACT/ACCEPTABLE MATCH,31.9,21.3,31.875000000000853,0.6054901960784151
CADJPY_AMR,2025-02-14,SELL,EXACT/ACCEPTABLE MATCH,27.1,18.1,27.089999999997616,0.5943152454780886
CADJPY_AMR,2025-02-17,BUY,EXACT/ACCEPTABLE MATCH,34.8,23.2,34.83749999999901,-1.0563329745246084
CADJPY_AMR,2025-02-18,SELL,EXACT/ACCEPTABLE MATCH,14.3,9.5,14.325000000000188,0.5305410122163979
CADJPY_AMR,2025-02-19,SELL,EXACT/ACCEPTABLE MATCH,21.6,14.4,21.607500000001068,0.5738748119865504
CADJPY_AMR,2025-02-20,BUY,EXACT/ACCEPTABLE MATCH,26.3,17.5,26.310000000001565,-1.075636640060749
CADJPY_AMR,2025-02-21,SELL,EXACT/ACCEPTABLE MATCH,33.4,22.3,33.44999999999985,-1.0582959641255654
CADJPY_AMR,2025-02-24,SELL,EXACT/ACCEPTABLE MATCH,34.8,23.2,34.80750000000015,-1.057243410184582
CADJPY_AMR,2025-02-25,SELL,EXACT/ACCEPTABLE MATCH,38.4,25.6,38.39249999999765,0.6147033925897362
CADJPY_AMR,2025-02-26,SELL,EXACT/ACCEPTABLE MATCH,31.4,20.9,31.424999999998704,0.601431980906946
CADJPY_AMR,2025-02-27,SELL,EXACT/ACCEPTABLE MATCH,30.6,20.4,30.562500000002046,0.6020449897750108
CADJPY_AMR,2025-02-28,BUY,EXACT/ACCEPTABLE MATCH,30.0,20.0,30.007500000000675,0.5998500374906138
CADJPY_AMR,2025-03-03,SELL,EXACT/ACCEPTABLE MATCH,57.7,38.4,57.67499999999828,0.6311226701343925
CADJPY_AMR,2025-03-06,SELL,EXACT/ACCEPTABLE MATCH,23.5,15.6,23.46000000000288,-1.0869565217389972
CADJPY_AMR,2025-03-07,SELL,EXACT/ACCEPTABLE MATCH,35.0,23.3,34.98749999999973,0.6087888531618483
CADJPY_AMR,2025-03-11,BUY,EXACT/ACCEPTABLE MATCH,33.5,22.3,33.457500000000095,0.6067398938952385
CADJPY_AMR,2025-03-13,SELL,EXACT/ACCEPTABLE MATCH,16.1,10.7,16.065000000000396,0.5415499533146458
CADJPY_AMR,2025-03-14,SELL,EXACT/ACCEPTABLE MATCH,44.6,29.8,44.64000000000041,-1.0439068100358326
CADJPY_AMR,2025-03-17,SELL,EXACT/ACCEPTABLE MATCH,22.6,15.1,22.597499999999823,0.5797101449275407
CADJPY_AMR,2025-03-19,SELL,EXACT/ACCEPTABLE MATCH,31.0,20.7,31.03500000000068,0.6025455131303236
CADJPY_AMR,2025-03-20,BUY,EXACT/ACCEPTABLE MATCH,30.3,20.2,30.315000000000225,-1.0654791357413742
CADJPY_AMR,2025-03-21,SELL,EXACT/ACCEPTABLE MATCH,21.2,14.1,21.194999999998032,-1.0945977824959732
CADJPY_AMR,2025-03-24,SELL,EXACT/ACCEPTABLE MATCH,47.2,31.5,47.18249999999742,-1.042759497695177
CADJPY_AMR,2025-03-25,SELL,EXACT/ACCEPTABLE MATCH,19.1,12.7,19.05749999999955,0.5614587432769383
CADJPY_AMR,2025-03-27,BUY,EXACT/ACCEPTABLE MATCH,39.2,26.1,39.1725000000001,0.6152275193056338
CADJPY_AMR,2025-03-28,BUY,EXACT/ACCEPTABLE MATCH,22.0,14.7,22.02749999999796,0.5765520372262479
CADJPY_AMR,2025-03-31,BUY,EXACT/ACCEPTABLE MATCH,36.4,24.2,36.36750000000077,0.6104351412662274
CADJPY_AMR,2025-04-01,BUY,EXACT/ACCEPTABLE MATCH,18.4,12.3,18.419999999999703,0.5591748099891513
CADJPY_AMR,2025-04-03,BUY,EXACT/ACCEPTABLE MATCH,134.9,89.9,134.91,-1.0147505744570455
CADJPY_AMR,2025-04-07,BUY,EXACT/ACCEPTABLE MATCH,174.5,116.3,174.52499999999986,0.6549204984959179
CADJPY_AMR,2025-04-09,BUY,EXACT/ACCEPTABLE MATCH,56.5,37.6,56.45250000000033,0.630618661706741
CADJPY_AMR,2025-04-10,BUY,EXACT/ACCEPTABLE MATCH,70.8,47.2,70.8375000000025,-1.027704252690982
CADJPY_AMR,2025-04-11,BUY,EXACT/ACCEPTABLE MATCH,70.1,46.7,70.10249999999942,0.637637744730935
CADJPY_AMR,2025-04-14,BUY,EXACT/ACCEPTABLE MATCH,75.6,50.4,75.62249999999935,0.6400211577242277
CADJPY_AMR,2025-04-15,SELL,EXACT/ACCEPTABLE MATCH,25.2,16.8,25.17749999999808,0.5878264323304987
CADJPY_AMR,2025-04-16,BUY,EXACT/ACCEPTABLE MATCH,12.4,8.3,12.404999999998267,0.5078597339783055
CADJPY_AMR,2025-04-17,SELL,EXACT/ACCEPTABLE MATCH,40.4,26.9,40.36499999999919,-1.050414963458463
CADJPY_AMR,2025-04-18,BUY,EXACT/ACCEPTABLE MATCH,19.3,12.8,19.25250000000176,0.5609661082975724
CADJPY_AMR,2025-04-21,BUY,EXACT/ACCEPTABLE MATCH,58.1,38.7,58.07999999999893,0.6318870523416095
CADJPY_AMR,2025-04-22,SELL,EXACT/ACCEPTABLE MATCH,41.0,27.4,41.047500000000525,0.6187952981302071
CADJPY_AMR,2025-04-23,SELL,EXACT/ACCEPTABLE MATCH,44.1,29.4,44.09999999999954,-1.0453514739229135
CADJPY_AMR,2025-04-25,SELL,EXACT/ACCEPTABLE MATCH,21.2,14.1,21.194999999998032,-1.0945977824959732
CADJPY_AMR,2025-04-30,SELL,EXACT/ACCEPTABLE MATCH,18.4,12.2,18.352499999999598,-1.1115651818553576
CADJPY_AMR,2025-05-02,SELL,EXACT/ACCEPTABLE MATCH,50.1,33.4,50.13000000000147,0.6263714342708773
CADJPY_AMR,2025-05-05,BUY,EXACT/ACCEPTABLE MATCH,36.5,24.3,36.52499999999748,-1.0540725530459318
CADJPY_AMR,2025-05-07,SELL,EXACT/ACCEPTABLE MATCH,60.5,40.3,60.49500000000023,-1.0331432349780931
CADJPY_AMR,2025-05-09,BUY,EXACT/ACCEPTABLE MATCH,22.0,14.7,21.997499999999093,-1.091033071940038
CADJPY_AMR,2025-05-12,SELL,EXACT/ACCEPTABLE MATCH,108.7,72.5,108.74250000000104,-1.018001241464919
CADJPY_AMR,2025-05-13,BUY,EXACT/ACCEPTABLE MATCH,24.4,16.2,24.374999999999147,-1.0830769230769608
CADJPY_AMR,2025-05-14,SELL,EXACT/ACCEPTABLE MATCH,18.4,12.2,18.35250000000173,0.5557825909276143
CADJPY_AMR,2025-05-15,BUY,EXACT/ACCEPTABLE MATCH,21.4,14.3,21.427499999999355,0.5740287014350891
CADJPY_AMR,2025-05-16,BUY,EXACT/ACCEPTABLE MATCH,21.0,14.0,21.015000000000583,-1.094456340708987
CADJPY_AMR,2025-05-19,BUY,EXACT/ACCEPTABLE MATCH,54.5,36.3,54.51749999999791,-1.0363644701243118
CADJPY_AMR,2025-05-20,SELL,MISMATCH (false positive -- reconstructed signal not in history),,,,
CADJPY_AMR,2025-05-21,BUY,EXACT/ACCEPTABLE MATCH,24.1,16.1,24.12750000000159,0.584395399440434
CADJPY_AMR,2025-05-22,SELL,EXACT/ACCEPTABLE MATCH,38.4,25.6,38.36250000000092,0.6151840990550521
CADJPY_AMR,2025-05-26,BUY,EXACT/ACCEPTABLE MATCH,22.0,14.7,21.997500000001224,0.5773383339015475
CADJPY_AMR,2025-05-27,BUY,EXACT/ACCEPTABLE MATCH,9.3,6.2,9.285000000001276,0.4523424878836212
CADJPY_AMR,2025-05-28,BUY,EXACT/ACCEPTABLE MATCH,23.6,15.7,23.580000000000467,0.5810008481764092
CADJPY_AMR,2025-05-29,SELL,EXACT/ACCEPTABLE MATCH,45.1,30.1,45.08250000000018,-1.0447512893029405
CADJPY_AMR,2025-05-30,BUY,EXACT/ACCEPTABLE MATCH,15.5,10.4,15.532500000001903,-1.126669885723345
CADJPY_AMR,2025-06-03,BUY,EXACT/ACCEPTABLE MATCH,23.4,15.6,23.399999999998755,0.5811965811966121
CADJPY_AMR,2025-06-05,BUY,EXACT/ACCEPTABLE MATCH,22.7,15.2,22.747500000000542,0.5802835476425843
CADJPY_AMR,2025-06-06,BUY,EXACT/ACCEPTABLE MATCH,38.1,25.4,38.06999999999974,0.6146572104018955
CADJPY_AMR,2025-06-09,SELL,EXACT/ACCEPTABLE MATCH,26.9,17.9,26.887500000001552,0.5913528591352518
CADJPY_AMR,2025-06-10,BUY,EXACT/ACCEPTABLE MATCH,22.3,14.9,22.297499999998397,0.5785401950891772
CADJPY_AMR,2025-06-11,SELL,EXACT/ACCEPTABLE MATCH,14.3,9.5,14.30999999999969,-1.1390635918938052
CADJPY_AMR,2025-06-12,BUY,EXACT/ACCEPTABLE MATCH,24.0,16.0,24.045000000000982,-1.0813058847992905
CADJPY_AMR,2025-06-13,BUY,EXACT/ACCEPTABLE MATCH,14.9,9.9,14.887499999999676,-1.1351805205709733
CADJPY_AMR,2025-06-16,SELL,EXACT/ACCEPTABLE MATCH,61.5,41.0,61.52250000000024,0.6339144215530879
CADJPY_AMR,2025-06-17,SELL,MISMATCH (false positive -- reconstructed signal not in history),,,,
CADJPY_AMR,2025-06-19,BUY,EXACT/ACCEPTABLE MATCH,19.3,12.8,19.267499999997995,0.560529388867322
CADJPY_AMR,2025-06-20,BUY,EXACT/ACCEPTABLE MATCH,13.9,9.3,13.927500000001912,0.5241428827857832
CADJPY_AMR,2025-06-23,SELL,EXACT/ACCEPTABLE MATCH,31.6,21.1,31.64249999999953,-1.0618630007110847
CADJPY_AMR,2025-06-24,BUY,EXACT/ACCEPTABLE MATCH,16.0,10.7,16.004999999998404,-1.124648547329072
CADJPY_AMR,2025-06-25,SELL,EXACT/ACCEPTABLE MATCH,16.0,10.7,16.012500000000784,0.5433255269320576
CADJPY_AMR,2025-06-26,BUY,EXACT/ACCEPTABLE MATCH,21.0,14.0,21.044999999999447,-1.0928961748634167
CADJPY_AMR,2025-06-27,BUY,EXACT/ACCEPTABLE MATCH,21.2,14.1,21.179999999999666,0.5712936732766851
CADJPY_AMR,2025-07-01,BUY,EXACT/ACCEPTABLE MATCH,10.6,7.0,10.560000000000969,-1.1931818181817089
CADJPY_AMR,2025-07-02,BUY,EXACT/ACCEPTABLE MATCH,26.5,17.6,26.4675000000004,0.5894020969112974
CADJPY_AMR,2025-07-03,BUY,EXACT/ACCEPTABLE MATCH,11.0,7.3,10.964999999999492,0.4833561331509571
CADJPY_AMR,2025-07-07,BUY,EXACT/ACCEPTABLE MATCH,13.8,9.2,13.79999999999768,0.5217391304348703
CADJPY_AMR,2025-07-08,BUY,EXACT/ACCEPTABLE MATCH,26.5,17.6,26.46000000000015,0.589569160997729
CADJPY_AMR,2025-07-09,SELL,EXACT/ACCEPTABLE MATCH,21.4,14.2,21.359999999999246,0.5711610486891587
CADJPY_AMR,2025-07-10,BUY,EXACT/ACCEPTABLE MATCH,15.2,10.2,15.225000000002352,-1.1297208538586103
CADJPY_AMR,2025-07-11,BUY,EXACT/ACCEPTABLE MATCH,44.2,29.5,44.24250000000001,0.621574278126236
CADJPY_AMR,2025-07-14,BUY,EXACT/ACCEPTABLE MATCH,53.8,35.9,53.79749999999959,0.6301408057995308
CADJPY_AMR,2025-07-16,SELL,EXACT/ACCEPTABLE MATCH,23.1,15.4,23.137499999998568,0.5791464073474156
CADJPY_AMR,2025-07-17,SELL,EXACT/ACCEPTABLE MATCH,15.3,10.2,15.30000000000058,-1.1307189542483231
CADJPY_AMR,2025-07-18,SELL,EXACT/ACCEPTABLE MATCH,21.0,14.0,20.96249999999884,0.5724508050089762
CADJPY_AMR,2025-07-21,BUY,EXACT/ACCEPTABLE MATCH,75.3,50.2,75.28500000000093,-0.1593943016537139
CADJPY_AMR,2025-07-22,SELL,MISMATCH (false positive -- reconstructed signal not in history),,,,
CADJPY_AMR,2025-07-23,SELL,MISMATCH (false positive -- reconstructed signal not in history),,,,
CADJPY_AMR,2025-07-24,BUY,MISMATCH (false positive -- reconstructed signal not in history),,,,
CADJPY_AMR,2025-07-25,SELL,MISMATCH (false positive -- reconstructed signal not in history),,,,
CADJPY_AMR,2025-07-28,SELL,EXACT/ACCEPTABLE MATCH,23.1,15.4,23.06249999999821,-1.0883468834689192
CADJPY_AMR,2025-07-29,BUY,EXACT/ACCEPTABLE MATCH,18.1,12.1,18.104999999997773,0.557856945595208
CADJPY_AMR,2025-07-30,BUY,EXACT/ACCEPTABLE MATCH,12.7,8.5,12.682499999998951,-1.1590774689533778
CADJPY_AMR,2025-08-04,SELL,EXACT/ACCEPTABLE MATCH,26.5,17.7,26.497500000001395,-1.0755731672798754
CADJPY_AMR,2025-08-05,BUY,EXACT/ACCEPTABLE MATCH,14.6,9.8,14.632499999999736,0.5330599692465497
CADJPY_AMR,2025-08-06,SELL,EXACT/ACCEPTABLE MATCH,14.5,9.7,14.474999999998772,0.5250431778929633
CADJPY_AMR,2025-08-07,SELL,EXACT/ACCEPTABLE MATCH,19.2,12.8,19.222500000000764,0.561841591884488
CADJPY_AMR,2025-08-08,SELL,EXACT/ACCEPTABLE MATCH,20.7,13.8,20.72999999999965,-1.0950313555234146
CADJPY_AMR,2025-08-11,BUY,EXACT/ACCEPTABLE MATCH,22.1,14.7,22.124999999999066,0.5740112994350526
CADJPY_AMR,2025-08-13,SELL,EXACT/ACCEPTABLE MATCH,11.8,7.9,11.83499999999853,0.4985213350232981
CADJPY_AMR,2025-08-14,BUY,EXACT/ACCEPTABLE MATCH,32.6,21.7,32.60249999999729,-1.0612683076452074
CADJPY_AMR,2025-08-15,BUY,EXACT/ACCEPTABLE MATCH,21.7,14.5,21.734999999998905,-1.090407177363754
CADJPY_AMR,2025-08-18,SELL,EXACT/ACCEPTABLE MATCH,27.3,18.2,27.269999999999328,-1.074440777411101
CADJPY_AMR,2025-08-19,SELL,EXACT/ACCEPTABLE MATCH,13.7,9.2,13.7475000000002,0.5237315875613672
CADJPY_AMR,2025-08-20,SELL,EXACT/ACCEPTABLE MATCH,14.7,9.8,14.662500000000732,0.531969309462889
CADJPY_AMR,2025-08-22,BUY,EXACT/ACCEPTABLE MATCH,18.3,12.2,18.344999999997214,0.5560098119379422
CADJPY_AMR,2025-08-25,SELL,EXACT/ACCEPTABLE MATCH,18.6,12.4,18.584999999998782,-1.108420769437791
CADJPY_AMR,2025-08-26,BUY,EXACT/ACCEPTABLE MATCH,42.0,28.0,42.02999999999904,0.6186057577920675
CADJPY_AMR,2025-08-28,BUY,EXACT/ACCEPTABLE MATCH,18.4,12.2,18.36750000000009,0.5553287055941172
CADJPY_AMR,2025-09-02,SELL,EXACT/ACCEPTABLE MATCH,17.0,11.4,17.047500000001037,-1.114532922715873
CADJPY_AMR,2025-09-03,SELL,EXACT/ACCEPTABLE MATCH,15.5,10.3,15.48000000000016,-1.1304909560723395
CADJPY_AMR,2025-09-05,BUY,EXACT/ACCEPTABLE MATCH,13.0,8.7,12.975000000000136,0.5163776493256208
CADJPY_AMR,2025-09-08,SELL,EXACT/ACCEPTABLE MATCH,79.8,53.2,79.83750000000072,0.6413026459996811
CADJPY_AMR,2025-09-09,BUY,MISMATCH (false positive -- reconstructed signal not in history),,,,
CADJPY_AMR,2025-09-12,SELL,EXACT/ACCEPTABLE MATCH,9.8,6.5,9.80999999999952,0.4587155963302977
CADJPY_AMR,2025-09-15,BUY,EXACT/ACCEPTABLE MATCH,17.7,11.8,17.654999999999887,0.5550835457377549
CADJPY_AMR,2025-09-17,BUY,EXACT/ACCEPTABLE MATCH,13.7,9.1,13.680000000000092,0.5190058479532128
CADJPY_AMR,2025-09-19,BUY,EXACT/ACCEPTABLE MATCH,15.5,10.3,15.480000000002292,0.5361757105942359
CADJPY_AMR,2025-09-22,BUY,EXACT/ACCEPTABLE MATCH,19.0,12.7,19.034999999998803,0.5621224060940726
CADJPY_AMR,2025-09-23,BUY,MISMATCH (false positive -- reconstructed signal not in history),,,,
CADJPY_AMR,2025-09-24,SELL,EXACT/ACCEPTABLE MATCH,11.0,7.3,10.964999999999492,-1.1855905152759327
CADJPY_AMR,2025-09-25,BUY,EXACT/ACCEPTABLE MATCH,9.5,6.3,9.494999999997589,0.4528699315430323
CADJPY_AMR,2025-09-30,SELL,EXACT/ACCEPTABLE MATCH,19.4,12.9,19.409999999998465,0.5615662029881949
CADJPY_AMR,2025-10-01,SELL,EXACT/ACCEPTABLE MATCH,13.4,8.9,13.357500000000044,0.5165637282425587
CADJPY_AMR,2025-10-02,SELL,EXACT/ACCEPTABLE MATCH,18.1,12.1,18.104999999999905,0.5578569455951424
CADJPY_AMR,2025-10-03,BUY,EXACT/ACCEPTABLE MATCH,10.1,6.7,10.117499999999067,0.4645416357796326
CADJPY_AMR,2025-10-06,SELL,EXACT/ACCEPTABLE MATCH,173.2,115.5,173.19750000000056,-1.0115619451781892
CADJPY_AMR,2025-10-07,SELL,MISMATCH (false positive -- reconstructed signal not in history),,,,
CADJPY_AMR,2025-10-08,SELL,EXACT/ACCEPTABLE MATCH,12.4,8.2,12.375000000001537,-1.1636363636362193
CADJPY_AMR,2025-10-09,SELL,EXACT/ACCEPTABLE MATCH,16.5,11.0,16.499999999999915,0.5454545454545483
CADJPY_AMR,2025-10-10,SELL,EXACT/ACCEPTABLE MATCH,16.1,10.7,16.080000000000894,0.5410447761193728
CADJPY_AMR,2025-10-14,BUY,EXACT/ACCEPTABLE MATCH,12.3,8.2,12.314999999999545,0.503451075923689
CADJPY_AMR,2025-10-15,BUY,EXACT/ACCEPTABLE MATCH,19.4,12.9,19.372499999997217,-1.104658665634434
CADJPY_AMR,2025-10-16,BUY,EXACT/ACCEPTABLE MATCH,33.6,22.4,33.63749999999968,0.6064659977703514
CADJPY_AMR,2025-10-17,BUY,EXACT/ACCEPTABLE MATCH,13.2,8.8,13.230000000000077,0.5139833711262254
CADJPY_AMR,2025-10-20,SELL,EXACT/ACCEPTABLE MATCH,32.8,21.9,32.842499999998864,-1.059602649006659
CADJPY_AMR,2025-10-21,SELL,EXACT/ACCEPTABLE MATCH,14.8,9.9,14.835000000002196,0.5325244354566114
CADJPY_AMR,2025-10-22,BUY,EXACT/ACCEPTABLE MATCH,15.4,10.3,15.427499999998416,0.538000324096636
CADJPY_AMR,2025-10-23,SELL,EXACT/ACCEPTABLE MATCH,24.5,16.3,24.44999999999737,-1.0797546012271098
CADJPY_AMR,2025-10-24,BUY,EXACT/ACCEPTABLE MATCH,18.4,12.3,18.389999999998707,0.5600870038064559
CADJPY_AMR,2025-10-27,SELL,EXACT/ACCEPTABLE MATCH,27.3,18.2,27.31499999999656,0.5930807248765162
CADJPY_AMR,2025-10-28,BUY,EXACT/ACCEPTABLE MATCH,12.9,8.6,12.899999999997648,-1.1550387596901333
CADJPY_AMR,2025-10-29,BUY,EXACT/ACCEPTABLE MATCH,26.4,17.6,26.384999999999792,0.5912450255827221
CADJPY_AMR,2025-10-31,BUY,EXACT/ACCEPTABLE MATCH,9.6,6.4,9.607500000001323,0.45797553994269
CADJPY_AMR,2025-11-03,BUY,EXACT/ACCEPTABLE MATCH,13.1,8.7,13.065000000000992,0.5128205128204739
CADJPY_AMR,2025-11-04,SELL,EXACT/ACCEPTABLE MATCH,14.2,9.5,14.219999999998834,0.527426160337596
CADJPY_AMR,2025-11-05,BUY,EXACT/ACCEPTABLE MATCH,28.9,19.3,28.949999999997544,-1.0673575129534585
CADJPY_AMR,2025-11-06,SELL,EXACT/ACCEPTABLE MATCH,10.8,7.2,10.784999999999911,0.4821511358368143
CADJPY_AMR,2025-11-07,SELL,EXACT/ACCEPTABLE MATCH,21.1,14.1,21.08250000000069,0.5739357286849094
CADJPY_AMR,2025-11-10,SELL,EXACT/ACCEPTABLE MATCH,40.1,26.7,40.10250000000326,0.6159217006420545
CADJPY_AMR,2025-11-11,SELL,EXACT/ACCEPTABLE MATCH,11.8,7.9,11.78249999999892,-1.1712285168683445
CADJPY_AMR,2025-11-12,BUY,EXACT/ACCEPTABLE MATCH,14.9,9.9,14.872499999997046,0.5311817112120739
CADJPY_AMR,2025-11-13,BUY,EXACT/ACCEPTABLE MATCH,13.7,9.1,13.687500000002473,0.5187214611871209
CADJPY_AMR,2025-11-17,SELL,EXACT/ACCEPTABLE MATCH,14.5,9.7,14.512500000000015,0.530577088716623
CADJPY_AMR,2025-11-20,SELL,EXACT/ACCEPTABLE MATCH,29.9,19.9,29.872500000000457,0.5992133232906427
CADJPY_AMR,2025-11-24,SELL,EXACT/ACCEPTABLE MATCH,28.8,19.2,28.770000000000092,0.5978449774070191
CADJPY_AMR,2025-11-25,SELL,MISMATCH (false positive -- reconstructed signal not in history),,,,
CADJPY_AMR,2025-11-26,SELL,EXACT/ACCEPTABLE MATCH,30.7,20.5,30.727499999999,0.6020665527622033
CADJPY_AMR,2025-11-27,BUY,EXACT/ACCEPTABLE MATCH,23.9,16.0,23.93999999999963,-1.0818713450292563
CADJPY_AMR,2025-11-28,BUY,EXACT/ACCEPTABLE MATCH,16.4,10.9,16.364999999999696,0.5438435685915164
CADJPY_AMR,2025-12-01,BUY,EXACT/ACCEPTABLE MATCH,14.0,9.3,13.950000000000529,0.5232974910394067
CADJPY_AMR,2025-12-02,BUY,EXACT/ACCEPTABLE MATCH,13.9,9.3,13.927500000001912,0.5241428827857832
CADJPY_AMR,2025-12-05,BUY,EXACT/ACCEPTABLE MATCH,10.6,7.1,10.582500000001716,0.4819277108432953
CADJPY_AMR,2025-12-08,BUY,EXACT/ACCEPTABLE MATCH,21.4,14.2,21.37500000000188,0.5754385964911776
CADJPY_AMR,2025-12-09,SELL,EXACT/ACCEPTABLE MATCH,15.2,10.1,15.225000000002352,0.5385878489325933
CADJPY_AMR,2025-12-10,BUY,EXACT/ACCEPTABLE MATCH,9.8,6.6,9.825000000000015,0.4681933842239177
CADJPY_AMR,2025-12-11,BUY,EXACT/ACCEPTABLE MATCH,30.2,20.1,30.14999999999901,-1.0646766169154578
CADJPY_AMR,2025-12-15,BUY,EXACT/ACCEPTABLE MATCH,18.4,12.3,18.44250000000045,0.5584926121729564
CADJPY_AMR,2025-12-16,BUY,EXACT/ACCEPTABLE MATCH,13.7,9.1,13.664999999999594,0.5195755579948929
CADJPY_AMR,2025-12-17,BUY,EXACT/ACCEPTABLE MATCH,15.5,10.3,15.472499999999911,0.5364356115689157
CADJPY_AMR,2025-12-18,SELL,EXACT/ACCEPTABLE MATCH,20.0,13.3,19.98750000000058,-1.1006879299561907
CADJPY_AMR,2025-12-19,SELL,EXACT/ACCEPTABLE MATCH,18.1,12.1,18.127500000002783,-1.1088125775753366
CADJPY_AMR,2025-12-22,BUY,EXACT/ACCEPTABLE MATCH,17.5,11.7,17.474999999998175,0.5493562231760231
CADJPY_AMR,2025-12-23,BUY,EXACT/ACCEPTABLE MATCH,15.3,10.2,15.330000000001576,-1.1285061969992318
CADJPY_AMR,2025-12-24,BUY,EXACT/ACCEPTABLE MATCH,18.5,12.3,18.464999999999065,-1.1102085025724906
CADJPY_AMR,2025-12-26,SELL,EXACT/ACCEPTABLE MATCH,31.0,20.6,30.952500000002203,-1.0661497455778255
CADJPY_AMR,2025-12-29,BUY,EXACT/ACCEPTABLE MATCH,12.3,8.2,12.284999999998549,0.5046805046805644
CADJPY_AMR,2025-12-30,SELL,EXACT/ACCEPTABLE MATCH,22.7,15.1,22.725000000001927,0.5808580858085316
CADJPY_AMR,2025-12-31,BUY,EXACT/ACCEPTABLE MATCH,19.7,13.1,19.672500000002916,0.5642394205107819
CADJPY_AMR,2026-01-05,BUY,EXACT/ACCEPTABLE MATCH,17.8,11.9,17.827500000003482,0.555321834244738
CADJPY_AMR,2026-01-06,SELL,EXACT/ACCEPTABLE MATCH,19.9,13.2,19.85249999999823,0.5641606850523107
CADJPY_AMR,2026-01-07,BUY,EXACT/ACCEPTABLE MATCH,14.7,9.8,14.692499999999598,0.5308831036243127
CADJPY_AMR,2026-01-08,SELL,EXACT/ACCEPTABLE MATCH,17.5,11.6,17.46000000000194,0.549828178694097
CADJPY_AMR,2026-01-12,SELL,EXACT/ACCEPTABLE MATCH,14.8,9.9,14.827499999999816,0.53279379531277
CADJPY_AMR,2026-01-13,BUY,EXACT/ACCEPTABLE MATCH,13.1,8.7,13.07249999999911,0.5125262956588607
CADJPY_AMR,2026-01-14,SELL,EXACT/ACCEPTABLE MATCH,17.0,11.4,17.047500000001037,0.5514004986068003
CADJPY_AMR,2026-01-15,BUY,EXACT/ACCEPTABLE MATCH,23.5,15.6,23.467500000001,0.5795248748268637
CADJPY_AMR,2026-01-16,SELL,EXACT/ACCEPTABLE MATCH,11.9,8.0,11.94749999999587,0.5021971123667776
CADJPY_AMR,2026-01-19,BUY,EXACT/ACCEPTABLE MATCH,22.8,15.2,22.81500000000065,0.5785667324128697
CADJPY_AMR,2026-01-20,BUY,EXACT/ACCEPTABLE MATCH,8.5,5.7,8.497500000000713,0.435422182994962
CADJPY_AMR,2026-01-22,SELL,EXACT/ACCEPTABLE MATCH,14.8,9.8,14.760000000001838,-1.1382113821136794
CADJPY_AMR,2026-01-23,SELL,EXACT/ACCEPTABLE MATCH,13.4,9.0,13.447499999998769,-1.1451942740287346
CADJPY_AMR,2026-01-26,BUY,EXACT/ACCEPTABLE MATCH,95.2,63.5,95.20500000000354,-1.020954781786633
CADJPY_AMR,2026-01-27,SELL,EXACT/ACCEPTABLE MATCH,24.1,16.1,24.082500000000092,0.5854873871068179
CADJPY_AMR,2026-01-28,SELL,EXACT/ACCEPTABLE MATCH,31.0,20.7,31.0124999999978,-1.0640870616687574
CADJPY_AMR,2026-01-29,BUY,EXACT/ACCEPTABLE MATCH,18.1,12.1,18.149999999999267,0.5564738292011244
CADJPY_AMR,2026-01-30,SELL,EXACT/ACCEPTABLE MATCH,17.5,11.7,17.497500000001054,-1.1144449207028904
CADJPY_AMR,2026-02-02,SELL,EXACT/ACCEPTABLE MATCH,44.2,29.4,44.16749999999965,0.6203656534782411
CADJPY_AMR,2026-02-03,SELL,EXACT/ACCEPTABLE MATCH,15.8,10.5,15.810000000000455,0.537634408602135
CADJPY_AMR,2026-02-04,SELL,EXACT/ACCEPTABLE MATCH,15.4,10.3,15.434999999998666,-1.1273080660836736
CADJPY_AMR,2026-02-05,SELL,EXACT/ACCEPTABLE MATCH,12.7,8.5,12.682500000003216,0.5125172481764914
CADJPY_AMR,2026-02-06,BUY,EXACT/ACCEPTABLE MATCH,25.2,16.8,25.237500000000068,-1.07776126795443
CADJPY_AMR,2026-02-09,BUY,EXACT/ACCEPTABLE MATCH,32.8,21.9,32.782499999999004,0.6070311904217373
CADJPY_AMR,2026-02-10,BUY,EXACT/ACCEPTABLE MATCH,19.7,13.1,19.687499999997016,0.5638095238096092
CADJPY_AMR,2026-02-11,BUY,EXACT/ACCEPTABLE MATCH,24.2,16.1,24.17999999999907,-1.083540115798222
CADJPY_AMR,2026-02-12,SELL,EXACT/ACCEPTABLE MATCH,21.8,14.5,21.78749999999852,0.5737234652897694
CADJPY_AMR,2026-02-13,SELL,EXACT/ACCEPTABLE MATCH,39.9,26.6,39.93749999999992,0.6159624413145554
CADJPY_AMR,2026-02-16,SELL,EXACT/ACCEPTABLE MATCH,39.0,26.0,38.99249999999839,-1.0514842597935936
CADJPY_AMR,2026-02-17,SELL,EXACT/ACCEPTABLE MATCH,15.1,10.1,15.11249999999862,0.5359801488834236
CADJPY_AMR,2026-02-18,BUY,EXACT/ACCEPTABLE MATCH,13.4,9.0,13.447499999998769,0.520542851831243
CADJPY_AMR,2026-02-19,SELL,EXACT/ACCEPTABLE MATCH,19.7,13.2,19.73249999999851,-1.0997086025593128
CADJPY_AMR,2026-02-20,SELL,EXACT/ACCEPTABLE MATCH,27.4,18.2,27.3674999999983,0.5919429980817029
CADJPY_AMR,2026-02-23,BUY,EXACT/ACCEPTABLE MATCH,19.5,13.0,19.46999999999832,-1.1042629686698435
CADJPY_AMR,2026-02-24,SELL,EXACT/ACCEPTABLE MATCH,21.1,14.1,21.14249999999842,-1.0925860234126392
CADJPY_AMR,2026-02-25,SELL,EXACT/ACCEPTABLE MATCH,13.9,9.3,13.88250000000042,0.5258418872681274
CADJPY_AMR,2026-02-26,BUY,EXACT/ACCEPTABLE MATCH,22.1,14.7,22.09500000000233,0.5747906766236098
CADJPY_AMR,2026-03-02,SELL,EXACT/ACCEPTABLE MATCH,21.1,14.1,21.11250000000382,-1.094138543516676
CADJPY_AMR,2026-03-03,SELL,EXACT/ACCEPTABLE MATCH,17.3,11.5,17.31749999999934,0.5485780280063728
CADJPY_AMR,2026-03-04,BUY,EXACT/ACCEPTABLE MATCH,26.6,17.8,26.64749999999998,0.5929261656815841
CADJPY_AMR,2026-03-05,BUY,EXACT/ACCEPTABLE MATCH,33.6,22.4,33.585000000000065,0.6074140241179086
CADJPY_AMR,2026-03-09,SELL,EXACT/ACCEPTABLE MATCH,51.0,34.0,50.96250000000353,-1.03998037772865
CADJPY_AMR,2026-03-10,BUY,EXACT/ACCEPTABLE MATCH,25.3,16.8,25.259999999998684,0.5859065716548207
CADJPY_AMR,2026-03-11,SELL,EXACT/ACCEPTABLE MATCH,15.7,10.5,15.71999999999747,-1.1259541984734636
CADJPY_AMR,2026-03-12,SELL,EXACT/ACCEPTABLE MATCH,17.1,11.4,17.0774999999999,0.550431854779684
CADJPY_AMR,2026-03-16,BUY,EXACT/ACCEPTABLE MATCH,18.3,12.2,18.33000000000098,0.5564648117839309
CADJPY_AMR,2026-03-17,SELL,EXACT/ACCEPTABLE MATCH,19.7,13.1,19.695000000001528,0.5635948210205198
CADJPY_AMR,2026-03-18,BUY,EXACT/ACCEPTABLE MATCH,9.8,6.6,9.832499999996005,0.4678362573101317
CADJPY_AMR,2026-03-19,SELL,EXACT/ACCEPTABLE MATCH,13.3,8.9,13.305000000000431,0.5186020293122717
CADJPY_AMR,2026-03-20,SELL,EXACT/ACCEPTABLE MATCH,27.6,18.4,27.555000000002394,-1.0742152059516397
CADJPY_AMR,2026-03-23,BUY,EXACT/ACCEPTABLE MATCH,21.5,14.3,21.47249999999872,0.5728257073000692
CADJPY_AMR,2026-03-24,SELL,EXACT/ACCEPTABLE MATCH,13.8,9.2,13.81500000000031,0.5211726384364704
CADJPY_AMR,2026-03-30,BUY,EXACT/ACCEPTABLE MATCH,14.1,9.4,14.145000000000609,-1.1382113821137725
CADJPY_AMR,2026-03-31,SELL,EXACT/ACCEPTABLE MATCH,19.9,13.2,19.85999999999848,0.5639476334340814
CADJPY_AMR,2026-04-01,SELL,EXACT/ACCEPTABLE MATCH,10.9,7.3,10.942499999996611,-1.1788896504458757
CADJPY_AMR,2026-04-03,BUY,EXACT/ACCEPTABLE MATCH,11.2,7.5,11.242500000000176,0.4892150322437103
CADJPY_AMR,2026-04-06,BUY,EXACT/ACCEPTABLE MATCH,11.3,7.6,11.33999999999702,0.4938271604939569
CADJPY_AMR,2026-04-07,BUY,EXACT/ACCEPTABLE MATCH,8.9,5.9,8.88750000000087,0.4388185654008009
CADJPY_AMR,2026-04-08,BUY,EXACT/ACCEPTABLE MATCH,19.1,12.7,19.110000000001293,-1.1041339612767438
CADJPY_AMR,2026-04-09,SELL,EXACT/ACCEPTABLE MATCH,21.7,14.5,21.71249999999816,-1.0915371329880028
CADJPY_AMR,2026-04-13,BUY,EXACT/ACCEPTABLE MATCH,14.9,9.9,14.864999999998927,0.5314497140935466
CADJPY_AMR,2026-04-17,BUY,EXACT/ACCEPTABLE MATCH,15.8,10.5,15.817500000000706,0.5373794847478818
CADJPY_AMR,2026-04-23,BUY,EXACT/ACCEPTABLE MATCH,16.1,10.7,16.117499999997875,0.5397859469521419
CADJPY_AMR,2026-04-29,BUY,EXACT/ACCEPTABLE MATCH,8.7,5.8,8.670000000002176,0.4382929642444113
CADJPY_AMR,2026-05-01,SELL,EXACT/ACCEPTABLE MATCH,39.9,26.6,39.9150000000013,0.6163096580232795
CADJPY_AMR,2026-05-04,BUY,EXACT/ACCEPTABLE MATCH,35.4,23.6,35.3699999999975,0.6106870229008065
CADJPY_AMR,2026-05-06,BUY,EXACT/ACCEPTABLE MATCH,10.2,6.8,10.162500000002694,0.4723247232471072
CADJPY_AMR,2026-05-07,BUY,EXACT/ACCEPTABLE MATCH,16.3,10.8,16.275000000000972,0.5468509984638691
CADJPY_AMR,2026-05-08,BUY,EXACT/ACCEPTABLE MATCH,19.0,12.7,18.982500000001323,0.5636770709863955
CADJPY_AMR,2026-05-11,BUY,EXACT/ACCEPTABLE MATCH,24.0,16.0,23.962499999996112,0.5842462180491298
CADJPY_AMR,2026-05-12,BUY,EXACT/ACCEPTABLE MATCH,10.5,7.0,10.499999999996843,0.4761904761906192
CADJPY_AMR,2026-05-13,SELL,EXACT/ACCEPTABLE MATCH,13.6,9.1,13.642499999998847,0.5204324720542862
CADJPY_AMR,2026-05-14,BUY,EXACT/ACCEPTABLE MATCH,10.2,6.8,10.215000000002306,-1.1943220753790744
CADJPY_AMR,2026-05-18,BUY,EXACT/ACCEPTABLE MATCH,32.0,21.4,32.032499999999686,0.6056349020526087
CADJPY_AMR,2026-05-19,BUY,EXACT/ACCEPTABLE MATCH,18.3,12.2,18.269999999998987,0.5582922824302444
CADJPY_AMR,2026-05-20,BUY,EXACT/ACCEPTABLE MATCH,8.8,5.8,8.775000000001398,-1.2307692307690348
CADJPY_AMR,2026-05-22,BUY,EXACT/ACCEPTABLE MATCH,15.1,10.0,15.052500000003022,0.5314731772129808
CADJPY_AMR,2026-05-25,BUY,EXACT/ACCEPTABLE MATCH,44.6,29.7,44.6025000000013,0.6210414214449682
CADJPY_AMR,2026-05-26,BUY,MISMATCH (false positive -- reconstructed signal not in history),,,,
CADJPY_AMR,2026-05-27,SELL,MISMATCH (false positive -- reconstructed signal not in history),,,,
CADJPY_AMR,2026-05-28,BUY,EXACT/ACCEPTABLE MATCH,21.2,14.2,21.224999999999028,-1.0930506478210158
CADJPY_AMR,2026-06-02,BUY,EXACT/ACCEPTABLE MATCH,17.6,11.8,17.63249999999701,0.5557918616192634
CADJPY_AMR,2026-06-03,BUY,EXACT/ACCEPTABLE MATCH,18.1,12.1,18.089999999999407,0.5583195135434125
CADJPY_AMR,2026-06-05,BUY,EXACT/ACCEPTABLE MATCH,11.9,7.9,11.887500000000273,0.4963196635120812
CADJPY_AMR,2026-06-09,BUY,EXACT/ACCEPTABLE MATCH,9.2,6.1,9.187500000002302,0.4462585034012487
CADJPY_AMR,2026-06-11,BUY,EXACT/ACCEPTABLE MATCH,15.5,10.3,15.517500000001403,0.5348799742226035
CADJPY_AMR,2026-06-12,SELL,EXACT/ACCEPTABLE MATCH,13.9,9.3,13.9199999999974,0.5244252873564197
CADJPY_AMR,2026-06-15,BUY,EXACT/ACCEPTABLE MATCH,23.1,15.4,23.085000000001088,0.5804635044400853
CADJPY_AMR,2026-06-16,BUY,EXACT/ACCEPTABLE MATCH,5.9,3.9,9.712499999996282,-1.2046332046336656
CADJPY_AMR,2026-06-17,BUY,EXACT/ACCEPTABLE MATCH,10.3,6.9,10.327499999999644,0.4744613894940855
CADJPY_AMR,2026-06-19,BUY,EXACT/ACCEPTABLE MATCH,16.0,10.7,16.019999999998902,0.5430711610487263
CADJPY_AMR,2026-06-24,BUY,EXACT/ACCEPTABLE MATCH,10.4,6.9,10.37250000000114,0.4724029886719173
CADJPY_AMR,2026-06-25,BUY,EXACT/ACCEPTABLE MATCH,9.1,6.0,9.052499999999952,0.4418668876001128
CADJPY_AMR,2026-06-26,BUY,EXACT/ACCEPTABLE MATCH,11.2,7.5,11.1750000000022,0.4921700223712678
CADJPY_AMR,2026-06-29,BUY,EXACT/ACCEPTABLE MATCH,12.3,8.2,12.292499999998796,0.5043725849095471
CADJPY_AMR,2026-06-30,BUY,EXACT/ACCEPTABLE MATCH,11.4,7.6,11.407500000001392,0.4909051062896618
CADJPY_AMR,2026-07-02,BUY,EXACT/ACCEPTABLE MATCH,8.3,5.5,8.294999999996122,0.4219409282702394
CADJPY_AMR,2026-07-03,BUY,EXACT/ACCEPTABLE MATCH,9.7,6.5,9.74249999999941,0.4618937644342081
CADJPY_AMR,2026-07-07,BUY,EXACT/ACCEPTABLE MATCH,10.1,6.8,10.132500000001698,0.4737231680236067
CADJPY_AMR,2026-07-08,SELL,EXACT/ACCEPTABLE MATCH,10.5,7.0,10.537500000000222,0.4744958481613186
CADJPY_AMR,2026-07-09,BUY,EXACT/ACCEPTABLE MATCH,7.6,5.1,7.589999999998298,0.4084321475626739
CADJPY_AMR,2026-07-10,BUY,EXACT/ACCEPTABLE MATCH,4.7,3.1,8.287499999998005,0.4223227752640534
CADJPY_AMR,2026-07-13,BUY,EXACT/ACCEPTABLE MATCH,18.8,12.5,18.817499999997978,0.557991231566421
CADJPY_AMR,2026-07-16,BUY,MISMATCH (false positive -- reconstructed signal not in history),,,,
CADJPY_AMR,2026-07-17,SELL,EXACT/ACCEPTABLE MATCH,8.7,5.8,8.677499999998162,-1.2330740420630673
CADJPY_AMR,2026-07-21,BUY,EXACT/ACCEPTABLE MATCH,28.0,18.7,27.98999999999978,0.59664165773491
CADJPY_AMR,2026-07-24,BUY,EXACT/ACCEPTABLE MATCH,7.5,5.0,7.522499999998189,0.3988035892323991
CADJPY_AMR,2026-07-27,BUY,EXACT/ACCEPTABLE MATCH,12.5,8.3,12.472500000000508,0.505111244738404
CADJPY_AMR,2026-07-28,BUY,EXACT/ACCEPTABLE MATCH,9.3,6.2,9.337500000000889,0.4497991967871059
CADJPY_AMR,2026-07-31,SELL,EXACT/ACCEPTABLE MATCH,65.2,43.4,65.16749999999973,0.6352859937852483
CADJPY_AMR,2026-08-03,BUY,EXACT/ACCEPTABLE MATCH,127.4,85.0,127.44749999999954,-1.0153200337393866
CADJPY_AMR,2026-08-04,SELL,EXACT/ACCEPTABLE MATCH,39.0,26.0,38.99250000000052,-1.051484259793536
CADJPY_AMR,2026-08-05,BUY,EXACT/ACCEPTABLE MATCH,19.1,12.7,19.102499999998912,-1.1045674649915562
CADJPY_AMR,2026-08-07,SELL,MISMATCH (false positive -- reconstructed signal not in history),,,,
CADJPY_AMR,2026-08-10,SELL,EXACT/ACCEPTABLE MATCH,23.3,15.5,23.30249999999978,-1.0857204162643594
CADJPY_AMR,2026-08-11,BUY,EXACT/ACCEPTABLE MATCH,15.5,10.3,15.495000000000658,0.5356566634397966
CADJPY_AMR,2026-08-12,BUY,EXACT/ACCEPTABLE MATCH,9.4,6.3,9.382499999995986,0.4583000266455465
CADJPY_AMR,2023-08-01,SELL,MISMATCH (false negative -- historical trade not reconstructed),,,,
CADJPY_AMR,2023-08-14,SELL,MISMATCH (false negative -- historical trade not reconstructed),,,,
CADJPY_AMR,2024-04-03,BUY,MISMATCH (false negative -- historical trade not reconstructed),,,,
EURJPY_AMR,2023-08-01,SELL,EXACT/ACCEPTABLE MATCH,34.0,22.6,17.32499999999959,0.5483405483405613
EURJPY_AMR,2023-08-02,SELL,EXACT/ACCEPTABLE MATCH,21.2,14.1,21.18000000000393,0.5712936732765701
EURJPY_AMR,2023-08-03,SELL,EXACT/ACCEPTABLE MATCH,15.6,10.4,15.600000000002012,0.538461538461469
EURJPY_AMR,2023-08-04,BUY,EXACT/ACCEPTABLE MATCH,20.2,13.5,20.24249999999625,0.568111646288854
EURJPY_AMR,2023-08-07,BUY,EXACT/ACCEPTABLE MATCH,22.7,15.1,22.68750000000068,0.5774104683195419
EURJPY_AMR,2023-08-08,BUY,EXACT/ACCEPTABLE MATCH,10.5,7.0,10.462499999999864,0.4778972520908067
EURJPY_AMR,2023-08-09,SELL,EXACT/ACCEPTABLE MATCH,33.6,22.4,33.59999999999843,0.6071428571428854
EURJPY_AMR,2023-08-10,SELL,EXACT/ACCEPTABLE MATCH,18.6,12.4,18.57750000000067,-1.1088682546090305
EURJPY_AMR,2023-08-14,BUY,EXACT/ACCEPTABLE MATCH,18.6,12.4,18.592500000001166,0.5593653354847034
EURJPY_AMR,2023-08-15,BUY,EXACT/ACCEPTABLE MATCH,15.3,10.2,15.345000000002074,0.5343760182469137
EURJPY_AMR,2023-08-16,SELL,EXACT/ACCEPTABLE MATCH,11.7,7.8,11.662499999997069,0.497320471597124
EURJPY_AMR,2023-08-17,SELL,EXACT/ACCEPTABLE MATCH,12.4,8.3,12.420000000003029,0.5072463768114704
EURJPY_AMR,2023-08-18,BUY,EXACT/ACCEPTABLE MATCH,23.2,15.5,23.175000000001944,0.5825242718446113
EURJPY_AMR,2023-08-21,SELL,EXACT/ACCEPTABLE MATCH,33.7,22.5,33.74250000000103,-1.0580128917536908
EURJPY_AMR,2023-08-22,SELL,EXACT/ACCEPTABLE MATCH,19.3,12.9,19.342500000000484,0.5635259144371062
EURJPY_AMR,2023-08-23,BUY,EXACT/ACCEPTABLE MATCH,17.7,11.8,17.729999999995982,-1.111111111111363
EURJPY_AMR,2023-08-24,BUY,EXACT/ACCEPTABLE MATCH,24.1,16.1,24.10499999999871,0.5849408836341321
EURJPY_AMR,2023-08-25,BUY,EXACT/ACCEPTABLE MATCH,22.3,14.8,22.26749999999953,0.5748287863478285
EURJPY_AMR,2023-08-28,SELL,EXACT/ACCEPTABLE MATCH,32.5,21.6,32.474999999999454,-1.0623556581986322
EURJPY_AMR,2023-08-29,SELL,MISMATCH (false positive -- reconstructed signal not in history),,,,
EURJPY_AMR,2023-08-30,SELL,EXACT/ACCEPTABLE MATCH,26.6,17.7,26.57999999999987,0.5906696764484604
EURJPY_AMR,2023-08-31,BUY,EXACT/ACCEPTABLE MATCH,19.2,12.8,19.199999999997885,0.562500000000062
EURJPY_AMR,2023-09-01,BUY,EXACT/ACCEPTABLE MATCH,13.5,9.0,13.500000000000512,0.5185185185184988
EURJPY_AMR,2023-09-04,BUY,EXACT/ACCEPTABLE MATCH,13.5,9.0,13.507499999998627,0.5182306126226697
EURJPY_AMR,2023-09-05,BUY,EXACT/ACCEPTABLE MATCH,20.8,13.8,20.759999999998517,0.5684007707129501
EURJPY_AMR,2023-09-06,BUY,EXACT/ACCEPTABLE MATCH,22.1,14.7,22.0799999999997,0.5751811594202977
EURJPY_AMR,2023-09-07,SELL,EXACT/ACCEPTABLE MATCH,23.4,15.6,23.4375,0.5802666666666666
EURJPY_AMR,2023-09-08,SELL,EXACT/ACCEPTABLE MATCH,13.7,9.1,13.70250000000084,0.5181536216018657
EURJPY_AMR,2023-09-11,BUY,EXACT/ACCEPTABLE MATCH,120.2,80.1,120.2100000000044,0.649696364695093
EURJPY_AMR,2023-09-12,SELL,MISMATCH (false positive -- reconstructed signal not in history),,,,
EURJPY_AMR,2023-09-13,SELL,EXACT/ACCEPTABLE MATCH,46.1,30.8,46.1474999999993,0.6240858117991319
EURJPY_AMR,2023-09-14,BUY,EXACT/ACCEPTABLE MATCH,17.0,11.3,16.96500000000043,-1.1199528440907467
EURJPY_AMR,2023-09-15,BUY,EXACT/ACCEPTABLE MATCH,17.8,11.9,17.790000000002237,0.5564924114670464
EURJPY_AMR,2023-09-18,BUY,EXACT/ACCEPTABLE MATCH,31.9,21.3,31.94250000000096,0.6042106910855262
EURJPY_AMR,2023-09-19,BUY,EXACT/ACCEPTABLE MATCH,16.4,11.0,16.447499999998172,0.5471956224350814
EURJPY_AMR,2023-09-20,BUY,EXACT/ACCEPTABLE MATCH,13.6,9.0,13.574999999998738,0.5156537753223316
EURJPY_AMR,2023-09-21,BUY,EXACT/ACCEPTABLE MATCH,30.4,20.2,30.36749999999984,-1.0669301061990673
EURJPY_AMR,2023-09-22,BUY,EXACT/ACCEPTABLE MATCH,20.3,13.6,20.325000000001125,0.570725707257041
EURJPY_AMR,2023-09-26,BUY,EXACT/ACCEPTABLE MATCH,15.7,10.5,15.73500000000223,0.5401970130282043
EURJPY_AMR,2023-09-27,BUY,EXACT/ACCEPTABLE MATCH,30.8,20.5,30.76500000000237,0.6013326832438997
EURJPY_AMR,2023-09-28,BUY,EXACT/ACCEPTABLE MATCH,25.9,17.2,25.852499999999168,0.5879508751571604
EURJPY_AMR,2023-09-29,SELL,EXACT/ACCEPTABLE MATCH,15.1,10.1,15.11250000000075,-1.1315136476426235
EURJPY_AMR,2023-10-02,SELL,EXACT/ACCEPTABLE MATCH,14.3,9.6,14.347499999996671,-1.13608642620692
EURJPY_AMR,2023-10-03,BUY,EXACT/ACCEPTABLE MATCH,16.9,11.3,16.904999999998438,-1.1180124223603516
EURJPY_AMR,2023-10-05,BUY,EXACT/ACCEPTABLE MATCH,39.5,26.3,39.4574999999989,0.6158524995248223
EURJPY_AMR,2023-10-06,SELL,EXACT/ACCEPTABLE MATCH,13.7,9.2,13.747500000002333,0.5237315875612859
EURJPY_AMR,2023-10-09,BUY,EXACT/ACCEPTABLE MATCH,112.4,74.9,112.38000000000028,0.6486919380672702
EURJPY_AMR,2023-10-10,SELL,MISMATCH (false positive -- reconstructed signal not in history),,,,
EURJPY_AMR,2023-10-11,BUY,MISMATCH (false positive -- reconstructed signal not in history),,,,
EURJPY_AMR,2023-10-12,SELL,EXACT/ACCEPTABLE MATCH,25.5,17.0,25.499999999998124,0.5882352941176904
EURJPY_AMR,2023-10-13,SELL,EXACT/ACCEPTABLE MATCH,7.4,5.0,11.009999999998854,-1.1807447774751456
EURJPY_AMR,2023-10-16,BUY,EXACT/ACCEPTABLE MATCH,20.6,13.7,20.5949999999973,0.5680990531683192
EURJPY_AMR,2023-10-17,SELL,EXACT/ACCEPTABLE MATCH,14.2,9.4,14.152499999998724,0.5228758169935112
EURJPY_AMR,2023-10-18,BUY,EXACT/ACCEPTABLE MATCH,14.0,9.3,13.987500000006037,-1.1438784629128218
EURJPY_AMR,2023-10-19,BUY,EXACT/ACCEPTABLE MATCH,18.7,12.5,18.675000000001774,0.5622489959838823
EURJPY_AMR,2023-10-23,BUY,EXACT/ACCEPTABLE MATCH,14.4,9.6,14.430000000001542,0.5266805266804704
EURJPY_AMR,2023-10-25,SELL,EXACT/ACCEPTABLE MATCH,13.8,9.2,13.82250000000056,0.5208898534997076
EURJPY_AMR,2023-10-27,BUY,EXACT/ACCEPTABLE MATCH,13.8,9.2,13.83000000000294,-1.1424439624003355
EURJPY_AMR,2023-10-30,SELL,EXACT/ACCEPTABLE MATCH,20.7,13.8,20.692499999998404,0.5702549232814261
EURJPY_AMR,2023-10-31,SELL,EXACT/ACCEPTABLE MATCH,19.4,12.9,19.39500000000436,-1.1033771590613657
EURJPY_AMR,2023-11-01,BUY,EXACT/ACCEPTABLE MATCH,21.7,14.4,21.667499999996664,-1.0938040844584584
EURJPY_AMR,2023-11-02,BUY,EXACT/ACCEPTABLE MATCH,34.2,22.8,34.16249999999792,0.6088547383827667
EURJPY_AMR,2023-11-06,BUY,EXACT/ACCEPTABLE MATCH,23.3,15.5,23.27250000000305,0.5800837898806845
EURJPY_AMR,2023-11-07,SELL,EXACT/ACCEPTABLE MATCH,9.1,6.1,9.105000000003828,-1.2191103789121729
EURJPY_AMR,2023-11-09,BUY,EXACT/ACCEPTABLE MATCH,25.3,16.9,25.335000000001173,0.5881192026840067
EURJPY_AMR,2023-11-13,BUY,EXACT/ACCEPTABLE MATCH,17.2,11.5,17.212499999997988,0.5519244734931654
EURJPY_AMR,2023-11-14,SELL,EXACT/ACCEPTABLE MATCH,13.8,9.2,13.807500000004325,0.5214557305810426
EURJPY_AMR,2023-11-15,SELL,EXACT/ACCEPTABLE MATCH,16.7,11.1,16.71000000000049,-1.1190903650508348
EURJPY_AMR,2023-11-16,BUY,EXACT/ACCEPTABLE MATCH,17.4,11.6,17.43749999999693,-1.1125448028675793
EURJPY_AMR,2023-11-17,BUY,EXACT/ACCEPTABLE MATCH,22.0,14.7,21.97499999999621,0.5733788395905425
EURJPY_AMR,2023-11-20,SELL,EXACT/ACCEPTABLE MATCH,33.7,22.5,33.74250000000103,0.6075424168333519
EURJPY_AMR,2023-11-21,BUY,EXACT/ACCEPTABLE MATCH,16.9,11.2,16.867499999999325,0.5454275974507407
EURJPY_AMR,2023-11-22,BUY,EXACT/ACCEPTABLE MATCH,31.1,20.8,31.13999999999777,0.603725112395676
EURJPY_AMR,2023-11-23,BUY,EXACT/ACCEPTABLE MATCH,26.7,17.8,26.737500000002967,0.5909303412809068
EURJPY_AMR,2023-11-24,BUY,EXACT/ACCEPTABLE MATCH,14.6,9.7,14.595000000002756,0.5275779376497804
EURJPY_AMR,2023-11-27,BUY,EXACT/ACCEPTABLE MATCH,30.7,20.4,30.66750000000127,-1.066275372951778
EURJPY_AMR,2023-11-28,BUY,EXACT/ACCEPTABLE MATCH,15.8,10.5,15.817500000002838,0.5373794847478094
EURJPY_AMR,2023-11-29,BUY,EXACT/ACCEPTABLE MATCH,35.0,23.3,34.98749999999973,0.6087888531618483
EURJPY_AMR,2023-11-30,BUY,EXACT/ACCEPTABLE MATCH,34.4,22.9,34.379999999998745,-1.0587550901687413
EURJPY_AMR,2023-12-01,BUY,EXACT/ACCEPTABLE MATCH,19.4,12.9,19.41749999999871,-1.1020986223767952
EURJPY_AMR,2023-12-04,BUY,EXACT/ACCEPTABLE MATCH,50.7,33.8,50.73000000000008,0.6268480189237129
EURJPY_AMR,2023-12-06,BUY,EXACT/ACCEPTABLE MATCH,13.6,9.0,13.56750000000062,0.5159388243965123
EURJPY_AMR,2023-12-07,BUY,EXACT/ACCEPTABLE MATCH,31.8,21.2,31.76249999999925,-1.0641479732389074
EURJPY_AMR,2023-12-08,BUY,EXACT/ACCEPTABLE MATCH,103.4,68.9,103.35750000000132,0.64726797765038
EURJPY_AMR,2023-12-11,SELL,EXACT/ACCEPTABLE MATCH,36.0,24.0,35.97000000000037,-1.0564359188212291
EURJPY_AMR,2023-12-12,BUY,EXACT/ACCEPTABLE MATCH,19.4,12.9,19.39500000000436,-1.1033771590613657
EURJPY_AMR,2023-12-13,BUY,EXACT/ACCEPTABLE MATCH,26.0,17.3,25.987499999999383,0.5887445887446027
EURJPY_AMR,2023-12-14,BUY,EXACT/ACCEPTABLE MATCH,72.5,48.4,72.53999999999934,-1.0270195754066815
EURJPY_AMR,2023-12-15,SELL,EXACT/ACCEPTABLE MATCH,42.3,28.2,42.26999999999634,0.6198249349420929
EURJPY_AMR,2023-12-18,BUY,EXACT/ACCEPTABLE MATCH,26.8,17.8,26.760000000001583,0.5904334828101295
EURJPY_AMR,2023-12-19,BUY,EXACT/ACCEPTABLE MATCH,35.2,23.5,35.197500000002435,-1.056893245258823
EURJPY_AMR,2023-12-20,SELL,EXACT/ACCEPTABLE MATCH,16.1,10.7,16.109999999997626,0.540037243947938
EURJPY_AMR,2023-12-21,BUY,EXACT/ACCEPTABLE MATCH,87.6,58.4,87.60750000000286,0.1346916645264345
EURJPY_AMR,2023-12-22,BUY,MISMATCH (false positive -- reconstructed signal not in history),,,,
EURJPY_AMR,2023-12-25,BUY,EXACT/ACCEPTABLE MATCH,42.9,28.6,42.86999999999921,0.6204805225099251
EURJPY_AMR,2023-12-27,BUY,EXACT/ACCEPTABLE MATCH,17.0,11.3,17.017500000004304,0.5464962538561862
EURJPY_AMR,2023-12-28,BUY,EXACT/ACCEPTABLE MATCH,57.5,38.3,57.45000000000147,0.6318537859007671
EURJPY_AMR,2023-12-29,BUY,EXACT/ACCEPTABLE MATCH,22.3,14.9,22.312500000001023,0.5781512605041752
EURJPY_AMR,2024-01-02,BUY,EXACT/ACCEPTABLE MATCH,37.2,24.8,37.19250000000045,0.6130268199233643
EURJPY_AMR,2024-01-03,SELL,EXACT/ACCEPTABLE MATCH,27.2,18.2,27.224999999995703,0.5913682277319575
EURJPY_AMR,2024-01-04,BUY,EXACT/ACCEPTABLE MATCH,37.2,24.8,37.17749999999995,0.6132741577567085
EURJPY_AMR,2024-01-05,BUY,EXACT/ACCEPTABLE MATCH,30.0,20.0,29.97000000000156,0.6006006006005693
EURJPY_AMR,2024-01-08,BUY,EXACT/ACCEPTABLE MATCH,49.1,32.8,49.14750000000083,0.6266849788900652
EURJPY_AMR,2024-01-09,BUY,EXACT/ACCEPTABLE MATCH,9.4,6.3,9.375,0.448
EURJPY_AMR,2024-01-10,SELL,EXACT/ACCEPTABLE MATCH,23.6,15.7,23.60250000000121,-1.084630865374375
EURJPY_AMR,2024-01-11,SELL,EXACT/ACCEPTABLE MATCH,21.8,14.5,21.809999999999263,0.573131591013316
EURJPY_AMR,2024-01-12,BUY,EXACT/ACCEPTABLE MATCH,43.6,29.0,43.559999999996535,0.619834710743851
EURJPY_AMR,2024-01-15,BUY,EXACT/ACCEPTABLE MATCH,19.8,13.2,19.81500000000125,0.565228362351718
EURJPY_AMR,2024-01-16,BUY,EXACT/ACCEPTABLE MATCH,18.7,12.5,18.689999999998008,0.5617977528090486
EURJPY_AMR,2024-01-17,SELL,EXACT/ACCEPTABLE MATCH,16.9,11.2,16.860000000001207,-1.1209964412810585
EURJPY_AMR,2024-01-18,SELL,EXACT/ACCEPTABLE MATCH,20.3,13.5,20.264999999999134,0.5674808783617317
EURJPY_AMR,2024-01-19,SELL,EXACT/ACCEPTABLE MATCH,16.2,10.8,16.245000000002108,0.54170514004302
EURJPY_AMR,2024-01-22,BUY,EXACT/ACCEPTABLE MATCH,13.7,9.2,13.74749999999807,0.5237315875614483
EURJPY_AMR,2024-01-23,BUY,EXACT/ACCEPTABLE MATCH,31.1,20.7,31.057500000001426,0.6021089913869159
EURJPY_AMR,2024-01-24,BUY,EXACT/ACCEPTABLE MATCH,20.1,13.4,20.129999999998915,-1.09786388474919
EURJPY_AMR,2024-01-26,BUY,EXACT/ACCEPTABLE MATCH,12.3,8.2,12.337499999998158,0.502532928064918
EURJPY_AMR,2024-01-29,BUY,EXACT/ACCEPTABLE MATCH,29.1,19.4,29.11499999999876,0.5976300875837451
EURJPY_AMR,2024-01-30,BUY,EXACT/ACCEPTABLE MATCH,22.0,14.7,22.03499999999821,0.5763557975947825
EURJPY_AMR,2024-01-31,BUY,EXACT/ACCEPTABLE MATCH,22.9,15.2,22.867500000002394,-1.0888816005246482
EURJPY_AMR,2024-02-01,BUY,EXACT/ACCEPTABLE MATCH,41.8,27.9,41.82750000000084,-1.0471579702348723
EURJPY_AMR,2024-02-02,SELL,EXACT/ACCEPTABLE MATCH,25.0,16.7,24.997499999996364,0.5880588058806736
EURJPY_AMR,2024-02-05,SELL,EXACT/ACCEPTABLE MATCH,19.0,12.7,19.027500000002817,0.5623439758243813
EURJPY_AMR,2024-02-06,BUY,EXACT/ACCEPTABLE MATCH,14.5,9.6,14.452500000000157,0.525860577754708
EURJPY_AMR,2024-02-07,SELL,EXACT/ACCEPTABLE MATCH,9.3,6.2,9.30749999999989,0.4512489927477893
EURJPY_AMR,2024-02-08,SELL,EXACT/ACCEPTABLE MATCH,29.6,19.7,29.61750000000052,-1.0669367772431653
EURJPY_AMR,2024-02-09,BUY,EXACT/ACCEPTABLE MATCH,14.0,9.3,13.979999999999391,0.5221745350500941
EURJPY_AMR,2024-02-13,BUY,EXACT/ACCEPTABLE MATCH,16.3,10.8,16.252500000000225,0.5414551607444934
EURJPY_AMR,2024-02-14,BUY,EXACT/ACCEPTABLE MATCH,21.8,14.6,21.84000000000026,0.5769230769230701
EURJPY_AMR,2024-02-15,SELL,EXACT/ACCEPTABLE MATCH,14.5,9.7,14.497499999997387,0.5311260562166847
EURJPY_AMR,2024-02-16,SELL,EXACT/ACCEPTABLE MATCH,19.4,12.9,19.3799999999996,-1.1042311661506936
EURJPY_AMR,2024-02-19,BUY,EXACT/ACCEPTABLE MATCH,12.0,8.0,12.022500000004754,0.4990642545225724
EURJPY_AMR,2024-02-20,BUY,EXACT/ACCEPTABLE MATCH,7.8,5.2,7.844999999996105,0.4079031230084881
EURJPY_AMR,2024-02-21,SELL,EXACT/ACCEPTABLE MATCH,18.3,12.2,18.2775000000035,0.5580631924496264
EURJPY_AMR,2024-02-22,SELL,EXACT/ACCEPTABLE MATCH,12.9,8.6,12.90000000000191,-1.1550387596897516
EURJPY_AMR,2024-02-23,BUY,EXACT/ACCEPTABLE MATCH,11.2,7.5,11.205000000001064,0.4908522980811671
EURJPY_AMR,2024-02-26,BUY,EXACT/ACCEPTABLE MATCH,11.3,7.5,11.264999999998793,0.4882379050155871
EURJPY_AMR,2024-02-27,BUY,EXACT/ACCEPTABLE MATCH,10.1,6.7,10.124999999999318,-1.195061728395142
EURJPY_AMR,2024-02-28,BUY,EXACT/ACCEPTABLE MATCH,10.6,7.1,10.642500000001576,-1.183932346722869
EURJPY_AMR,2024-02-29,BUY,EXACT/ACCEPTABLE MATCH,12.1,8.0,12.052500000001489,0.4978220286247052
EURJPY_AMR,2024-03-01,SELL,EXACT/ACCEPTABLE MATCH,19.2,12.8,19.16249999999877,-1.1063274624919168
EURJPY_AMR,2024-03-04,BUY,EXACT/ACCEPTABLE MATCH,16.8,11.2,16.807499999997333,0.5473746839209555
EURJPY_AMR,2024-03-05,BUY,EXACT/ACCEPTABLE MATCH,19.6,13.1,19.61250000000092,0.5659655831739696
EURJPY_AMR,2024-03-07,BUY,EXACT/ACCEPTABLE MATCH,37.2,24.8,37.18499999999807,-1.0541885168751388
EURJPY_AMR,2024-03-08,BUY,EXACT/ACCEPTABLE MATCH,21.3,14.2,21.284999999998888,-1.0946676062955705
EURJPY_AMR,2024-03-11,BUY,EXACT/ACCEPTABLE MATCH,23.8,15.9,23.775000000000546,-1.085173501577262
EURJPY_AMR,2024-03-12,BUY,EXACT/ACCEPTABLE MATCH,16.4,10.9,16.365000000001828,0.5438435685914456
EURJPY_AMR,2024-03-13,BUY,EXACT/ACCEPTABLE MATCH,15.7,10.4,15.65999999999974,-1.1302681992337351
EURJPY_AMR,2024-03-14,SELL,EXACT/ACCEPTABLE MATCH,19.9,13.3,19.874999999998977,0.5635220125786453
EURJPY_AMR,2024-03-15,SELL,EXACT/ACCEPTABLE MATCH,14.9,9.9,14.895000000004188,-1.1346089291705437
EURJPY_AMR,2024-03-18,BUY,EXACT/ACCEPTABLE MATCH,17.3,11.5,17.2649999999976,0.5502461627570994
EURJPY_AMR,2024-03-19,SELL,EXACT/ACCEPTABLE MATCH,23.8,15.9,23.819999999997776,-1.0831234256927964
EURJPY_AMR,2024-03-20,SELL,EXACT/ACCEPTABLE MATCH,17.0,11.3,17.017500000004304,-1.1164977229319932
EURJPY_AMR,2024-03-21,BUY,EXACT/ACCEPTABLE MATCH,48.0,32.0,47.97750000000036,0.6252931061435001
EURJPY_AMR,2024-03-22,BUY,EXACT/ACCEPTABLE MATCH,12.3,8.2,12.337499999998158,0.502532928064918
EURJPY_AMR,2024-03-25,BUY,EXACT/ACCEPTABLE MATCH,6.8,4.6,8.64000000000118,0.4398148148147547
EURJPY_AMR,2024-03-26,BUY,EXACT/ACCEPTABLE MATCH,14.9,9.9,14.902500000002306,0.5301123972487017
EURJPY_AMR,2024-03-27,SELL,EXACT/ACCEPTABLE MATCH,16.6,11.1,16.627499999999884,-1.1186287776274324
EURJPY_AMR,2024-03-28,BUY,EXACT/ACCEPTABLE MATCH,17.1,11.4,17.13749999999976,0.5485047410649238
EURJPY_AMR,2024-03-29,SELL,EXACT/ACCEPTABLE MATCH,15.2,10.1,15.21749999999571,0.5322819122722052
EURJPY_AMR,2024-04-01,SELL,EXACT/ACCEPTABLE MATCH,15.9,10.6,15.870000000002449,0.5419029615626133
EURJPY_AMR,2024-04-02,BUY,EXACT/ACCEPTABLE MATCH,11.4,7.6,11.35500000000178,-1.1800968736237691
EURJPY_AMR,2024-04-03,SELL,EXACT/ACCEPTABLE MATCH,11.7,7.8,11.70749999999856,0.4954089259022603
EURJPY_AMR,2024-04-04,SELL,EXACT/ACCEPTABLE MATCH,13.9,9.3,13.890000000000668,-1.144708423326079
EURJPY_AMR,2024-04-05,BUY,EXACT/ACCEPTABLE MATCH,29.1,19.4,29.11499999999876,0.5976300875837451
EURJPY_AMR,2024-04-08,SELL,EXACT/ACCEPTABLE MATCH,22.0,14.7,22.049999999998704,-1.088435374149724
EURJPY_AMR,2024-04-09,BUY,EXACT/ACCEPTABLE MATCH,20.7,13.8,20.71500000000128,0.5696355298092817
EURJPY_AMR,2024-04-10,BUY,EXACT/ACCEPTABLE MATCH,11.8,7.9,11.797500000001548,0.5001059546513436
EURJPY_AMR,2024-04-12,BUY,EXACT/ACCEPTABLE MATCH,6.3,4.2,15.637500000001124,-1.1254996003196631
EURJPY_AMR,2024-04-15,BUY,EXACT/ACCEPTABLE MATCH,52.0,34.6,51.967500000000655,0.627315148891126
EURJPY_AMR,2024-04-16,BUY,EXACT/ACCEPTABLE MATCH,8.7,5.8,8.699999999998909,0.436781609195457
EURJPY_AMR,2024-04-17,SELL,EXACT/ACCEPTABLE MATCH,22.5,15.0,22.46250000000174,0.5787423483583303
EURJPY_AMR,2024-04-18,BUY,EXACT/ACCEPTABLE MATCH,18.8,12.5,18.75749999999812,0.5597760895642305
EURJPY_AMR,2024-04-19,BUY,EXACT/ACCEPTABLE MATCH,11.1,7.4,11.107499999995696,0.4861580013506273
EURJPY_AMR,2024-04-22,SELL,EXACT/ACCEPTABLE MATCH,24.5,16.3,24.47999999999837,0.5841503267974245
EURJPY_AMR,2024-04-23,BUY,EXACT/ACCEPTABLE MATCH,10.3,6.9,10.275000000000034,0.4768856447688549
EURJPY_AMR,2024-04-24,BUY,EXACT/ACCEPTABLE MATCH,10.7,7.1,10.665000000000193,0.4781997187060392
EURJPY_AMR,2024-04-25,SELL,EXACT/ACCEPTABLE MATCH,27.7,18.5,27.727499999997463,-1.0711387611577934
EURJPY_AMR,2024-04-26,BUY,EXACT/ACCEPTABLE MATCH,17.9,11.9,17.880000000000962,0.5536912751677555
EURJPY_AMR,2024-04-29,SELL,EXACT/ACCEPTABLE MATCH,55.0,36.6,54.967499999997926,-1.0369763951426234
EURJPY_AMR,2024-04-30,SELL,EXACT/ACCEPTABLE MATCH,47.1,31.4,47.12249999999756,-1.0419650909863132
EURJPY_AMR,2024-05-06,BUY,EXACT/ACCEPTABLE MATCH,18.7,12.4,18.65249999999889,0.5575660099182745
EURJPY_AMR,2024-05-07,BUY,EXACT/ACCEPTABLE MATCH,19.6,13.1,19.61999999999904,0.5657492354740339
EURJPY_AMR,2024-05-08,BUY,EXACT/ACCEPTABLE MATCH,17.3,11.5,17.279999999998097,0.5497685185185791
EURJPY_AMR,2024-05-09,BUY,EXACT/ACCEPTABLE MATCH,17.4,11.6,17.44499999999931,0.5503009458297724
EURJPY_AMR,2024-05-10,BUY,EXACT/ACCEPTABLE MATCH,12.7,8.4,12.667500000000588,0.5052299190842474
EURJPY_AMR,2024-05-13,BUY,EXACT/ACCEPTABLE MATCH,27.2,18.2,27.240000000004727,0.594713656387562
EURJPY_AMR,2024-05-14,SELL,EXACT/ACCEPTABLE MATCH,9.5,6.4,9.547500000003597,-1.204503796804993
EURJPY_AMR,2024-05-15,BUY,EXACT/ACCEPTABLE MATCH,10.5,7.0,10.455000000001746,0.4782400765183324
EURJPY_AMR,2024-05-16,BUY,EXACT/ACCEPTABLE MATCH,36.8,24.5,36.80999999999841,-1.0540613963597305
EURJPY_AMR,2024-05-17,SELL,EXACT/ACCEPTABLE MATCH,42.5,28.4,42.53249999999866,0.620701816258175
EURJPY_AMR,2024-05-20,BUY,EXACT/ACCEPTABLE MATCH,27.2,18.1,27.19499999999897,0.5920205920206145
EURJPY_AMR,2024-05-22,SELL,EXACT/ACCEPTABLE MATCH,17.1,11.4,17.07749999999777,-1.1184306836482212
EURJPY_AMR,2024-05-23,SELL,EXACT/ACCEPTABLE MATCH,18.5,12.3,18.51750000000294,0.5562305926825093
EURJPY_AMR,2024-05-27,BUY,EXACT/ACCEPTABLE MATCH,13.6,9.1,13.597499999997352,0.5221548078691952
EURJPY_AMR,2024-05-28,SELL,EXACT/ACCEPTABLE MATCH,10.9,7.2,10.85250000000002,0.4791522690624271
EURJPY_AMR,2024-05-29,SELL,EXACT/ACCEPTABLE MATCH,11.9,7.9,11.880000000002156,0.4966329966329065
EURJPY_AMR,2024-05-30,BUY,EXACT/ACCEPTABLE MATCH,29.8,19.9,29.78249999999747,-1.067741123142876
EURJPY_AMR,2024-05-31,BUY,EXACT/ACCEPTABLE MATCH,14.9,10.0,14.9475000000038,0.5352065562801784
EURJPY_AMR,2024-06-03,SELL,EXACT/ACCEPTABLE MATCH,25.3,16.8,25.259999999998684,0.5859065716548207
EURJPY_AMR,2024-06-04,SELL,EXACT/ACCEPTABLE MATCH,44.6,29.7,44.60250000000343,0.6210414214449385
EURJPY_AMR,2024-06-05,SELL,EXACT/ACCEPTABLE MATCH,14.0,9.3,14.002500000002271,-1.1426530976609466
EURJPY_AMR,2024-06-06,BUY,EXACT/ACCEPTABLE MATCH,26.7,17.8,26.669999999998595,-1.076115485564361
EURJPY_AMR,2024-06-07,SELL,EXACT/ACCEPTABLE MATCH,26.1,17.4,26.06250000000188,0.5908872901678232
EURJPY_AMR,2024-06-10,BUY,EXACT/ACCEPTABLE MATCH,65.5,43.6,65.46000000000305,0.6355025970057755
EURJPY_AMR,2024-06-11,SELL,EXACT/ACCEPTABLE MATCH,14.9,9.9,14.864999999998927,-1.136898755465941
EURJPY_AMR,2024-06-12,SELL,EXACT/ACCEPTABLE MATCH,12.6,8.4,12.622500000003356,0.5070310952662546
EURJPY_AMR,2024-06-14,SELL,EXACT/ACCEPTABLE MATCH,32.6,21.8,32.63249999999829,0.6067570673408731
EURJPY_AMR,2024-06-17,SELL,EXACT/ACCEPTABLE MATCH,29.0,19.3,29.01750000000192,0.5961919531316915
EURJPY_AMR,2024-06-18,BUY,EXACT/ACCEPTABLE MATCH,20.3,13.5,20.310000000000628,0.5662235352043153
EURJPY_AMR,2024-06-19,BUY,EXACT/ACCEPTABLE MATCH,16.8,11.2,16.807500000001596,0.5473746839208167
EURJPY_AMR,2024-06-20,SELL,EXACT/ACCEPTABLE MATCH,11.3,7.5,11.294999999999789,0.4869411243913327
EURJPY_AMR,2024-06-21,SELL,EXACT/ACCEPTABLE MATCH,9.6,6.4,9.62250000000182,-1.205507924135911
EURJPY_AMR,2024-06-25,BUY,EXACT/ACCEPTABLE MATCH,33.8,22.5,33.764999999999645,-1.0602695098474864
EURJPY_AMR,2024-06-26,BUY,EXACT/ACCEPTABLE MATCH,12.3,8.2,12.292500000000928,0.5043725849094596
EURJPY_AMR,2024-06-27,BUY,EXACT/ACCEPTABLE MATCH,16.7,11.1,16.672500000001378,-1.1216074373968183
EURJPY_AMR,2024-06-28,SELL,EXACT/ACCEPTABLE MATCH,42.2,28.2,42.23999999999961,0.6202651515151572
EURJPY_AMR,2024-07-01,SELL,EXACT/ACCEPTABLE MATCH,54.9,36.6,54.877500000003465,-1.0368548129925088
EURJPY_AMR,2024-07-02,SELL,EXACT/ACCEPTABLE MATCH,15.0,10.0,15.022500000002026,0.5325345315359574
EURJPY_AMR,2024-07-04,BUY,EXACT/ACCEPTABLE MATCH,31.3,20.9,31.29000000000275,-1.064237775647078
EURJPY_AMR,2024-07-05,SELL,EXACT/ACCEPTABLE MATCH,12.0,8.0,11.955000000000382,0.5018820577164206
EURJPY_AMR,2024-07-08,BUY,EXACT/ACCEPTABLE MATCH,70.0,46.7,70.02749999999907,0.6383206597408246
EURJPY_AMR,2024-07-09,SELL,EXACT/ACCEPTABLE MATCH,9.8,6.6,9.824999999997884,-1.2010178117050931
EURJPY_AMR,2024-07-10,SELL,EXACT/ACCEPTABLE MATCH,14.3,9.5,14.29499999999706,-1.140258831759591
EURJPY_AMR,2024-07-11,BUY,EXACT/ACCEPTABLE MATCH,13.8,9.2,13.82250000000056,0.5208898534997076
EURJPY_AMR,2024-07-12,SELL,EXACT/ACCEPTABLE MATCH,49.1,32.7,49.06500000000023,0.6257006012432459
EURJPY_AMR,2024-07-15,SELL,EXACT/ACCEPTABLE MATCH,27.7,18.5,27.742500000002224,0.594755339280839
EURJPY_AMR,2024-07-16,SELL,EXACT/ACCEPTABLE MATCH,40.9,27.3,40.9425000000013,0.6179397936129742
EURJPY_AMR,2024-07-17,SELL,MISMATCH (false positive -- reconstructed signal not in history),,,,
EURJPY_AMR,2024-07-18,BUY,EXACT/ACCEPTABLE MATCH,43.0,28.6,42.97499999999843,-1.0471204188482055
EURJPY_AMR,2024-07-19,BUY,EXACT/ACCEPTABLE MATCH,20.0,13.3,19.965000000001965,0.5659904833457996
EURJPY_AMR,2024-07-22,SELL,EXACT/ACCEPTABLE MATCH,13.6,9.1,13.642499999998847,0.5204324720542862
EURJPY_AMR,2024-07-23,BUY,EXACT/ACCEPTABLE MATCH,26.9,17.9,26.894999999997538,0.5911879531511974
EURJPY_AMR,2024-07-24,SELL,EXACT/ACCEPTABLE MATCH,16.8,11.2,16.814999999999714,-1.1180493606898794
EURJPY_AMR,2024-07-25,BUY,EXACT/ACCEPTABLE MATCH,35.3,23.6,35.32500000000027,0.6114649681528616
EURJPY_AMR,2024-07-26,BUY,EXACT/ACCEPTABLE MATCH,25.1,16.7,25.065000000000737,-1.081188908836992
EURJPY_AMR,2024-07-29,BUY,EXACT/ACCEPTABLE MATCH,22.4,14.9,22.38000000000113,0.5764075067023837
EURJPY_AMR,2024-07-30,BUY,EXACT/ACCEPTABLE MATCH,25.9,17.3,25.89750000000066,-1.077324066029512
EURJPY_AMR,2024-07-31,BUY,EXACT/ACCEPTABLE MATCH,64.4,42.9,64.3800000000013,0.6352904628766569
EURJPY_AMR,2024-08-01,BUY,EXACT/ACCEPTABLE MATCH,75.0,50.0,75.04499999999723,-1.0260510360450774
EURJPY_AMR,2024-08-02,BUY,EXACT/ACCEPTABLE MATCH,47.9,31.9,47.88000000000352,-1.0421888053466235
EURJPY_AMR,2024-08-05,BUY,EXACT/ACCEPTABLE MATCH,48.1,32.1,48.0899999999977,-1.0417966313163318
EURJPY_AMR,2024-08-06,SELL,EXACT/ACCEPTABLE MATCH,131.9,87.9,131.88749999999771,-1.015259217135834
EURJPY_AMR,2024-08-07,BUY,EXACT/ACCEPTABLE MATCH,109.3,72.9,109.2975000000024,0.6486882133625971
EURJPY_AMR,2024-08-08,BUY,EXACT/ACCEPTABLE MATCH,64.6,43.1,64.64999999999748,-1.0301624129930795
EURJPY_AMR,2024-08-09,SELL,EXACT/ACCEPTABLE MATCH,77.4,51.6,77.43000000000393,0.6405785871109064
EURJPY_AMR,2024-08-12,BUY,EXACT/ACCEPTABLE MATCH,28.0,18.7,28.03500000000128,0.5956839664704562
EURJPY_AMR,2024-08-13,BUY,EXACT/ACCEPTABLE MATCH,24.3,16.2,24.3225000000038,0.5838215643950162
EURJPY_AMR,2024-08-14,SELL,EXACT/ACCEPTABLE MATCH,38.7,25.8,38.69250000000335,0.6151062867480246
EURJPY_AMR,2024-08-15,SELL,EXACT/ACCEPTABLE MATCH,21.3,14.2,21.322499999998,0.5721655528198449
EURJPY_AMR,2024-08-16,SELL,EXACT/ACCEPTABLE MATCH,30.3,20.2,30.34499999999696,0.599769319492563
EURJPY_AMR,2024-08-19,SELL,EXACT/ACCEPTABLE MATCH,37.6,25.1,37.63500000000022,0.6137903547229937
EURJPY_AMR,2024-08-20,SELL,EXACT/ACCEPTABLE MATCH,31.1,20.7,31.049999999999045,0.6022544283414034
EURJPY_AMR,2024-08-21,BUY,EXACT/ACCEPTABLE MATCH,22.4,14.9,22.3800000000054,0.5764075067022739
EURJPY_AMR,2024-08-22,SELL,EXACT/ACCEPTABLE MATCH,32.6,21.8,32.64000000000067,0.6066176470588112
EURJPY_AMR,2024-08-23,BUY,EXACT/ACCEPTABLE MATCH,21.9,14.6,21.85500000000076,0.5765271105010096
EURJPY_AMR,2024-08-26,BUY,EXACT/ACCEPTABLE MATCH,43.3,28.8,43.259999999999366,-1.0471567267683926
EURJPY_AMR,2024-08-27,BUY,EXACT/ACCEPTABLE MATCH,24.6,16.4,24.63000000000335,0.5846528623628925
EURJPY_AMR,2024-08-28,BUY,EXACT/ACCEPTABLE MATCH,26.4,17.6,26.392500000004304,0.5910770105142542
EURJPY_AMR,2024-08-29,SELL,EXACT/ACCEPTABLE MATCH,38.4,25.6,38.39249999999765,0.6147033925897362
EURJPY_AMR,2024-08-30,SELL,EXACT/ACCEPTABLE MATCH,22.6,15.1,22.62749999999869,0.5789415534195451
EURJPY_AMR,2024-09-02,BUY,EXACT/ACCEPTABLE MATCH,25.7,17.1,25.687500000002217,0.5878345498782948
EURJPY_AMR,2024-09-03,BUY,EXACT/ACCEPTABLE MATCH,12.0,8.0,12.04500000000337,-1.1623080116227549
EURJPY_AMR,2024-09-04,BUY,EXACT/ACCEPTABLE MATCH,42.2,28.2,42.23250000000149,-1.0465873438702051
EURJPY_AMR,2024-09-05,BUY,EXACT/ACCEPTABLE MATCH,38.7,25.8,38.707499999999584,0.6148679196538205
EURJPY_AMR,2024-09-06,BUY,EXACT/ACCEPTABLE MATCH,26.5,17.7,26.490000000001142,0.5926764816911786
EURJPY_AMR,2024-09-09,BUY,EXACT/ACCEPTABLE MATCH,37.8,25.2,37.83750000000055,0.613148331681524
EURJPY_AMR,2024-09-10,SELL,EXACT/ACCEPTABLE MATCH,36.1,24.0,36.07499999999959,-1.0561330561330682
EURJPY_AMR,2024-09-11,BUY,EXACT/ACCEPTABLE MATCH,13.8,9.2,13.754999999996189,-1.1486732097422303
EURJPY_AMR,2024-09-12,SELL,EXACT/ACCEPTABLE MATCH,29.4,19.6,29.37000000000296,-1.0691181477697254
EURJPY_AMR,2024-09-13,BUY,EXACT/ACCEPTABLE MATCH,27.0,18.0,26.96250000000191,-1.075567918405116
EURJPY_AMR,2024-09-16,BUY,EXACT/ACCEPTABLE MATCH,28.2,18.8,28.24499999999972,0.5947955390334632
EURJPY_AMR,2024-09-17,SELL,EXACT/ACCEPTABLE MATCH,22.4,14.9,22.365000000000634,-1.0909903867650037
EURJPY_AMR,2024-09-18,BUY,EXACT/ACCEPTABLE MATCH,43.5,29.0,43.455000000001576,-1.0470601771947612
EURJPY_AMR,2024-09-19,SELL,EXACT/ACCEPTABLE MATCH,69.0,46.0,69.02999999999793,-1.0285383166739408
EURJPY_AMR,2024-09-20,SELL,EXACT/ACCEPTABLE MATCH,42.4,28.2,42.37499999999983,0.6182890855457251
EURJPY_AMR,2024-09-23,SELL,EXACT/ACCEPTABLE MATCH,25.3,16.9,25.28250000000156,-1.0797982794422354
EURJPY_AMR,2024-09-24,SELL,EXACT/ACCEPTABLE MATCH,21.7,14.5,21.727499999998656,0.5753077896675077
EURJPY_AMR,2024-09-25,BUY,EXACT/ACCEPTABLE MATCH,19.5,13.0,19.514999999999816,0.5636689725851962
EURJPY_AMR,2024-09-26,SELL,EXACT/ACCEPTABLE MATCH,29.3,19.6,29.34750000000008,-1.066530368855947
EURJPY_AMR,2024-09-27,SELL,EXACT/ACCEPTABLE MATCH,28.0,18.6,27.959999999998782,-1.0729613733906045
EURJPY_AMR,2024-09-30,BUY,EXACT/ACCEPTABLE MATCH,35.4,23.6,35.43749999999761,0.6095238095238507
EURJPY_AMR,2024-10-01,SELL,EXACT/ACCEPTABLE MATCH,39.9,26.6,39.89999999999867,-1.050125313283243
EURJPY_AMR,2024-10-02,SELL,EXACT/ACCEPTABLE MATCH,30.7,20.5,30.68999999999562,-1.0654936461389597
EURJPY_AMR,2024-10-03,SELL,EXACT/ACCEPTABLE MATCH,50.1,33.4,50.1074999999986,-1.0397645063114596
EURJPY_AMR,2024-10-04,BUY,EXACT/ACCEPTABLE MATCH,27.9,18.6,27.937500000004437,-1.0702460850110158
EURJPY_AMR,2024-10-07,BUY,EXACT/ACCEPTABLE MATCH,33.0,22.0,33.01500000000033,0.6057852491291777
EURJPY_AMR,2024-10-08,BUY,EXACT/ACCEPTABLE MATCH,52.7,35.1,52.66500000000036,0.6285009019272719
EURJPY_AMR,2024-10-09,BUY,EXACT/ACCEPTABLE MATCH,19.5,13.0,19.46999999999832,0.564971751412478
EURJPY_AMR,2024-10-10,BUY,EXACT/ACCEPTABLE MATCH,25.0,16.7,25.042499999997855,0.5870020964361089
EURJPY_AMR,2024-10-11,SELL,EXACT/ACCEPTABLE MATCH,20.5,13.7,20.542499999997688,0.5695509309967782
EURJPY_AMR,2024-10-14,BUY,EXACT/ACCEPTABLE MATCH,28.4,18.9,28.37250000000182,0.5956471935852996
EURJPY_AMR,2024-10-15,BUY,EXACT/ACCEPTABLE MATCH,14.8,9.9,14.79749999999882,-1.135326913330045
EURJPY_AMR,2024-10-16,BUY,EXACT/ACCEPTABLE MATCH,34.8,23.2,34.7849999999994,0.6094580997556523
EURJPY_AMR,2024-10-17,BUY,EXACT/ACCEPTABLE MATCH,26.4,17.6,26.445000000003915,0.5899035734542518
EURJPY_AMR,2024-10-18,BUY,EXACT/ACCEPTABLE MATCH,15.1,10.1,15.112500000005014,-1.1315136476423049
EURJPY_AMR,2024-10-21,SELL,EXACT/ACCEPTABLE MATCH,17.2,11.5,17.190000000003636,0.5526468877253049
EURJPY_AMR,2024-10-22,BUY,EXACT/ACCEPTABLE MATCH,20.0,13.3,19.9649999999977,0.5659904833459205
EURJPY_AMR,2024-10-23,SELL,EXACT/ACCEPTABLE MATCH,24.0,16.0,24.0374999999986,-1.0816432657306922
EURJPY_AMR,2024-10-24,BUY,EXACT/ACCEPTABLE MATCH,23.3,15.5,23.26500000000067,-1.0874704491725455
EURJPY_AMR,2024-10-28,SELL,EXACT/ACCEPTABLE MATCH,54.0,36.0,54.000000000002046,-1.0370370370369977
EURJPY_AMR,2024-10-29,BUY,EXACT/ACCEPTABLE MATCH,9.4,6.3,9.38250000000238,-1.2150279776175974
EURJPY_AMR,2024-10-30,BUY,EXACT/ACCEPTABLE MATCH,17.7,11.8,17.677500000000634,0.5543770329514721
EURJPY_AMR,2024-10-31,BUY,EXACT/ACCEPTABLE MATCH,17.6,11.7,17.610000000000525,0.5508233957978257
EURJPY_AMR,2024-11-01,SELL,EXACT/ACCEPTABLE MATCH,27.9,18.6,27.90749999999917,-1.0713965779808612
EURJPY_AMR,2024-11-04,BUY,EXACT/ACCEPTABLE MATCH,24.6,16.4,24.56250000000324,-1.0829516539438775
EURJPY_AMR,2024-11-05,BUY,EXACT/ACCEPTABLE MATCH,12.9,8.6,12.922499999996262,0.5107370864772226
EURJPY_AMR,2024-11-06,SELL,EXACT/ACCEPTABLE MATCH,28.1,18.7,28.07250000000039,0.594888235817963
EURJPY_AMR,2024-11-07,BUY,EXACT/ACCEPTABLE MATCH,33.4,22.3,33.382499999997606,0.6081030480042374
EURJPY_AMR,2024-11-08,SELL,EXACT/ACCEPTABLE MATCH,22.8,15.2,22.769999999997022,0.579710144927612
EURJPY_AMR,2024-11-11,SELL,EXACT/ACCEPTABLE MATCH,34.1,22.7,34.07999999999731,-1.0592723004695672
EURJPY_AMR,2024-11-12,BUY,EXACT/ACCEPTABLE MATCH,16.7,11.1,16.71750000000287,0.5443397637205585
EURJPY_AMR,2024-11-13,BUY,EXACT/ACCEPTABLE MATCH,12.9,8.6,12.877499999999031,0.5125218404193745
EURJPY_AMR,2024-11-14,SELL,EXACT/ACCEPTABLE MATCH,34.9,23.2,34.86750000000001,0.608016060801606
EURJPY_AMR,2024-11-15,SELL,EXACT/ACCEPTABLE MATCH,24.9,16.6,24.869999999998527,-1.0816244471251142
EURJPY_AMR,2024-11-18,SELL,EXACT/ACCEPTABLE MATCH,34.5,23.0,34.48499999999797,0.6089604175728937
EURJPY_AMR,2024-11-19,BUY,EXACT/ACCEPTABLE MATCH,23.6,15.7,23.594999999998837,-1.0849756304302296
EURJPY_AMR,2024-11-20,SELL,EXACT/ACCEPTABLE MATCH,38.5,25.7,38.527500000002135,-1.051197196807417
EURJPY_AMR,2024-11-21,BUY,EXACT/ACCEPTABLE MATCH,37.2,24.8,37.18500000000233,0.6131504638966941
EURJPY_AMR,2024-11-22,BUY,EXACT/ACCEPTABLE MATCH,39.0,26.0,39.0000000000029,-1.0512820512819732
EURJPY_AMR,2024-11-25,SELL,EXACT/ACCEPTABLE MATCH,46.7,31.1,46.657499999999175,0.6236939398810591
EURJPY_AMR,2024-11-26,BUY,EXACT/ACCEPTABLE MATCH,19.5,13.0,19.530000000000317,-1.1008704557091478
EURJPY_AMR,2024-11-27,SELL,EXACT/ACCEPTABLE MATCH,22.5,15.0,22.45499999999936,0.5789356490759462
EURJPY_AMR,2024-11-28,SELL,EXACT/ACCEPTABLE MATCH,34.1,22.7,34.117499999996426,0.6067267531326201
EURJPY_AMR,2024-11-29,BUY,EXACT/ACCEPTABLE MATCH,10.6,7.1,10.575000000001468,0.4822695035460324
EURJPY_AMR,2024-12-02,BUY,EXACT/ACCEPTABLE MATCH,24.6,16.4,24.61500000000285,0.5850091407677568
EURJPY_AMR,2024-12-03,SELL,EXACT/ACCEPTABLE MATCH,39.7,26.5,39.749999999997954,0.6163522012578934
EURJPY_AMR,2024-12-04,SELL,EXACT/ACCEPTABLE MATCH,49.5,33.0,49.53750000000099,0.6257885440322862
EURJPY_AMR,2024-12-05,SELL,EXACT/ACCEPTABLE MATCH,35.9,23.9,35.89500000000214,0.6101128290847944
EURJPY_AMR,2024-12-06,SELL,EXACT/ACCEPTABLE MATCH,21.2,14.1,21.16500000000343,0.5716985589415563
EURJPY_AMR,2024-12-09,BUY,EXACT/ACCEPTABLE MATCH,38.7,25.8,38.7449999999987,0.6142728093947812
EURJPY_AMR,2024-12-11,BUY,EXACT/ACCEPTABLE MATCH,15.7,10.5,15.720000000001733,-1.1259541984731585
EURJPY_AMR,2024-12-12,BUY,EXACT/ACCEPTABLE MATCH,30.2,20.1,30.18000000000427,0.599734923790505
EURJPY_AMR,2024-12-13,SELL,EXACT/ACCEPTABLE MATCH,30.3,20.2,30.26999999999873,0.6012553683515283
EURJPY_AMR,2024-12-16,BUY,EXACT/ACCEPTABLE MATCH,21.1,14.1,21.090000000005205,0.5737316263630637
EURJPY_AMR,2024-12-17,SELL,EXACT/ACCEPTABLE MATCH,25.1,16.7,25.05749999999836,-1.081512521201308
EURJPY_AMR,2024-12-18,SELL,EXACT/ACCEPTABLE MATCH,30.8,20.5,30.78750000000099,-1.0653674380836036
EURJPY_AMR,2024-12-19,SELL,EXACT/ACCEPTABLE MATCH,58.1,38.7,58.09500000000156,-1.0345124365263514
EURJPY_AMR,2024-12-20,SELL,EXACT/ACCEPTABLE MATCH,33.2,22.1,33.17249999999916,0.6059235812796898
EURJPY_AMR,2024-12-23,SELL,EXACT/ACCEPTABLE MATCH,42.4,28.3,42.43499999999756,0.619771415105491
EURJPY_AMR,2024-12-24,BUY,EXACT/ACCEPTABLE MATCH,24.6,16.4,24.644999999999584,0.584297017650649
EURJPY_AMR,2024-12-26,SELL,EXACT/ACCEPTABLE MATCH,17.5,11.7,17.490000000000805,0.5546026300743027
EURJPY_AMR,2024-12-27,BUY,EXACT/ACCEPTABLE MATCH,20.6,13.8,20.647500000001173,0.5714977600193404
EURJPY_AMR,2024-12-31,BUY,EXACT/ACCEPTABLE MATCH,46.0,30.7,45.974999999999966,0.6220772158781952
EURJPY_AMR,2025-01-01,BUY,EXACT/ACCEPTABLE MATCH,66.2,44.1,66.22500000000286,0.6372215930539551
EURJPY_AMR,2025-01-02,SELL,EXACT/ACCEPTABLE MATCH,51.3,34.2,51.29249999999956,0.6277720914363752
EURJPY_AMR,2025-01-06,SELL,EXACT/ACCEPTABLE MATCH,45.4,30.3,45.41250000000048,-1.0437654830718304
EURJPY_AMR,2025-01-07,SELL,EXACT/ACCEPTABLE MATCH,24.0,16.0,23.955000000002254,-1.085368399081509
EURJPY_AMR,2025-01-08,SELL,EXACT/ACCEPTABLE MATCH,22.6,15.1,22.58250000000146,0.5800952064651457
EURJPY_AMR,2025-01-09,BUY,EXACT/ACCEPTABLE MATCH,27.9,18.6,27.854999999999563,-1.0734159037874875
EURJPY_AMR,2025-01-10,BUY,EXACT/ACCEPTABLE MATCH,16.9,11.2,16.860000000001207,0.5456702253854887
EURJPY_AMR,2025-01-13,BUY,EXACT/ACCEPTABLE MATCH,55.1,36.7,55.07999999999953,-1.0366739288308005
EURJPY_AMR,2025-01-14,SELL,EXACT/ACCEPTABLE MATCH,53.9,35.9,53.90250000000094,-1.0370576503872553
EURJPY_AMR,2025-01-15,BUY,EXACT/ACCEPTABLE MATCH,15.9,10.6,15.92250000000206,-1.124195321086367
EURJPY_AMR,2025-01-16,BUY,EXACT/ACCEPTABLE MATCH,24.3,16.2,24.277500000002306,0.5849037174337823
EURJPY_AMR,2025-01-17,SELL,EXACT/ACCEPTABLE MATCH,25.3,16.8,25.267500000001064,0.5857326605322797
EURJPY_AMR,2025-01-20,SELL,EXACT/ACCEPTABLE MATCH,24.6,16.4,24.55500000000086,0.5864386072082873
EURJPY_AMR,2025-01-21,BUY,EXACT/ACCEPTABLE MATCH,32.1,21.4,32.107500000002176,-1.0620571517557484
EURJPY_AMR,2025-01-22,BUY,EXACT/ACCEPTABLE MATCH,24.9,16.6,24.945000000001016,0.5852876327921188
EURJPY_AMR,2025-01-23,BUY,EXACT/ACCEPTABLE MATCH,34.0,22.6,33.97499999999809,0.606328182487157
EURJPY_AMR,2025-01-24,SELL,EXACT/ACCEPTABLE MATCH,19.6,13.1,19.61250000000092,-1.1013384321223192
EURJPY_AMR,2025-01-27,BUY,EXACT/ACCEPTABLE MATCH,68.2,45.5,68.23500000000138,-1.0287975379204013
EURJPY_AMR,2025-01-28,BUY,EXACT/ACCEPTABLE MATCH,41.6,27.8,41.63250000000289,0.6197081606917242
EURJPY_AMR,2025-01-29,SELL,EXACT/ACCEPTABLE MATCH,31.4,20.9,31.38749999999959,0.6021505376344164
EURJPY_AMR,2025-01-30,BUY,EXACT/ACCEPTABLE MATCH,29.4,19.6,29.36250000000058,-1.0693912303107491
EURJPY_AMR,2025-01-31,BUY,EXACT/ACCEPTABLE MATCH,48.3,32.2,48.32250000000329,0.6249676651662879
EURJPY_AMR,2025-02-03,BUY,EXACT/ACCEPTABLE MATCH,290.7,193.8,290.73749999999734,-1.0067500752397014
EURJPY_AMR,2025-02-04,SELL,MISMATCH (false positive -- reconstructed signal not in history),,,,
EURJPY_AMR,2025-02-05,SELL,MISMATCH (false positive -- reconstructed signal not in history),,,,
EURJPY_AMR,2025-02-06,BUY,MISMATCH (false positive -- reconstructed signal not in history),,,,
EURJPY_AMR,2025-02-07,BUY,MISMATCH (false positive -- reconstructed signal not in history),,,,
EURJPY_AMR,2025-02-10,BUY,EXACT/ACCEPTABLE MATCH,90.9,60.6,90.89999999999918,0.6446644664466504
EURJPY_AMR,2025-02-11,BUY,EXACT/ACCEPTABLE MATCH,22.4,14.9,22.37249999999875,-1.0906246507990327
EURJPY_AMR,2025-02-12,SELL,EXACT/ACCEPTABLE MATCH,43.8,29.2,43.77000000000351,-1.046378798263567
EURJPY_AMR,2025-02-13,SELL,EXACT/ACCEPTABLE MATCH,28.2,18.8,28.15500000000526,-1.0726336352333283
EURJPY_AMR,2025-02-14,BUY,EXACT/ACCEPTABLE MATCH,49.6,33.1,49.635000000002094,0.6265739901279075
EURJPY_AMR,2025-02-17,BUY,EXACT/ACCEPTABLE MATCH,38.3,25.5,38.28749999999843,-1.0525628468821848
EURJPY_AMR,2025-02-18,SELL,EXACT/ACCEPTABLE MATCH,23.6,15.7,23.617500000001712,0.5800783317454856
EURJPY_AMR,2025-02-19,BUY,EXACT/ACCEPTABLE MATCH,23.1,15.4,23.07750000000084,0.5806521503628865
EURJPY_AMR,2025-02-20,BUY,EXACT/ACCEPTABLE MATCH,24.2,16.1,24.217500000000317,-1.0818622896665493
EURJPY_AMR,2025-02-21,BUY,EXACT/ACCEPTABLE MATCH,31.5,21.0,31.492499999998813,0.6033182503770966
EURJPY_AMR,2025-02-24,SELL,EXACT/ACCEPTABLE MATCH,39.7,26.5,39.68249999999784,-1.050841050841108
EURJPY_AMR,2025-02-25,SELL,EXACT/ACCEPTABLE MATCH,30.7,20.5,30.734999999997115,0.6019196355946554
EURJPY_AMR,2025-02-26,SELL,EXACT/ACCEPTABLE MATCH,19.2,12.8,19.22999999999888,0.5616224648986287
EURJPY_AMR,2025-02-27,SELL,EXACT/ACCEPTABLE MATCH,39.6,26.4,39.615000000002,0.615928309983561
EURJPY_AMR,2025-02-28,BUY,EXACT/ACCEPTABLE MATCH,45.9,30.6,45.93750000000085,-1.0427210884353548
EURJPY_AMR,2025-03-03,SELL,EXACT/ACCEPTABLE MATCH,84.4,56.3,84.43499999999773,0.6430982412506835
EURJPY_AMR,2025-03-04,BUY,EXACT/ACCEPTABLE MATCH,77.2,51.5,77.18250000000211,0.6413370906617257
EURJPY_AMR,2025-03-06,SELL,EXACT/ACCEPTABLE MATCH,19.5,13.0,19.507499999997435,-1.1021402024863682
EURJPY_AMR,2025-03-07,SELL,EXACT/ACCEPTABLE MATCH,42.7,28.5,42.74249999999711,0.6199918114289477
EURJPY_AMR,2025-03-10,BUY,EXACT/ACCEPTABLE MATCH,54.3,36.2,54.31499999999971,0.6296603148301608
EURJPY_AMR,2025-03-11,BUY,EXACT/ACCEPTABLE MATCH,30.5,20.3,30.450000000000443,0.6009852216748681
EURJPY_AMR,2025-03-12,SELL,EXACT/ACCEPTABLE MATCH,33.2,22.1,33.150000000000546,0.6063348416289494
EURJPY_AMR,2025-03-13,BUY,EXACT/ACCEPTABLE MATCH,37.1,24.8,37.12500000000034,-1.0531986531986437
EURJPY_AMR,2025-03-14,SELL,EXACT/ACCEPTABLE MATCH,29.2,19.5,29.22750000000036,-1.0674878111367587
EURJPY_AMR,2025-03-17,SELL,EXACT/ACCEPTABLE MATCH,27.0,18.0,26.96250000000191,0.59341678256834
EURJPY_AMR,2025-03-18,SELL,EXACT/ACCEPTABLE MATCH,26.5,17.7,26.549999999998875,-1.077212806026411
EURJPY_AMR,2025-03-19,SELL,EXACT/ACCEPTABLE MATCH,27.9,18.6,27.86249999999768,0.5957828622701259
EURJPY_AMR,2025-03-20,BUY,EXACT/ACCEPTABLE MATCH,39.2,26.1,39.210000000001344,-1.0507523590920325
EURJPY_AMR,2025-03-21,BUY,EXACT/ACCEPTABLE MATCH,23.5,15.7,23.48999999999961,0.5832269050659952
EURJPY_AMR,2025-03-24,SELL,EXACT/ACCEPTABLE MATCH,53.9,35.9,53.88749999999618,-1.037346323358923
EURJPY_AMR,2025-03-25,SELL,EXACT/ACCEPTABLE MATCH,27.0,18.0,26.96250000000191,0.59341678256834
EURJPY_AMR,2025-03-26,SELL,EXACT/ACCEPTABLE MATCH,23.8,15.9,23.850000000003035,-1.0859538784065703
EURJPY_AMR,2025-03-27,BUY,EXACT/ACCEPTABLE MATCH,61.4,40.9,61.34999999999877,0.6340668296658644
EURJPY_AMR,2025-03-28,BUY,EXACT/ACCEPTABLE MATCH,28.6,19.1,28.57500000000641,0.5984251968502595
EURJPY_AMR,2025-03-31,BUY,EXACT/ACCEPTABLE MATCH,45.0,30.0,45.044999999998936,-1.043401043401068
EURJPY_AMR,2025-04-01,BUY,EXACT/ACCEPTABLE MATCH,26.2,17.5,26.22750000000309,0.5909827471165064
EURJPY_AMR,2025-04-02,SELL,EXACT/ACCEPTABLE MATCH,52.7,35.1,52.69500000000136,0.6281430875794506
EURJPY_AMR,2025-04-03,BUY,EXACT/ACCEPTABLE MATCH,205.9,137.3,205.89749999999896,0.6571230830874619
EURJPY_AMR,2025-04-04,SELL,EXACT/ACCEPTABLE MATCH,52.1,34.7,52.08000000000226,0.6278801843317701
EURJPY_AMR,2025-04-07,BUY,EXACT/ACCEPTABLE MATCH,365.2,243.5,365.2125000000055,0.6612588561453848
EURJPY_AMR,2025-04-09,BUY,EXACT/ACCEPTABLE MATCH,35.3,23.5,35.29499999999928,0.6091514378807321
EURJPY_AMR,2025-04-11,BUY,EXACT/ACCEPTABLE MATCH,49.3,32.9,49.297499999997285,0.626806633196444
EURJPY_AMR,2025-04-14,SELL,EXACT/ACCEPTABLE MATCH,45.2,30.1,45.15749999999628,0.622266511653708
EURJPY_AMR,2025-04-16,SELL,EXACT/ACCEPTABLE MATCH,26.5,17.7,26.52750000000026,0.591838657996413
EURJPY_AMR,2025-04-17,SELL,EXACT/ACCEPTABLE MATCH,43.1,28.8,43.147500000002026,-1.0452517527086826
EURJPY_AMR,2025-04-21,BUY,EXACT/ACCEPTABLE MATCH,63.2,42.1,63.21749999999895,0.6343180290267832
EURJPY_AMR,2025-04-22,SELL,EXACT/ACCEPTABLE MATCH,20.9,13.9,20.89499999999873,0.569514237855981
EURJPY_AMR,2025-04-23,SELL,EXACT/ACCEPTABLE MATCH,30.8,20.5,30.75000000000188,0.6016260162601259
EURJPY_AMR,2025-04-24,BUY,EXACT/ACCEPTABLE MATCH,60.0,40.0,60.00000000000512,0.6333333333332793
EURJPY_AMR,2025-04-25,SELL,EXACT/ACCEPTABLE MATCH,26.4,17.6,26.40750000000054,0.5907412666855886
EURJPY_AMR,2025-04-28,BUY,EXACT/ACCEPTABLE MATCH,48.3,32.2,48.31499999999664,0.6250646797061388
EURJPY_AMR,2025-04-30,BUY,EXACT/ACCEPTABLE MATCH,22.1,14.7,22.10250000000258,0.5745956339779897
EURJPY_AMR,2025-05-01,BUY,EXACT/ACCEPTABLE MATCH,11.4,7.6,11.437500000002387,0.4896174863386955
EURJPY_AMR,2025-05-02,BUY,EXACT/ACCEPTABLE MATCH,40.7,27.1,40.71750000000236,0.6164425615521225
EURJPY_AMR,2025-05-05,BUY,EXACT/ACCEPTABLE MATCH,40.6,27.1,40.58250000000214,0.6184931928786712
EURJPY_AMR,2025-05-06,BUY,EXACT/ACCEPTABLE MATCH,27.1,18.1,27.142500000003626,0.5931656995485992
EURJPY_AMR,2025-05-07,SELL,EXACT/ACCEPTABLE MATCH,29.5,19.7,29.512500000001296,-1.0673443456162175
EURJPY_AMR,2025-05-09,BUY,EXACT/ACCEPTABLE MATCH,28.2,18.8,28.155000000001,-1.0726336352334906
EURJPY_AMR,2025-05-12,SELL,EXACT/ACCEPTABLE MATCH,22.2,14.8,22.21499999999992,-1.0893540400630244
EURJPY_AMR,2025-05-13,BUY,EXACT/ACCEPTABLE MATCH,17.6,11.7,17.610000000000525,-1.1130039750141634
EURJPY_AMR,2025-05-14,BUY,EXACT/ACCEPTABLE MATCH,9.1,6.1,9.112500000001944,0.4499314128942798
EURJPY_AMR,2025-05-15,BUY,EXACT/ACCEPTABLE MATCH,41.1,27.4,41.08499999999964,-1.049044663502504
EURJPY_AMR,2025-05-16,BUY,EXACT/ACCEPTABLE MATCH,23.1,15.4,23.06249999999608,-1.0883468834690198
EURJPY_AMR,2025-05-19,BUY,EXACT/ACCEPTABLE MATCH,42.7,28.5,42.73499999999899,0.6201006201006347
EURJPY_AMR,2025-05-20,SELL,EXACT/ACCEPTABLE MATCH,28.9,19.3,28.882499999997435,0.5989786202718441
EURJPY_AMR,2025-05-21,BUY,EXACT/ACCEPTABLE MATCH,41.0,27.3,41.00249999999477,0.6170355466130901
EURJPY_AMR,2025-05-22,SELL,EXACT/ACCEPTABLE MATCH,62.9,41.9,62.924999999995634,0.6340882002384229
EURJPY_AMR,2025-05-23,SELL,EXACT/ACCEPTABLE MATCH,19.8,13.2,19.76999999999549,0.5665149215985106
EURJPY_AMR,2025-05-26,SELL,EXACT/ACCEPTABLE MATCH,81.6,54.4,81.57749999999453,-1.0247923753486636
EURJPY_AMR,2025-05-27,BUY,MISMATCH (false positive -- reconstructed signal not in history),,,,
EURJPY_AMR,2025-05-28,BUY,EXACT/ACCEPTABLE MATCH,23.8,15.9,23.80499999999728,0.5839109430792518
EURJPY_AMR,2025-05-29,SELL,EXACT/ACCEPTABLE MATCH,50.4,33.6,50.41500000000241,0.6267975800852622
EURJPY_AMR,2025-05-30,BUY,EXACT/ACCEPTABLE MATCH,25.0,16.6,24.960000000001514,0.5849358974358619
EURJPY_AMR,2025-06-02,BUY,EXACT/ACCEPTABLE MATCH,33.0,22.0,33.04499999999706,0.605235285217182
EURJPY_AMR,2025-06-03,SELL,EXACT/ACCEPTABLE MATCH,44.9,29.9,44.8724999999996,0.6217616580310935
EURJPY_AMR,2025-06-04,SELL,EXACT/ACCEPTABLE MATCH,21.6,14.4,21.637500000004195,0.5730791450027775
EURJPY_AMR,2025-06-05,BUY,EXACT/ACCEPTABLE MATCH,27.1,18.0,27.05249999999637,0.5914425653822066
EURJPY_AMR,2025-06-06,BUY,EXACT/ACCEPTABLE MATCH,29.4,19.6,29.41500000000019,0.5983341832398398
EURJPY_AMR,2025-06-09,BUY,EXACT/ACCEPTABLE MATCH,24.0,16.0,23.99999999999949,0.5833333333333458
EURJPY_AMR,2025-06-10,SELL,EXACT/ACCEPTABLE MATCH,34.7,23.1,34.6724999999978,0.6085514456702384
EURJPY_AMR,2025-06-11,BUY,EXACT/ACCEPTABLE MATCH,17.5,11.6,17.467499999997926,0.5495920996136333
EURJPY_AMR,2025-06-12,BUY,EXACT/ACCEPTABLE MATCH,21.3,14.2,21.307499999997503,-1.0935116742932174
EURJPY_AMR,2025-06-13,BUY,EXACT/ACCEPTABLE MATCH,16.3,10.8,16.260000000002606,-1.125461254612366
EURJPY_AMR,2025-06-16,BUY,EXACT/ACCEPTABLE MATCH,50.2,33.5,50.2049999999997,0.6274275470570698
EURJPY_AMR,2025-06-17,BUY,EXACT/ACCEPTABLE MATCH,27.0,18.0,26.992499999998643,0.5927572473835623
EURJPY_AMR,2025-06-18,SELL,EXACT/ACCEPTABLE MATCH,23.0,15.3,22.98749999999785,0.5785753126699834
EURJPY_AMR,2025-06-19,BUY,EXACT/ACCEPTABLE MATCH,22.0,14.7,22.01249999999959,-1.0902896081771922
EURJPY_AMR,2025-06-20,SELL,EXACT/ACCEPTABLE MATCH,27.4,18.3,27.43499999999841,-1.0716238381629926
EURJPY_AMR,2025-06-23,BUY,EXACT/ACCEPTABLE MATCH,23.6,15.7,23.57250000000022,0.5811857036801303
EURJPY_AMR,2025-06-24,SELL,EXACT/ACCEPTABLE MATCH,16.9,11.2,16.860000000001207,0.5456702253854887
EURJPY_AMR,2025-06-25,BUY,EXACT/ACCEPTABLE MATCH,16.8,11.2,16.80000000000348,0.5476190476189342
EURJPY_AMR,2025-06-26,BUY,EXACT/ACCEPTABLE MATCH,16.4,10.9,16.372499999999945,-1.1238357001068902
EURJPY_AMR,2025-06-27,BUY,EXACT/ACCEPTABLE MATCH,30.8,20.6,30.825000000000102,0.6034063260340613
EURJPY_AMR,2025-06-30,BUY,EXACT/ACCEPTABLE MATCH,39.1,26.1,39.10500000000212,-1.0510164940544118
EURJPY_AMR,2025-07-01,BUY,EXACT/ACCEPTABLE MATCH,27.7,18.5,27.67499999999785,0.5925925925926385
EURJPY_AMR,2025-07-03,BUY,EXACT/ACCEPTABLE MATCH,9.8,6.5,9.779999999996392,-1.2065439672806089
EURJPY_AMR,2025-07-04,BUY,EXACT/ACCEPTABLE MATCH,9.5,6.3,9.5175000000026,0.4517993170474206
EURJPY_AMR,2025-07-07,BUY,EXACT/ACCEPTABLE MATCH,36.0,24.0,36.0449999999986,0.6103481758912709
EURJPY_AMR,2025-07-08,SELL,EXACT/ACCEPTABLE MATCH,71.0,47.3,71.00250000000159,0.6380057040244919
EURJPY_AMR,2025-07-09,BUY,MISMATCH (false positive -- reconstructed signal not in history),,,,
EURJPY_AMR,2025-07-10,BUY,MISMATCH (false positive -- reconstructed signal not in history),,,,
EURJPY_AMR,2025-07-11,SELL,EXACT/ACCEPTABLE MATCH,14.8,9.9,14.849999999998431,0.5319865319865882
EURJPY_AMR,2025-07-14,BUY,EXACT/ACCEPTABLE MATCH,86.0,57.3,85.99500000000262,0.6430606430606235
EURJPY_AMR,2025-07-16,BUY,EXACT/ACCEPTABLE MATCH,7.8,5.2,7.837499999997988,0.4082934609251447
EURJPY_AMR,2025-07-17,SELL,EXACT/ACCEPTABLE MATCH,27.0,18.0,27.044999999998254,-1.0722869291921564
EURJPY_AMR,2025-07-18,SELL,EXACT/ACCEPTABLE MATCH,15.9,10.6,15.89999999999918,-1.1257861635220705
EURJPY_AMR,2025-07-21,BUY,EXACT/ACCEPTABLE MATCH,123.1,82.1,123.10500000000246,0.6506640672596433
EURJPY_AMR,2025-07-22,SELL,MISMATCH (false positive -- reconstructed signal not in history),,,,
EURJPY_AMR,2025-07-23,BUY,EXACT/ACCEPTABLE MATCH,31.5,21.0,31.51500000000169,0.6028875138822459
EURJPY_AMR,2025-07-24,BUY,EXACT/ACCEPTABLE MATCH,19.6,13.1,19.59749999999616,-1.102181400689079
EURJPY_AMR,2025-07-25,BUY,EXACT/ACCEPTABLE MATCH,36.1,24.1,36.10500000000059,0.6121035867608265
EURJPY_AMR,2025-07-28,SELL,EXACT/ACCEPTABLE MATCH,39.7,26.4,39.65999999999923,0.6152294503277981
EURJPY_AMR,2025-07-29,BUY,EXACT/ACCEPTABLE MATCH,24.7,16.4,24.6524999999977,-1.0830544569517286
EURJPY_AMR,2025-07-30,BUY,EXACT/ACCEPTABLE MATCH,26.4,17.6,26.392500000004304,-1.076063275551591
EURJPY_AMR,2025-07-31,SELL,EXACT/ACCEPTABLE MATCH,30.9,20.6,30.88500000000209,0.6022340942204546
EURJPY_AMR,2025-08-01,BUY,EXACT/ACCEPTABLE MATCH,25.1,16.7,25.117500000000348,0.5852493281576508
EURJPY_AMR,2025-08-04,SELL,EXACT/ACCEPTABLE MATCH,48.5,32.4,48.54000000000411,0.6262875978573841
EURJPY_AMR,2025-08-06,SELL,EXACT/ACCEPTABLE MATCH,13.9,9.3,13.890000000000668,0.5255579553635457
EURJPY_AMR,2025-08-07,SELL,EXACT/ACCEPTABLE MATCH,33.9,22.6,33.86999999999887,0.6082078535577411
EURJPY_AMR,2025-08-08,SELL,EXACT/ACCEPTABLE MATCH,23.1,15.4,23.055000000002224,0.5812188245499331
EURJPY_AMR,2025-08-12,SELL,EXACT/ACCEPTABLE MATCH,22.6,15.0,22.552500000000464,-1.0907881609577428
EURJPY_AMR,2025-08-13,SELL,EXACT/ACCEPTABLE MATCH,29.2,19.4,29.16000000000025,0.596707818930036
EURJPY_AMR,2025-08-14,BUY,EXACT/ACCEPTABLE MATCH,16.3,10.9,16.3050000000041,-1.122355105795486
EURJPY_AMR,2025-08-15,BUY,EXACT/ACCEPTABLE MATCH,13.1,8.7,13.079999999995096,-1.1544342507649588
EURJPY_AMR,2025-08-18,SELL,EXACT/ACCEPTABLE MATCH,21.2,14.2,21.24749999999977,0.5741851982586247
EURJPY_AMR,2025-08-19,BUY,EXACT/ACCEPTABLE MATCH,45.7,30.5,45.72000000000003,0.623359580052493
EURJPY_AMR,2025-08-20,BUY,EXACT/ACCEPTABLE MATCH,25.4,16.9,25.364999999997902,-1.0802286615415833
EURJPY_AMR,2025-08-21,BUY,EXACT/ACCEPTABLE MATCH,14.4,9.6,14.392500000002428,0.528052805280439
EURJPY_AMR,2025-08-22,BUY,EXACT/ACCEPTABLE MATCH,18.7,12.4,18.65999999999701,0.5573419078243121
EURJPY_AMR,2025-08-25,SELL,EXACT/ACCEPTABLE MATCH,27.9,18.6,27.899999999996798,-1.071684587813743
EURJPY_AMR,2025-08-26,BUY,EXACT/ACCEPTABLE MATCH,41.3,27.6,41.34000000000384,0.6192549588775429
EURJPY_AMR,2025-08-27,SELL,EXACT/ACCEPTABLE MATCH,16.4,11.0,16.447500000002435,0.5471956224349395
EURJPY_AMR,2025-08-28,BUY,EXACT/ACCEPTABLE MATCH,18.7,12.5,18.742500000001883,0.5602240896357981
EURJPY_AMR,2025-08-29,BUY,EXACT/ACCEPTABLE MATCH,32.9,22.0,32.932500000003984,0.6073028163667374
EURJPY_AMR,2025-09-01,SELL,EXACT/ACCEPTABLE MATCH,33.0,22.0,32.954999999998336,-1.06205431649224
EURJPY_AMR,2025-09-02,BUY,EXACT/ACCEPTABLE MATCH,14.0,9.4,14.040000000001385,0.5270655270654752
EURJPY_AMR,2025-09-03,SELL,EXACT/ACCEPTABLE MATCH,18.0,12.0,17.962499999997306,-1.1134307585248713
EURJPY_AMR,2025-09-05,BUY,EXACT/ACCEPTABLE MATCH,10.0,6.7,9.99750000000148,0.470117529382276
EURJPY_AMR,2025-09-08,SELL,EXACT/ACCEPTABLE MATCH,119.9,79.9,119.85750000000336,0.6499384685981087
EURJPY_AMR,2025-09-10,BUY,EXACT/ACCEPTABLE MATCH,12.9,8.6,12.877500000003296,0.5125218404192049
EURJPY_AMR,2025-09-12,SELL,EXACT/ACCEPTABLE MATCH,16.3,10.8,16.267500000004986,-1.124942369755303
EURJPY_AMR,2025-09-15,BUY,EXACT/ACCEPTABLE MATCH,26.0,17.4,26.039999999999,0.5913978494623884
EURJPY_AMR,2025-09-16,SELL,EXACT/ACCEPTABLE MATCH,14.7,9.8,14.655000000000484,0.5322415557829916
EURJPY_AMR,2025-09-17,BUY,EXACT/ACCEPTABLE MATCH,20.1,13.4,20.144999999999413,0.5658972449739554
EURJPY_AMR,2025-09-18,SELL,EXACT/ACCEPTABLE MATCH,15.5,10.3,15.517500000001403,-1.1277589817946458
EURJPY_AMR,2025-09-19,SELL,EXACT/ACCEPTABLE MATCH,14.0,9.4,14.025000000000889,0.5276292335115531
EURJPY_AMR,2025-09-22,BUY,EXACT/ACCEPTABLE MATCH,19.9,13.3,19.93500000000097,0.5668422372711037
EURJPY_AMR,2025-09-23,SELL,EXACT/ACCEPTABLE MATCH,17.3,11.5,17.302500000000975,0.549053604970349
EURJPY_AMR,2025-09-24,BUY,EXACT/ACCEPTABLE MATCH,15.3,10.2,15.299999999996317,0.5359477124184296
EURJPY_AMR,2025-09-25,BUY,EXACT/ACCEPTABLE MATCH,13.9,9.3,13.882499999998288,0.5258418872682081
EURJPY_AMR,2025-09-26,SELL,EXACT/ACCEPTABLE MATCH,12.4,8.3,12.382499999999652,0.5087825560266648
EURJPY_AMR,2025-09-29,BUY,EXACT/ACCEPTABLE MATCH,25.5,17.0,25.45500000000516,-1.0803378511095827
EURJPY_AMR,2025-09-30,SELL,EXACT/ACCEPTABLE MATCH,21.0,14.0,20.97749999999934,0.5720414730068111
EURJPY_AMR,2025-10-01,BUY,EXACT/ACCEPTABLE MATCH,23.5,15.7,23.54999999999734,0.581740976645501
EURJPY_AMR,2025-10-02,BUY,EXACT/ACCEPTABLE MATCH,17.0,11.3,16.96500000000043,0.548187444739155
EURJPY_AMR,2025-10-03,SELL,EXACT/ACCEPTABLE MATCH,24.4,16.3,24.44250000000352,-1.0800859159249747
EURJPY_AMR,2025-10-06,SELL,EXACT/ACCEPTABLE MATCH,280.0,186.7,280.03499999999804,-1.0070169800203617
EURJPY_AMR,2025-10-07,SELL,MISMATCH (false positive -- reconstructed signal not in history),,,,
EURJPY_AMR,2025-10-08,SELL,MISMATCH (false positive -- reconstructed signal not in history),,,,
EURJPY_AMR,2025-10-09,BUY,MISMATCH (false positive -- reconstructed signal not in history),,,,
EURJPY_AMR,2025-10-10,SELL,EXACT/ACCEPTABLE MATCH,22.7,15.1,22.65000000000157,0.5783664459160747
EURJPY_AMR,2025-10-13,SELL,EXACT/ACCEPTABLE MATCH,31.8,21.2,31.82250000000124,0.6033466886636578
EURJPY_AMR,2025-10-14,BUY,EXACT/ACCEPTABLE MATCH,24.2,16.2,24.24750000000131,0.5856273842663876
EURJPY_AMR,2025-10-15,BUY,EXACT/ACCEPTABLE MATCH,24.7,16.4,24.660000000004345,-1.0827250608270598
EURJPY_AMR,2025-10-16,BUY,EXACT/ACCEPTABLE MATCH,42.4,28.3,42.42000000000132,0.6199905704856007
EURJPY_AMR,2025-10-17,BUY,EXACT/ACCEPTABLE MATCH,19.1,12.7,19.079999999998165,0.56079664570236
EURJPY_AMR,2025-10-20,BUY,EXACT/ACCEPTABLE MATCH,26.4,17.6,26.44499999999965,0.589903573454347
EURJPY_AMR,2025-10-21,BUY,EXACT/ACCEPTABLE MATCH,19.3,12.9,19.3499999999986,0.5633074935400924
EURJPY_AMR,2025-10-22,BUY,EXACT/ACCEPTABLE MATCH,18.7,12.4,18.675000000001774,-1.1084337349396538
EURJPY_AMR,2025-10-23,SELL,EXACT/ACCEPTABLE MATCH,17.7,11.8,17.662500000000136,-1.115357395612164
EURJPY_AMR,2025-10-24,SELL,EXACT/ACCEPTABLE MATCH,14.3,9.5,14.272499999994182,-1.1420564021724748
EURJPY_AMR,2025-10-27,SELL,EXACT/ACCEPTABLE MATCH,41.4,27.6,41.362500000002456,0.6189181021456266
EURJPY_AMR,2025-10-28,BUY,EXACT/ACCEPTABLE MATCH,28.8,19.2,28.77750000000248,-1.0702806011640118
EURJPY_AMR,2025-10-29,BUY,EXACT/ACCEPTABLE MATCH,50.5,33.7,50.542500000000246,0.6271949349557273
EURJPY_AMR,2025-10-30,BUY,EXACT/ACCEPTABLE MATCH,27.7,18.5,27.68999999999835,0.595882990249223
EURJPY_AMR,2025-10-31,BUY,EXACT/ACCEPTABLE MATCH,31.1,20.7,31.08000000000004,0.6016731016731008
EURJPY_AMR,2025-11-03,SELL,EXACT/ACCEPTABLE MATCH,26.3,17.5,26.272499999996057,0.5899705014750148
EURJPY_AMR,2025-11-04,BUY,EXACT/ACCEPTABLE MATCH,11.1,7.4,11.137499999996692,0.4848484848486289
EURJPY_AMR,2025-11-05,SELL,EXACT/ACCEPTABLE MATCH,15.3,10.2,15.315000000001078,0.5354227881161882
EURJPY_AMR,2025-11-06,BUY,EXACT/ACCEPTABLE MATCH,16.9,11.3,16.94249999999755,0.5489154493139351
EURJPY_AMR,2025-11-07,BUY,EXACT/ACCEPTABLE MATCH,24.3,16.2,24.34499999999815,0.5832819880879473
EURJPY_AMR,2025-11-10,SELL,EXACT/ACCEPTABLE MATCH,34.4,23.0,34.42500000000024,0.6100217864923705
EURJPY_AMR,2025-11-11,SELL,EXACT/ACCEPTABLE MATCH,15.2,10.1,15.187499999998977,-1.13251028806592
EURJPY_AMR,2025-11-12,SELL,EXACT/ACCEPTABLE MATCH,10.8,7.2,10.80000000000041,-1.1851851851851405
EURJPY_AMR,2025-11-13,SELL,EXACT/ACCEPTABLE MATCH,16.3,10.9,16.335000000000832,0.5448423630241535
EURJPY_AMR,2025-11-14,SELL,EXACT/ACCEPTABLE MATCH,9.5,6.3,9.5175000000026,-1.208300499080311
EURJPY_AMR,2025-11-17,SELL,EXACT/ACCEPTABLE MATCH,9.8,6.5,9.817499999999768,0.458365164247528
EURJPY_AMR,2025-11-19,BUY,EXACT/ACCEPTABLE MATCH,20.9,13.9,20.90999999999923,0.5691056910569315
EURJPY_AMR,2025-11-21,BUY,EXACT/ACCEPTABLE MATCH,39.9,26.6,39.937500000002046,0.6159624413145225
EURJPY_AMR,2025-11-24,SELL,EXACT/ACCEPTABLE MATCH,20.1,13.4,20.062499999998806,-1.1015576323988194
EURJPY_AMR,2025-11-25,SELL,EXACT/ACCEPTABLE MATCH,10.6,7.0,10.552499999998588,0.4738213693438208
EURJPY_AMR,2025-11-26,BUY,EXACT/ACCEPTABLE MATCH,20.4,13.6,20.437499999998465,0.5675840978593698
EURJPY_AMR,2025-11-27,BUY,EXACT/ACCEPTABLE MATCH,13.8,9.2,13.762499999998568,0.5231607629428338
EURJPY_AMR,2025-11-28,BUY,EXACT/ACCEPTABLE MATCH,8.0,5.3,7.994999999996821,0.4127579737337475
EURJPY_AMR,2025-12-01,BUY,EXACT/ACCEPTABLE MATCH,24.8,16.5,24.7950000000003,0.5847953216374199
EURJPY_AMR,2025-12-02,BUY,EXACT/ACCEPTABLE MATCH,14.1,9.4,14.122499999997729,0.5239865462914634
EURJPY_AMR,2025-12-03,SELL,EXACT/ACCEPTABLE MATCH,18.9,12.6,18.93749999999983,0.5597359735973647
EURJPY_AMR,2025-12-04,BUY,EXACT/ACCEPTABLE MATCH,10.5,7.0,10.507500000001356,-1.1896264572922566
EURJPY_AMR,2025-12-05,BUY,EXACT/ACCEPTABLE MATCH,11.6,7.7,11.594999999996958,0.4915912031049155
EURJPY_AMR,2025-12-08,BUY,EXACT/ACCEPTABLE MATCH,23.2,15.5,23.212500000001057,0.5815831987075664
EURJPY_AMR,2025-12-09,SELL,EXACT/ACCEPTABLE MATCH,18.6,12.4,18.555000000002053,0.5604958232281784
EURJPY_AMR,2025-12-10,BUY,EXACT/ACCEPTABLE MATCH,27.4,18.3,27.397499999999297,0.5949447942330658
EURJPY_AMR,2025-12-11,BUY,EXACT/ACCEPTABLE MATCH,36.0,24.0,36.0299999999981,0.6106022758812424
EURJPY_AMR,2025-12-12,SELL,EXACT/ACCEPTABLE MATCH,24.7,16.5,24.712499999999693,0.5867475973697595
EURJPY_AMR,2025-12-15,BUY,EXACT/ACCEPTABLE MATCH,19.1,12.7,19.072500000000048,0.5610171713199619
EURJPY_AMR,2025-12-16,BUY,EXACT/ACCEPTABLE MATCH,11.9,7.9,11.857499999999275,0.4975753742357461
EURJPY_AMR,2025-12-17,BUY,EXACT/ACCEPTABLE MATCH,17.3,11.5,17.2649999999976,0.5502461627570994
EURJPY_AMR,2025-12-18,BUY,EXACT/ACCEPTABLE MATCH,9.8,6.6,9.839999999998383,-1.1991869918701157
EURJPY_AMR,2025-12-19,BUY,EXACT/ACCEPTABLE MATCH,25.7,17.1,25.724999999997067,0.5869776482022049
EURJPY_AMR,2025-12-22,BUY,EXACT/ACCEPTABLE MATCH,20.2,13.5,20.204999999997145,0.5691660480079993
EURJPY_AMR,2025-12-23,BUY,EXACT/ACCEPTABLE MATCH,38.1,25.4,38.13749999999772,-1.051458538184265
EURJPY_AMR,2025-12-24,BUY,EXACT/ACCEPTABLE MATCH,26.6,17.7,26.56499999999937,-1.07660455486545
EURJPY_AMR,2025-12-26,SELL,EXACT/ACCEPTABLE MATCH,51.0,34.0,51.00749999999863,-0.6998970739597307
EURJPY_AMR,2025-12-29,BUY,EXACT/ACCEPTABLE MATCH,15.3,10.2,15.25500000000335,0.5375286791214814
EURJPY_AMR,2025-12-30,SELL,EXACT/ACCEPTABLE MATCH,17.3,11.6,17.347499999998206,0.5533938607869141
EURJPY_AMR,2025-12-31,BUY,EXACT/ACCEPTABLE MATCH,29.1,19.4,29.11499999999876,0.5976300875837451
EURJPY_AMR,2026-01-02,SELL,EXACT/ACCEPTABLE MATCH,23.2,15.5,23.19000000000244,0.5821474773608701
EURJPY_AMR,2026-01-05,BUY,EXACT/ACCEPTABLE MATCH,30.6,20.4,30.60749999999928,0.6011598464428795
EURJPY_AMR,2026-01-06,SELL,EXACT/ACCEPTABLE MATCH,27.0,18.0,26.97000000000429,0.5932517612160717
EURJPY_AMR,2026-01-07,SELL,EXACT/ACCEPTABLE MATCH,16.9,11.2,16.867499999999325,0.5454275974507407
EURJPY_AMR,2026-01-08,BUY,EXACT/ACCEPTABLE MATCH,13.8,9.2,13.80750000000006,0.5214557305812035
EURJPY_AMR,2026-01-09,SELL,EXACT/ACCEPTABLE MATCH,20.6,13.7,20.58749999999918,-1.097753491196158
EURJPY_AMR,2026-01-12,SELL,EXACT/ACCEPTABLE MATCH,18.2,12.1,18.19499999999863,-1.1101951085463877
EURJPY_AMR,2026-01-13,BUY,EXACT/ACCEPTABLE MATCH,17.4,11.6,17.429999999998813,0.5507745266781786
EURJPY_AMR,2026-01-14,SELL,EXACT/ACCEPTABLE MATCH,25.4,16.9,25.380000000002667,0.5870764381402063
EURJPY_AMR,2026-01-16,SELL,EXACT/ACCEPTABLE MATCH,11.3,7.6,11.332499999998902,0.4941539819104824
EURJPY_AMR,2026-01-19,BUY,EXACT/ACCEPTABLE MATCH,75.9,50.6,75.9000000000043,0.6403162055335606
EURJPY_AMR,2026-01-20,SELL,EXACT/ACCEPTABLE MATCH,9.6,6.4,9.585000000002708,0.4590505998955406
EURJPY_AMR,2026-01-21,SELL,EXACT/ACCEPTABLE MATCH,15.7,10.4,15.67500000000024,0.5422647527910603
EURJPY_AMR,2026-01-22,BUY,EXACT/ACCEPTABLE MATCH,22.7,15.1,22.71749999999741,0.5766479586222731
EURJPY_AMR,2026-01-23,SELL,EXACT/ACCEPTABLE MATCH,23.9,15.9,23.88750000000215,0.5818942961799581
EURJPY_AMR,2026-01-26,BUY,EXACT/ACCEPTABLE MATCH,117.5,78.3,117.46499999999855,0.6495551866513509
EURJPY_AMR,2026-01-27,SELL,EXACT/ACCEPTABLE MATCH,31.0,20.7,31.01249999999993,0.6029826682789211
EURJPY_AMR,2026-01-28,BUY,EXACT/ACCEPTABLE MATCH,21.7,14.4,21.667500000000928,-1.0938040844582433
EURJPY_AMR,2026-01-30,SELL,EXACT/ACCEPTABLE MATCH,36.7,24.5,36.719999999999686,-1.05392156862746
EURJPY_AMR,2026-02-02,SELL,EXACT/ACCEPTABLE MATCH,92.4,61.6,92.3624999999987,0.645283529570993
EURJPY_AMR,2026-02-03,SELL,EXACT/ACCEPTABLE MATCH,20.0,13.3,19.965000000001965,-1.101928374655539
EURJPY_AMR,2026-02-04,SELL,EXACT/ACCEPTABLE MATCH,15.4,10.3,15.412500000002185,-1.1289537712893778
EURJPY_AMR,2026-02-05,BUY,EXACT/ACCEPTABLE MATCH,14.8,9.8,14.759999999999708,0.5284552845528561
EURJPY_AMR,2026-02-06,BUY,EXACT/ACCEPTABLE MATCH,26.9,18.0,26.93999999999903,-1.0727542687453986
EURJPY_AMR,2026-02-09,BUY,EXACT/ACCEPTABLE MATCH,18.9,12.6,18.907499999998837,0.5606240909692267
EURJPY_AMR,2026-02-10,SELL,EXACT/ACCEPTABLE MATCH,35.4,23.6,35.37000000000177,0.6106870229007328
EURJPY_AMR,2026-02-11,BUY,EXACT/ACCEPTABLE MATCH,19.1,12.7,19.05749999999955,-1.1071756526302243
EURJPY_AMR,2026-02-12,BUY,EXACT/ACCEPTABLE MATCH,33.7,22.4,33.66000000000042,0.6060606060605984
EURJPY_AMR,2026-02-13,SELL,EXACT/ACCEPTABLE MATCH,64.3,42.9,64.2975000000007,0.6361056028616907
EURJPY_AMR,2026-02-16,SELL,EXACT/ACCEPTABLE MATCH,44.7,29.8,44.684999999999775,-1.0450934318003855
EURJPY_AMR,2026-02-17,SELL,EXACT/ACCEPTABLE MATCH,23.0,15.4,23.047499999999843,0.5814079618179886
EURJPY_AMR,2026-02-18,BUY,EXACT/ACCEPTABLE MATCH,23.7,15.8,23.715000000002817,0.5819101834281409
EURJPY_AMR,2026-02-19,BUY,EXACT/ACCEPTABLE MATCH,13.1,8.8,13.139999999997087,0.5175038051751527
EURJPY_AMR,2026-02-20,SELL,EXACT/ACCEPTABLE MATCH,34.7,23.1,34.71749999999929,0.6077626557211906
EURJPY_AMR,2026-02-23,BUY,EXACT/ACCEPTABLE MATCH,17.4,11.6,17.407500000000198,-1.1144621571161728
EURJPY_AMR,2026-02-24,SELL,EXACT/ACCEPTABLE MATCH,27.8,18.5,27.75750000000272,-1.0735837161126571
EURJPY_AMR,2026-02-25,BUY,EXACT/ACCEPTABLE MATCH,16.7,11.2,16.740000000001487,0.5495818399043717
EURJPY_AMR,2026-02-26,BUY,EXACT/ACCEPTABLE MATCH,19.0,12.7,19.02000000000044,0.562565720294414
EURJPY_AMR,2026-02-27,BUY,EXACT/ACCEPTABLE MATCH,39.8,26.5,39.80250000000183,0.6155392249230294
EURJPY_AMR,2026-03-02,BUY,EXACT/ACCEPTABLE MATCH,82.8,55.2,82.7924999999965,0.6425702811245252
EURJPY_AMR,2026-03-03,SELL,EXACT/ACCEPTABLE MATCH,15.8,10.5,15.817499999998574,-1.125335862178069
EURJPY_AMR,2026-03-04,BUY,EXACT/ACCEPTABLE MATCH,29.2,19.5,29.204999999997483,-1.0683102208526858
EURJPY_AMR,2026-03-05,BUY,EXACT/ACCEPTABLE MATCH,33.9,22.6,33.92250000000274,-1.058294642199045
EURJPY_AMR,2026-03-06,SELL,EXACT/ACCEPTABLE MATCH,21.9,14.6,21.91499999999849,0.574948665297781
EURJPY_AMR,2026-03-09,BUY,EXACT/ACCEPTABLE MATCH,72.4,48.2,72.3675,0.6384081251943207
EURJPY_AMR,2026-03-10,SELL,EXACT/ACCEPTABLE MATCH,34.8,23.2,34.82249999999851,0.6088017804580632
EURJPY_AMR,2026-03-11,SELL,EXACT/ACCEPTABLE MATCH,24.1,16.1,24.10499999999871,-1.0827629122589255
EURJPY_AMR,2026-03-12,BUY,EXACT/ACCEPTABLE MATCH,15.5,10.3,15.517500000001403,-1.1277589817946458
EURJPY_AMR,2026-03-13,BUY,EXACT/ACCEPTABLE MATCH,18.9,12.6,18.944999999997947,0.5595143837424729
EURJPY_AMR,2026-03-16,SELL,EXACT/ACCEPTABLE MATCH,34.1,22.7,34.05750000000296,0.6077956397268796
EURJPY_AMR,2026-03-17,SELL,EXACT/ACCEPTABLE MATCH,16.6,11.0,16.567500000002156,0.5432322317790149
EURJPY_AMR,2026-03-18,BUY,EXACT/ACCEPTABLE MATCH,14.7,9.8,14.655000000000484,0.5322415557829916
EURJPY_AMR,2026-03-19,SELL,EXACT/ACCEPTABLE MATCH,29.4,19.6,29.41500000000019,0.5983341832398398
EURJPY_AMR,2026-03-20,SELL,EXACT/ACCEPTABLE MATCH,34.3,22.9,34.30500000000052,-1.0581547879317723
EURJPY_AMR,2026-03-23,BUY,EXACT/ACCEPTABLE MATCH,22.2,14.8,22.19999999999942,0.5765765765765917
EURJPY_AMR,2026-03-24,BUY,EXACT/ACCEPTABLE MATCH,23.6,15.8,23.63250000000221,0.5839416058393615
EURJPY_AMR,2026-03-25,SELL,EXACT/ACCEPTABLE MATCH,41.9,27.9,41.88750000000283,0.6183228886899015
EURJPY_AMR,2026-03-26,SELL,EXACT/ACCEPTABLE MATCH,18.9,12.6,18.892499999998336,0.5610692073574663
EURJPY_AMR,2026-03-27,BUY,EXACT/ACCEPTABLE MATCH,27.2,18.1,27.18000000000273,0.5923473142015593
EURJPY_AMR,2026-03-30,BUY,EXACT/ACCEPTABLE MATCH,43.3,28.9,43.34249999999997,0.6206379419738136
EURJPY_AMR,2026-03-31,SELL,EXACT/ACCEPTABLE MATCH,23.1,15.4,23.13000000000045,-1.0851707738867062
EURJPY_AMR,2026-04-01,BUY,EXACT/ACCEPTABLE MATCH,22.4,14.9,22.409999999997865,0.575635876840751
EURJPY_AMR,2026-04-02,SELL,EXACT/ACCEPTABLE MATCH,24.9,16.6,24.899999999999523,0.5863453815261156
EURJPY_AMR,2026-04-03,SELL,EXACT/ACCEPTABLE MATCH,10.8,7.2,10.845000000001903,0.4794836330105198
EURJPY_AMR,2026-04-06,SELL,EXACT/ACCEPTABLE MATCH,24.4,16.3,24.42000000000064,0.5855855855855703
EURJPY_AMR,2026-04-07,BUY,EXACT/ACCEPTABLE MATCH,14.6,9.7,14.55749999999938,0.5289369740683723
EURJPY_AMR,2026-04-08,SELL,EXACT/ACCEPTABLE MATCH,16.0,10.6,15.96749999999929,-1.1272898074213746
EURJPY_AMR,2026-04-09,BUY,EXACT/ACCEPTABLE MATCH,21.2,14.1,21.210000000004925,0.570485619990438
EURJPY_AMR,2026-04-13,BUY,EXACT/ACCEPTABLE MATCH,85.0,56.6,84.96750000000048,0.642598640656718
EURJPY_AMR,2026-04-14,BUY,EXACT/ACCEPTABLE MATCH,30.6,20.4,30.562500000002046,0.6020449897750108
EURJPY_AMR,2026-04-16,BUY,EXACT/ACCEPTABLE MATCH,17.4,11.6,17.377499999999202,-1.1163861314919228
EURJPY_AMR,2026-04-17,SELL,EXACT/ACCEPTABLE MATCH,23.2,15.5,23.175000000001944,-1.0873786407766075
EURJPY_AMR,2026-04-20,BUY,EXACT/ACCEPTABLE MATCH,27.8,18.5,27.75750000000272,0.5944339367737866
EURJPY_AMR,2026-04-23,BUY,EXACT/ACCEPTABLE MATCH,18.9,12.6,18.869999999995457,0.5617382087971675
EURJPY_AMR,2026-04-24,BUY,EXACT/ACCEPTABLE MATCH,22.9,15.3,22.949999999998735,0.5795206971677879
EURJPY_AMR,2026-04-27,BUY,EXACT/ACCEPTABLE MATCH,17.1,11.4,17.13749999999976,0.5485047410649238
EURJPY_AMR,2026-04-28,BUY,EXACT/ACCEPTABLE MATCH,11.0,7.4,11.047499999997967,-1.1767368182848963
EURJPY_AMR,2026-04-29,BUY,EXACT/ACCEPTABLE MATCH,14.8,9.9,14.790000000004966,0.5341446923595232
EURJPY_AMR,2026-04-30,BUY,EXACT/ACCEPTABLE MATCH,12.1,8.0,12.052500000001489,0.4978220286247052
EURJPY_AMR,2026-05-01,SELL,EXACT/ACCEPTABLE MATCH,36.9,24.6,36.88499999999664,-1.0546292530840056
EURJPY_AMR,2026-05-04,SELL,EXACT/ACCEPTABLE MATCH,15.7,10.5,15.704999999996971,-1.1270296084051838
EURJPY_AMR,2026-05-06,SELL,EXACT/ACCEPTABLE MATCH,20.7,13.8,20.707500000003165,0.569841844742156
EURJPY_AMR,2026-05-07,BUY,EXACT/ACCEPTABLE MATCH,25.4,16.9,25.35000000000167,0.5877712031557798
EURJPY_AMR,2026-05-08,BUY,EXACT/ACCEPTABLE MATCH,30.2,20.1,30.202500000002885,0.5992881383990819
EURJPY_AMR,2026-05-11,BUY,EXACT/ACCEPTABLE MATCH,76.2,50.8,76.20750000000385,0.6403569202505991
EURJPY_AMR,2026-05-12,SELL,EXACT/ACCEPTABLE MATCH,17.5,11.6,17.45249999999743,0.5500644606790669
EURJPY_AMR,2026-05-13,BUY,EXACT/ACCEPTABLE MATCH,18.3,12.2,18.31499999999835,0.556920556920607
EURJPY_AMR,2026-05-14,BUY,EXACT/ACCEPTABLE MATCH,23.7,15.8,23.655000000000825,0.5833861762840634
EURJPY_AMR,2026-05-15,BUY,EXACT/ACCEPTABLE MATCH,16.2,10.8,16.192500000002497,-1.1239771499149107
EURJPY_AMR,2026-05-18,BUY,EXACT/ACCEPTABLE MATCH,44.5,29.7,44.51999999999856,0.6221922731356895
EURJPY_AMR,2026-05-19,BUY,EXACT/ACCEPTABLE MATCH,20.0,13.3,19.97250000000008,0.5657779446739244
EURJPY_AMR,2026-05-20,BUY,EXACT/ACCEPTABLE MATCH,22.5,15.0,22.46250000000174,0.5787423483583303
EURJPY_AMR,2026-05-22,SELL,EXACT/ACCEPTABLE MATCH,12.6,8.4,12.615000000000975,0.5073325406261994
EURJPY_AMR,2026-05-25,SELL,EXACT/ACCEPTABLE MATCH,16.5,11.0,16.544999999999277,-1.118162586884304
EURJPY_AMR,2026-05-26,BUY,EXACT/ACCEPTABLE MATCH,19.2,12.8,19.2224999999965,0.5618415918846127
EURJPY_AMR,2026-05-28,BUY,EXACT/ACCEPTABLE MATCH,16.2,10.8,16.22249999999923,0.5424564647865877
EURJPY_AMR,2026-05-29,SELL,EXACT/ACCEPTABLE MATCH,7.8,5.2,7.8149999999993724,-1.2539987204095695
EURJPY_AMR,2026-06-01,BUY,EXACT/ACCEPTABLE MATCH,17.5,11.7,17.534999999998035,0.553179355574627
EURJPY_AMR,2026-06-04,BUY,EXACT/ACCEPTABLE MATCH,9.7,6.5,9.675000000001432,0.4651162790696986
EURJPY_AMR,2026-06-05,BUY,EXACT/ACCEPTABLE MATCH,10.3,6.9,10.319999999997265,0.4748062015505134
EURJPY_AMR,2026-06-08,SELL,EXACT/ACCEPTABLE MATCH,41.7,27.8,41.69250000000062,0.6188163338729895
EURJPY_AMR,2026-06-09,BUY,EXACT/ACCEPTABLE MATCH,14.4,9.6,14.430000000005805,0.5266805266803147
EURJPY_AMR,2026-06-10,BUY,EXACT/ACCEPTABLE MATCH,19.8,13.2,19.792500000002637,0.5658709106984215
EURJPY_AMR,2026-06-11,BUY,EXACT/ACCEPTABLE MATCH,28.2,18.8,28.18499999999773,0.5960617349654552
EURJPY_AMR,2026-06-12,SELL,EXACT/ACCEPTABLE MATCH,31.9,21.2,31.860000000000355,-0.5147520401757633
EURJPY_AMR,2026-06-15,SELL,EXACT/ACCEPTABLE MATCH,31.2,20.8,31.184999999999263,-1.0646143979477565
EURJPY_AMR,2026-06-16,BUY,EXACT/ACCEPTABLE MATCH,14.3,9.5,14.287499999998944,0.5249343832021386
EURJPY_AMR,2026-06-17,BUY,EXACT/ACCEPTABLE MATCH,9.0,6.0,9.044999999997572,0.4422332780542923
EURJPY_AMR,2026-06-18,SELL,EXACT/ACCEPTABLE MATCH,20.5,13.7,20.542499999997688,-1.0952902519168812
EURJPY_AMR,2026-06-19,BUY,EXACT/ACCEPTABLE MATCH,17.7,11.8,17.714999999999748,-1.1120519333897985
EURJPY_AMR,2026-06-22,BUY,EXACT/ACCEPTABLE MATCH,39.4,26.3,39.405000000003554,0.6166730110391526
EURJPY_AMR,2026-06-23,BUY,EXACT/ACCEPTABLE MATCH,13.2,8.8,13.1924999999967,0.5154443812773698
EURJPY_AMR,2026-06-24,BUY,EXACT/ACCEPTABLE MATCH,7.1,4.7,9.907499999998493,-1.2011102699976597
EURJPY_AMR,2026-06-25,BUY,EXACT/ACCEPTABLE MATCH,19.0,12.7,19.012499999998056,0.5627876397107742
EURJPY_AMR,2026-06-26,BUY,EXACT/ACCEPTABLE MATCH,12.0,8.0,12.029999999998608,0.4987531172070402
EURJPY_AMR,2026-06-29,BUY,EXACT/ACCEPTABLE MATCH,15.1,10.0,15.075000000001635,0.5373134328357625
EURJPY_AMR,2026-06-30,BUY,EXACT/ACCEPTABLE MATCH,11.7,7.8,11.715000000005205,0.4950917626971765
EURJPY_AMR,2026-07-01,BUY,EXACT/ACCEPTABLE MATCH,13.7,9.1,13.67999999999796,0.5190058479532937
EURJPY_AMR,2026-07-02,SELL,EXACT/ACCEPTABLE MATCH,5.9,3.9,14.212500000000716,0.5277044854881
EURJPY_AMR,2026-07-03,SELL,EXACT/ACCEPTABLE MATCH,17.7,11.8,17.685000000003015,-1.113938365846573
EURJPY_AMR,2026-07-06,BUY,EXACT/ACCEPTABLE MATCH,12.8,8.5,12.772499999999807,0.5089058524173105
EURJPY_AMR,2026-07-07,BUY,EXACT/ACCEPTABLE MATCH,16.6,11.1,16.575000000000273,-1.122171945701339
EURJPY_AMR,2026-07-08,BUY,EXACT/ACCEPTABLE MATCH,13.3,8.9,13.320000000003064,0.5180180180178989
EURJPY_AMR,2026-07-10,BUY,EXACT/ACCEPTABLE MATCH,31.9,21.3,31.93499999999858,-1.0615312353217945
EURJPY_AMR,2026-07-13,BUY,EXACT/ACCEPTABLE MATCH,20.3,13.5,20.28000000000389,0.567061143984112
EURJPY_AMR,2026-07-14,SELL,EXACT/ACCEPTABLE MATCH,9.1,6.1,9.11249999999768,0.4499314128944903
EURJPY_AMR,2026-07-15,BUY,EXACT/ACCEPTABLE MATCH,11.3,7.6,11.332499999998902,0.4941539819104824
EURJPY_AMR,2026-07-16,SELL,EXACT/ACCEPTABLE MATCH,11.1,7.4,11.10749999999996,0.4861580013504407
EURJPY_AMR,2026-07-17,SELL,EXACT/ACCEPTABLE MATCH,9.1,6.1,9.112500000001944,-1.2181069958845137
EURJPY_AMR,2026-07-20,BUY,EXACT/ACCEPTABLE MATCH,22.2,14.8,22.19249999999704,0.5767714317900962
EURJPY_AMR,2026-07-21,BUY,EXACT/ACCEPTABLE MATCH,11.5,7.6,11.474999999997236,0.4880174291940172
EURJPY_AMR,2026-07-23,BUY,EXACT/ACCEPTABLE MATCH,11.2,7.5,11.205000000001064,0.4908522980811671
EURJPY_AMR,2026-07-24,SELL,EXACT/ACCEPTABLE MATCH,13.1,8.7,13.110000000000356,0.5110602593439983
EURJPY_AMR,2026-07-27,SELL,EXACT/ACCEPTABLE MATCH,16.5,11.0,16.455000000000553,-1.1242783348525909
EURJPY_AMR,2026-07-28,SELL,EXACT/ACCEPTABLE MATCH,8.3,5.6,8.34000000000401,0.4316546762587852
EURJPY_AMR,2026-07-29,BUY,EXACT/ACCEPTABLE MATCH,8.0,5.3,8.002499999999202,-1.2496094970323022
EURJPY_AMR,2026-07-31,SELL,EXACT/ACCEPTABLE MATCH,103.7,69.1,103.65000000000038,0.6473709599614061
EURJPY_AMR,2026-08-03,BUY,EXACT/ACCEPTABLE MATCH,340.0,226.7,339.9899999999974,0.6609017912291588
EURJPY_AMR,2026-08-04,SELL,MISMATCH (false positive -- reconstructed signal not in history),,,,
EURJPY_AMR,2026-08-05,BUY,EXACT/ACCEPTABLE MATCH,28.7,19.1,28.717500000000484,0.5954557325672399
EURJPY_AMR,2026-08-07,SELL,EXACT/ACCEPTABLE MATCH,12.6,8.4,12.577500000001862,0.5088451600078754
EURJPY_AMR,2026-08-10,SELL,EXACT/ACCEPTABLE MATCH,32.9,21.9,32.84999999999911,-1.059360730593636
EURJPY_AMR,2026-08-11,BUY,EXACT/ACCEPTABLE MATCH,12.6,8.4,12.607499999998597,-1.158040848701299
EURJPY_AMR,2026-08-12,SELL,EXACT/ACCEPTABLE MATCH,12.2,8.1,12.20249999999794,0.4998975619750895
EURJPY_AMR,2026-08-13,BUY,EXACT/ACCEPTABLE MATCH,12.7,8.5,12.727499999998315,0.5107051659792465
GBPJPY_AMR,2023-08-02,BUY,EXACT/ACCEPTABLE MATCH,40.7,32.6,40.69375000000264,0.7519582245430322
GBPJPY_AMR,2023-08-04,SELL,EXACT/ACCEPTABLE MATCH,23.1,18.5,23.14374999999913,-1.0845260599514317
GBPJPY_AMR,2023-08-08,SELL,EXACT/ACCEPTABLE MATCH,24.4,19.5,24.35000000000187,-1.0841889117042287
GBPJPY_AMR,2023-08-28,SELL,EXACT/ACCEPTABLE MATCH,31.3,25.1,31.337500000002905,0.7371360191463219
GBPJPY_AMR,2023-09-04,BUY,EXACT/ACCEPTABLE MATCH,13.1,10.5,13.14375000000112,0.6466951973370824
GBPJPY_AMR,2023-09-05,BUY,EXACT/ACCEPTABLE MATCH,25.9,20.7,25.874999999999204,0.7227053140096841
GBPJPY_AMR,2023-09-06,BUY,EXACT/ACCEPTABLE MATCH,24.4,19.5,24.399999999999977,0.717213114754099
GBPJPY_AMR,2023-09-08,SELL,EXACT/ACCEPTABLE MATCH,17.1,13.7,17.118750000001626,0.683461117195992
GBPJPY_AMR,2023-09-11,BUY,EXACT/ACCEPTABLE MATCH,116.4,93.1,116.38124999999988,0.7827721389828696
GBPJPY_AMR,2023-09-12,SELL,MISMATCH (false positive -- reconstructed signal not in history),,,,
GBPJPY_AMR,2023-09-13,SELL,MISMATCH (false positive -- reconstructed signal not in history),,,,
GBPJPY_AMR,2023-09-14,BUY,EXACT/ACCEPTABLE MATCH,19.5,15.6,19.48124999999834,-1.1036252807187337
GBPJPY_AMR,2023-09-19,SELL,EXACT/ACCEPTABLE MATCH,12.8,10.2,12.750000000004036,0.6431372549017571
GBPJPY_AMR,2023-09-22,SELL,EXACT/ACCEPTABLE MATCH,14.5,11.6,14.500000000001734,0.6620689655171622
GBPJPY_AMR,2023-09-26,BUY,EXACT/ACCEPTABLE MATCH,21.0,16.8,21.043750000004025,0.7032967032965688
GBPJPY_AMR,2023-09-27,BUY,EXACT/ACCEPTABLE MATCH,18.9,15.1,18.912499999999,0.692663582286884
GBPJPY_AMR,2023-10-05,BUY,EXACT/ACCEPTABLE MATCH,42.8,34.3,42.8437499999994,0.7539022611232781
GBPJPY_AMR,2023-10-09,BUY,EXACT/ACCEPTABLE MATCH,106.6,85.3,106.56874999999744,0.7816550348953328
GBPJPY_AMR,2023-10-10,SELL,MISMATCH (false positive -- reconstructed signal not in history),,,,
GBPJPY_AMR,2023-10-13,SELL,EXACT/ACCEPTABLE MATCH,10.0,8.0,9.987499999997596,-1.2015018773469726
GBPJPY_AMR,2023-10-16,SELL,EXACT/ACCEPTABLE MATCH,22.7,18.2,22.743750000000063,-1.0860126408353914
GBPJPY_AMR,2023-10-18,BUY,EXACT/ACCEPTABLE MATCH,23.4,18.7,23.431249999998016,0.7127233929048349
GBPJPY_AMR,2023-10-20,BUY,EXACT/ACCEPTABLE MATCH,25.2,20.1,25.15000000000001,0.7196819085487076
GBPJPY_AMR,2023-10-31,SELL,EXACT/ACCEPTABLE MATCH,31.3,25.1,31.32500000000249,0.7374301675977067
GBPJPY_AMR,2023-11-01,BUY,EXACT/ACCEPTABLE MATCH,35.8,28.6,35.76249999999703,-1.0569730863335374
GBPJPY_AMR,2023-11-06,BUY,EXACT/ACCEPTABLE MATCH,25.7,20.6,25.69374999999852,0.7239114570664491
GBPJPY_AMR,2023-11-13,SELL,EXACT/ACCEPTABLE MATCH,18.8,15.0,18.76874999999956,-1.1082251082251344
GBPJPY_AMR,2023-11-15,SELL,EXACT/ACCEPTABLE MATCH,20.8,16.6,20.762500000000017,0.7031908488862125
GBPJPY_AMR,2023-11-16,BUY,EXACT/ACCEPTABLE MATCH,22.4,17.9,22.38750000000067,-1.0898939140144843
GBPJPY_AMR,2023-11-21,BUY,EXACT/ACCEPTABLE MATCH,31.0,24.8,30.99375000000037,-1.0647307924984748
GBPJPY_AMR,2023-11-24,BUY,EXACT/ACCEPTABLE MATCH,14.0,11.2,13.993749999997362,0.6574363555159791
GBPJPY_AMR,2023-11-27,BUY,EXACT/ACCEPTABLE MATCH,39.1,31.3,39.08750000000083,-1.0514870482890728
GBPJPY_AMR,2023-11-28,BUY,EXACT/ACCEPTABLE MATCH,16.9,13.5,16.868750000000432,0.6817339755464813
GBPJPY_AMR,2023-11-29,BUY,EXACT/ACCEPTABLE MATCH,38.2,30.5,38.18749999999582,0.7463175122750407
GBPJPY_AMR,2023-11-30,BUY,EXACT/ACCEPTABLE MATCH,41.7,33.4,41.71249999999915,-1.0476475876536024
GBPJPY_AMR,2023-12-04,BUY,EXACT/ACCEPTABLE MATCH,23.9,19.1,23.912499999998005,-1.0831155253529392
GBPJPY_AMR,2023-12-07,BUY,EXACT/ACCEPTABLE MATCH,37.4,29.9,37.43124999999736,-1.0525964267825083
GBPJPY_AMR,2023-12-11,SELL,EXACT/ACCEPTABLE MATCH,41.0,32.8,41.02499999999765,-1.048141377209079
GBPJPY_AMR,2023-12-12,BUY,EXACT/ACCEPTABLE MATCH,29.2,23.4,29.19999999999945,-1.0684931506849518
GBPJPY_AMR,2023-12-13,BUY,EXACT/ACCEPTABLE MATCH,36.4,29.1,36.41874999999928,0.7441221898060899
GBPJPY_AMR,2023-12-15,SELL,EXACT/ACCEPTABLE MATCH,44.3,35.5,44.34374999999946,0.7554615926709042
GBPJPY_AMR,2023-12-18,BUY,EXACT/ACCEPTABLE MATCH,49.0,39.2,48.98124999999709,0.7594742886308988
GBPJPY_AMR,2023-12-19,BUY,EXACT/ACCEPTABLE MATCH,53.9,43.1,53.89999999999873,0.7625231910946377
GBPJPY_AMR,2023-12-21,BUY,EXACT/ACCEPTABLE MATCH,57.6,46.0,57.556250000001086,-1.0355087414485633
GBPJPY_AMR,2023-12-26,BUY,EXACT/ACCEPTABLE MATCH,41.1,32.9,41.12499999999741,0.7513677811550624
GBPJPY_AMR,2023-12-27,SELL,EXACT/ACCEPTABLE MATCH,37.4,29.9,37.381249999999255,-1.0540043470991682
GBPJPY_AMR,2023-12-29,BUY,EXACT/ACCEPTABLE MATCH,18.0,14.4,18.02499999999796,0.6879334257975813
GBPJPY_AMR,2024-01-02,BUY,EXACT/ACCEPTABLE MATCH,51.2,40.9,51.1874999999975,0.7599511599511971
GBPJPY_AMR,2024-01-08,BUY,EXACT/ACCEPTABLE MATCH,34.0,27.2,33.97500000000164,0.7417218543045999
GBPJPY_AMR,2024-01-09,BUY,EXACT/ACCEPTABLE MATCH,19.8,15.8,19.79375000000161,-1.1013577518155089
GBPJPY_AMR,2024-01-10,SELL,EXACT/ACCEPTABLE MATCH,27.9,22.3,27.90000000000248,-1.0716845878135248
GBPJPY_AMR,2024-01-15,BUY,EXACT/ACCEPTABLE MATCH,17.3,13.9,17.343749999998437,0.686126126126188
GBPJPY_AMR,2024-01-16,BUY,EXACT/ACCEPTABLE MATCH,12.1,9.7,12.143749999996343,-1.1610910962432728
GBPJPY_AMR,2024-01-17,SELL,EXACT/ACCEPTABLE MATCH,34.0,27.2,33.99999999999892,0.7411764705882589
GBPJPY_AMR,2024-01-18,BUY,EXACT/ACCEPTABLE MATCH,28.6,22.9,28.618749999999693,0.730290456431543
GBPJPY_AMR,2024-01-19,SELL,EXACT/ACCEPTABLE MATCH,25.8,20.6,25.8062499999987,-1.07725841608143
GBPJPY_AMR,2024-01-29,BUY,EXACT/ACCEPTABLE MATCH,19.6,15.7,19.56249999999926,0.6952076677316557
GBPJPY_AMR,2024-01-31,BUY,EXACT/ACCEPTABLE MATCH,39.5,31.6,39.46250000000262,0.7500791891035296
GBPJPY_AMR,2024-02-08,BUY,EXACT/ACCEPTABLE MATCH,25.6,20.5,25.637499999998425,0.7215992198927795
GBPJPY_AMR,2024-02-09,BUY,EXACT/ACCEPTABLE MATCH,20.5,16.4,20.51249999999527,0.7020109689215512
GBPJPY_AMR,2024-02-12,BUY,EXACT/ACCEPTABLE MATCH,32.5,26.0,32.49999999999886,0.7384615384615643
GBPJPY_AMR,2024-02-14,BUY,EXACT/ACCEPTABLE MATCH,22.1,17.7,22.10625000000377,0.7102063895955815
GBPJPY_AMR,2024-02-15,BUY,EXACT/ACCEPTABLE MATCH,34.6,27.7,34.606249999999505,-1.0576124255011892
GBPJPY_AMR,2024-02-16,BUY,EXACT/ACCEPTABLE MATCH,17.7,14.1,17.656249999998153,0.685309734513346
GBPJPY_AMR,2024-02-19,BUY,EXACT/ACCEPTABLE MATCH,34.2,27.3,34.18125000000316,0.7401718778569438
GBPJPY_AMR,2024-02-20,BUY,EXACT/ACCEPTABLE MATCH,11.4,9.1,11.400000000001851,-1.175438596491037
GBPJPY_AMR,2024-02-22,SELL,EXACT/ACCEPTABLE MATCH,26.1,20.9,26.118750000001967,-1.075855467815186
GBPJPY_AMR,2024-02-26,BUY,EXACT/ACCEPTABLE MATCH,16.7,13.4,16.70624999999859,0.6823793490460733
GBPJPY_AMR,2024-02-28,BUY,EXACT/ACCEPTABLE MATCH,13.8,11.1,13.818750000002211,-1.143374038896244
GBPJPY_AMR,2024-02-29,BUY,EXACT/ACCEPTABLE MATCH,33.1,26.5,33.11250000000143,-1.0600226500565793
GBPJPY_AMR,2024-03-01,SELL,EXACT/ACCEPTABLE MATCH,28.7,22.9,28.66249999999937,-1.0710859136502635
GBPJPY_AMR,2024-03-04,BUY,EXACT/ACCEPTABLE MATCH,25.7,20.5,25.68125000000165,0.7203699196884423
GBPJPY_AMR,2024-03-07,BUY,EXACT/ACCEPTABLE MATCH,22.5,18.0,22.54999999999896,-1.0864745011086976
GBPJPY_AMR,2024-03-11,BUY,EXACT/ACCEPTABLE MATCH,25.7,20.5,25.68125000000165,-1.0786079338037755
GBPJPY_AMR,2024-03-12,BUY,EXACT/ACCEPTABLE MATCH,25.6,20.5,25.606249999999164,0.722479863314644
GBPJPY_AMR,2024-03-13,BUY,EXACT/ACCEPTABLE MATCH,26.1,20.8,26.05624999999989,0.7215159510674053
GBPJPY_AMR,2024-03-20,SELL,EXACT/ACCEPTABLE MATCH,45.6,36.5,45.60000000000031,-1.0438596491228
GBPJPY_AMR,2024-03-25,BUY,EXACT/ACCEPTABLE MATCH,37.9,30.3,37.86875000000123,0.7473180392803851
GBPJPY_AMR,2024-03-28,BUY,EXACT/ACCEPTABLE MATCH,22.4,17.9,22.42500000000192,0.7090301003343876
GBPJPY_AMR,2024-04-01,SELL,EXACT/ACCEPTABLE MATCH,31.8,25.4,31.762499999995697,0.7367178276270183
GBPJPY_AMR,2024-04-02,BUY,EXACT/ACCEPTABLE MATCH,15.6,12.5,15.568749999999907,0.6744279405861139
GBPJPY_AMR,2024-04-03,BUY,EXACT/ACCEPTABLE MATCH,13.7,10.9,13.668750000000784,0.6511202560584903
GBPJPY_AMR,2024-04-05,BUY,EXACT/ACCEPTABLE MATCH,28.2,22.6,28.249999999999886,-1.0690265486725707
GBPJPY_AMR,2024-04-08,BUY,EXACT/ACCEPTABLE MATCH,25.6,20.5,25.64375000000041,0.7214233487691818
GBPJPY_AMR,2024-04-09,BUY,EXACT/ACCEPTABLE MATCH,19.4,15.5,19.42499999999825,0.6949806949807577
GBPJPY_AMR,2024-04-12,BUY,EXACT/ACCEPTABLE MATCH,16.2,12.9,16.168750000002063,-1.125628140703374
GBPJPY_AMR,2024-04-15,BUY,EXACT/ACCEPTABLE MATCH,42.5,34.0,42.51874999999927,0.7526091430251488
GBPJPY_AMR,2024-04-19,BUY,EXACT/ACCEPTABLE MATCH,19.9,15.9,19.893750000001376,0.6987119070059209
GBPJPY_AMR,2024-04-24,SELL,EXACT/ACCEPTABLE MATCH,13.6,10.9,13.618749999999125,-1.1454795777880498
GBPJPY_AMR,2024-04-30,SELL,EXACT/ACCEPTABLE MATCH,48.7,39.0,48.724999999997465,0.7593637762955757
GBPJPY_AMR,2024-05-06,SELL,EXACT/ACCEPTABLE MATCH,27.2,21.7,27.18125000000171,-1.0742699471142114
GBPJPY_AMR,2024-05-07,BUY,EXACT/ACCEPTABLE MATCH,21.8,17.5,21.84375000000216,0.7095851216022189
GBPJPY_AMR,2024-05-09,BUY,EXACT/ACCEPTABLE MATCH,24.9,19.9,24.89999999999881,0.7188755020080664
GBPJPY_AMR,2024-05-13,BUY,EXACT/ACCEPTABLE MATCH,47.5,38.0,47.450000000001324,0.7586933614330663
GBPJPY_AMR,2024-05-14,SELL,EXACT/ACCEPTABLE MATCH,19.5,15.6,19.47499999999991,-1.1039794608472453
GBPJPY_AMR,2024-05-15,BUY,EXACT/ACCEPTABLE MATCH,11.6,9.3,11.643750000001065,0.6269457863660189
GBPJPY_AMR,2024-05-16,BUY,EXACT/ACCEPTABLE MATCH,62.4,49.9,62.3749999999994,-1.0324649298597297
GBPJPY_AMR,2024-05-20,BUY,EXACT/ACCEPTABLE MATCH,40.8,32.7,40.83749999999853,0.7517600244873243
GBPJPY_AMR,2024-05-30,BUY,EXACT/ACCEPTABLE MATCH,29.6,23.7,29.593750000000085,-1.067793030623017
GBPJPY_AMR,2024-05-31,BUY,EXACT/ACCEPTABLE MATCH,17.3,13.8,17.287499999998346,0.6825741142444616
GBPJPY_AMR,2024-06-05,SELL,EXACT/ACCEPTABLE MATCH,20.5,16.4,20.4500000000003,-1.0953545232273676
GBPJPY_AMR,2024-06-07,SELL,EXACT/ACCEPTABLE MATCH,26.6,21.3,26.574999999997573,0.7262464722484201
GBPJPY_AMR,2024-06-10,SELL,EXACT/ACCEPTABLE MATCH,47.2,37.8,47.1937500000017,0.7585750231757109
GBPJPY_AMR,2024-06-11,BUY,EXACT/ACCEPTABLE MATCH,30.7,24.5,30.67500000000223,0.7334963325182842
GBPJPY_AMR,2024-06-17,SELL,EXACT/ACCEPTABLE MATCH,26.7,21.4,26.74999999999983,0.7252336448598177
GBPJPY_AMR,2024-06-21,SELL,EXACT/ACCEPTABLE MATCH,24.2,19.4,24.225000000001277,0.7182662538699313
GBPJPY_AMR,2024-06-25,BUY,EXACT/ACCEPTABLE MATCH,31.3,25.0,31.25624999999843,0.7358528294341501
GBPJPY_AMR,2024-06-27,BUY,EXACT/ACCEPTABLE MATCH,34.0,27.2,33.96250000000123,0.7419948472579783
GBPJPY_AMR,2024-06-28,SELL,EXACT/ACCEPTABLE MATCH,37.0,29.6,36.95000000000448,0.7469553450608026
GBPJPY_AMR,2024-07-01,SELL,EXACT/ACCEPTABLE MATCH,36.2,28.9,36.16249999999965,-1.0563428966470894
GBPJPY_AMR,2024-07-03,SELL,EXACT/ACCEPTABLE MATCH,52.8,42.3,52.84374999999741,-1.037019515079885
GBPJPY_AMR,2024-07-08,BUY,EXACT/ACCEPTABLE MATCH,44.2,35.4,44.21874999999886,0.7553356890459558
GBPJPY_AMR,2024-07-09,SELL,EXACT/ACCEPTABLE MATCH,23.8,19.0,23.762499999996574,0.7154129405577043
GBPJPY_AMR,2024-07-12,SELL,EXACT/ACCEPTABLE MATCH,52.7,42.2,52.70000000000152,0.7628083491460881
GBPJPY_AMR,2024-07-18,BUY,EXACT/ACCEPTABLE MATCH,48.5,38.8,48.4999999999971,-1.041237113402124
GBPJPY_AMR,2024-07-22,BUY,EXACT/ACCEPTABLE MATCH,15.9,12.7,15.9249999999993,0.6718995290424157
GBPJPY_AMR,2024-07-24,SELL,EXACT/ACCEPTABLE MATCH,24.8,19.8,24.750000000000934,0.719191919191892
GBPJPY_AMR,2024-07-25,BUY,EXACT/ACCEPTABLE MATCH,40.1,32.0,40.05000000000081,-1.0486891385767578
GBPJPY_AMR,2024-07-26,BUY,EXACT/ACCEPTABLE MATCH,28.6,22.9,28.575000000000017,-1.070866141732283
GBPJPY_AMR,2024-07-29,BUY,EXACT/ACCEPTABLE MATCH,26.7,21.4,26.706250000000157,0.7264217177626918
GBPJPY_AMR,2024-07-30,BUY,EXACT/ACCEPTABLE MATCH,22.7,18.1,22.65624999999716,-1.0902068965518608
GBPJPY_AMR,2024-08-01,BUY,EXACT/ACCEPTABLE MATCH,81.9,65.5,81.88750000000056,-1.0245764005495277
GBPJPY_AMR,2024-08-05,BUY,EXACT/ACCEPTABLE MATCH,57.4,45.9,57.43125000000049,-1.0342801175318228
GBPJPY_AMR,2024-08-06,SELL,EXACT/ACCEPTABLE MATCH,144.4,115.5,144.43124999999668,-1.0136310528365806
GBPJPY_AMR,2024-08-07,SELL,EXACT/ACCEPTABLE MATCH,91.8,73.5,91.83124999999848,-1.0214387803716225
GBPJPY_AMR,2024-08-08,BUY,EXACT/ACCEPTABLE MATCH,109.0,87.2,108.97499999999738,0.781830695113577
GBPJPY_AMR,2024-08-09,SELL,EXACT/ACCEPTABLE MATCH,75.7,60.6,75.73750000000246,0.7737250371348157
GBPJPY_AMR,2024-08-12,SELL,EXACT/ACCEPTABLE MATCH,35.5,28.4,35.53750000000022,-1.0552233556102644
GBPJPY_AMR,2024-08-14,SELL,EXACT/ACCEPTABLE MATCH,40.5,32.4,40.46250000000029,0.751312944084023
GBPJPY_AMR,2024-08-19,SELL,EXACT/ACCEPTABLE MATCH,31.3,25.0,31.300000000005213,0.7348242811500374
GBPJPY_AMR,2024-08-20,SELL,EXACT/ACCEPTABLE MATCH,26.5,21.2,26.531249999997897,0.7236749116608348
GBPJPY_AMR,2024-08-21,BUY,EXACT/ACCEPTABLE MATCH,47.1,37.7,47.14374999999649,0.7572583852579114
GBPJPY_AMR,2024-08-23,BUY,EXACT/ACCEPTABLE MATCH,23.2,18.5,23.156249999999545,0.7125506072874633
GBPJPY_AMR,2024-08-26,BUY,EXACT/ACCEPTABLE MATCH,71.3,57.1,71.34375000000048,0.7723171265878178
GBPJPY_AMR,2024-08-28,BUY,EXACT/ACCEPTABLE MATCH,36.6,29.3,36.63124999999923,0.7452653130865198
GBPJPY_AMR,2024-08-30,BUY,EXACT/ACCEPTABLE MATCH,29.9,23.9,29.850000000003263,0.7336683417084625
GBPJPY_AMR,2024-09-03,BUY,EXACT/ACCEPTABLE MATCH,14.0,11.2,14.006249999997776,-1.1423471664437332
GBPJPY_AMR,2024-09-04,BUY,EXACT/ACCEPTABLE MATCH,31.1,24.8,31.050000000000463,-1.066022544283398
GBPJPY_AMR,2024-09-05,BUY,EXACT/ACCEPTABLE MATCH,68.1,54.5,68.07500000000033,0.771208226221076
GBPJPY_AMR,2024-09-06,BUY,EXACT/ACCEPTABLE MATCH,29.0,23.2,29.006249999998342,0.7308769661711255
GBPJPY_AMR,2024-09-09,BUY,EXACT/ACCEPTABLE MATCH,42.9,34.3,42.93125000000231,0.7523657009753562
GBPJPY_AMR,2024-09-11,BUY,EXACT/ACCEPTABLE MATCH,26.3,21.0,26.299999999999105,-1.0760456273764627
GBPJPY_AMR,2024-09-12,SELL,EXACT/ACCEPTABLE MATCH,56.4,45.2,56.45000000000167,0.7652790079716338
GBPJPY_AMR,2024-09-13,BUY,EXACT/ACCEPTABLE MATCH,27.6,22.1,27.63750000000087,-1.0710085933966194
GBPJPY_AMR,2024-09-16,BUY,EXACT/ACCEPTABLE MATCH,32.8,26.3,32.849999999999824,0.7397260273972642
GBPJPY_AMR,2024-09-17,SELL,EXACT/ACCEPTABLE MATCH,35.7,28.5,35.662499999997266,0.7430774623204215
GBPJPY_AMR,2024-09-19,SELL,EXACT/ACCEPTABLE MATCH,89.5,71.6,89.48124999999862,-1.0225605923028724
GBPJPY_AMR,2024-09-20,SELL,EXACT/ACCEPTABLE MATCH,43.9,35.1,43.91249999999758,0.7537717050954017
GBPJPY_AMR,2024-09-25,BUY,EXACT/ACCEPTABLE MATCH,20.6,16.5,20.643750000001404,0.7023917650620171
GBPJPY_AMR,2024-09-27,SELL,EXACT/ACCEPTABLE MATCH,65.8,52.6,65.76249999999817,0.7694354685421237
GBPJPY_AMR,2024-09-30,SELL,EXACT/ACCEPTABLE MATCH,63.3,50.7,63.31875000000409,0.7691244694501528
GBPJPY_AMR,2024-10-01,SELL,EXACT/ACCEPTABLE MATCH,42.7,34.2,42.70624999999839,-1.0466852041563397
GBPJPY_AMR,2024-10-02,SELL,EXACT/ACCEPTABLE MATCH,40.2,32.2,40.212499999999096,-1.049424930059085
GBPJPY_AMR,2024-10-07,BUY,EXACT/ACCEPTABLE MATCH,40.9,32.7,40.92499999999788,0.7501527183873327
GBPJPY_AMR,2024-10-08,BUY,EXACT/ACCEPTABLE MATCH,57.5,46.0,57.45625000000132,0.7658000652670335
GBPJPY_AMR,2024-10-09,BUY,EXACT/ACCEPTABLE MATCH,27.9,22.3,27.868749999999665,0.7284144427001658
GBPJPY_AMR,2024-10-10,BUY,EXACT/ACCEPTABLE MATCH,23.3,18.6,23.287499999998573,0.712828770799829
GBPJPY_AMR,2024-10-11,SELL,EXACT/ACCEPTABLE MATCH,28.1,22.5,28.0875000000016,0.7298620382732117
GBPJPY_AMR,2024-10-14,BUY,EXACT/ACCEPTABLE MATCH,36.5,29.2,36.54374999999988,0.7443133230716632
GBPJPY_AMR,2024-10-15,BUY,EXACT/ACCEPTABLE MATCH,17.7,14.1,17.67500000000055,0.6845827439886633
GBPJPY_AMR,2024-10-16,BUY,EXACT/ACCEPTABLE MATCH,30.7,24.6,30.70625000000149,0.7360065133319408
GBPJPY_AMR,2024-10-18,BUY,EXACT/ACCEPTABLE MATCH,27.8,22.2,27.756250000003035,0.7277640171131832
GBPJPY_AMR,2024-10-21,SELL,EXACT/ACCEPTABLE MATCH,24.8,19.8,24.81249999999946,0.7173803526448519
GBPJPY_AMR,2024-10-23,SELL,EXACT/ACCEPTABLE MATCH,22.0,17.6,21.99374999999648,-1.0912190963343604
GBPJPY_AMR,2024-10-25,SELL,EXACT/ACCEPTABLE MATCH,25.6,20.5,25.61874999999958,0.722127348133703
GBPJPY_AMR,2024-10-28,SELL,EXACT/ACCEPTABLE MATCH,59.6,47.7,59.60624999999808,-1.0334486735871151
GBPJPY_AMR,2024-10-29,BUY,EXACT/ACCEPTABLE MATCH,30.7,24.6,30.706249999997937,-1.0649297781397011
GBPJPY_AMR,2024-11-04,BUY,EXACT/ACCEPTABLE MATCH,38.6,30.9,38.58125000000001,-1.0523246395593713
GBPJPY_AMR,2024-11-05,SELL,EXACT/ACCEPTABLE MATCH,28.7,22.9,28.66250000000292,-1.0710859136501307
GBPJPY_AMR,2024-11-11,SELL,EXACT/ACCEPTABLE MATCH,41.2,33.0,41.24999999999801,-1.0472727272727778
GBPJPY_AMR,2024-11-12,SELL,EXACT/ACCEPTABLE MATCH,24.9,19.9,24.874999999997986,0.7195979899498071
GBPJPY_AMR,2024-11-13,BUY,EXACT/ACCEPTABLE MATCH,27.2,21.8,27.23125000000337,0.7271058067476722
GBPJPY_AMR,2024-11-15,SELL,EXACT/ACCEPTABLE MATCH,20.6,16.5,20.59999999999817,-1.097087378640874
GBPJPY_AMR,2024-11-18,SELL,EXACT/ACCEPTABLE MATCH,77.5,62.0,77.50625000000255,0.7741311184581634
GBPJPY_AMR,2024-11-19,BUY,EXACT/ACCEPTABLE MATCH,24.7,19.7,24.662500000001582,0.7176887987835321
GBPJPY_AMR,2024-11-20,SELL,EXACT/ACCEPTABLE MATCH,30.1,24.1,30.06874999999809,-1.0675535231761226
GBPJPY_AMR,2024-11-21,BUY,EXACT/ACCEPTABLE MATCH,37.3,29.8,37.25624999999866,-1.0548565676900228
GBPJPY_AMR,2024-11-22,BUY,EXACT/ACCEPTABLE MATCH,64.4,51.5,64.35624999999945,0.7691560648732706
GBPJPY_AMR,2024-11-25,BUY,EXACT/ACCEPTABLE MATCH,46.5,37.2,46.5374999999959,0.7563792640344476
GBPJPY_AMR,2024-11-26,BUY,EXACT/ACCEPTABLE MATCH,27.6,22.1,27.6437499999993,-1.070766448112168
GBPJPY_AMR,2024-11-27,BUY,EXACT/ACCEPTABLE MATCH,49.3,39.4,49.25000000000068,-1.041624365482219
GBPJPY_AMR,2024-11-28,SELL,EXACT/ACCEPTABLE MATCH,55.0,44.0,54.993750000001285,0.7637231503579773
GBPJPY_AMR,2024-11-29,BUY,EXACT/ACCEPTABLE MATCH,10.1,8.1,91.0624999999996,-1.02237474262183
GBPJPY_AMR,2024-12-02,SELL,EXACT/ACCEPTABLE MATCH,49.9,39.9,49.906249999999375,0.7594239198497277
GBPJPY_AMR,2024-12-03,SELL,EXACT/ACCEPTABLE MATCH,38.0,30.4,38.04999999999836,-1.0512483574244869
GBPJPY_AMR,2024-12-04,SELL,EXACT/ACCEPTABLE MATCH,50.3,40.3,50.312500000000426,0.7612422360248382
GBPJPY_AMR,2024-12-06,SELL,EXACT/ACCEPTABLE MATCH,23.5,18.8,23.54999999999663,0.713375796178446
GBPJPY_AMR,2024-12-09,BUY,EXACT/ACCEPTABLE MATCH,25.9,20.7,25.906249999998465,0.7218335343788124
GBPJPY_AMR,2024-12-11,BUY,EXACT/ACCEPTABLE MATCH,17.3,13.8,17.281249999999915,-1.11681735985534
GBPJPY_AMR,2024-12-13,SELL,EXACT/ACCEPTABLE MATCH,27.4,21.9,27.3625000000024,0.7272727272726635
GBPJPY_AMR,2024-12-16,SELL,EXACT/ACCEPTABLE MATCH,29.1,23.3,29.106249999998116,-1.06849903371276
GBPJPY_AMR,2024-12-20,SELL,EXACT/ACCEPTABLE MATCH,47.5,38.0,47.54374999999911,0.7571973182595121
GBPJPY_AMR,2024-12-23,BUY,EXACT/ACCEPTABLE MATCH,39.4,31.5,39.3624999999993,0.7494442680216075
GBPJPY_AMR,2024-12-26,SELL,EXACT/ACCEPTABLE MATCH,40.2,32.2,40.19375000000025,-1.04991447675322
GBPJPY_AMR,2024-12-27,BUY,EXACT/ACCEPTABLE MATCH,27.5,22.0,27.525000000000688,0.726612170753842
GBPJPY_AMR,2025-01-02,SELL,EXACT/ACCEPTABLE MATCH,68.4,54.7,68.40624999999889,0.7703974417542382
GBPJPY_AMR,2025-01-06,SELL,EXACT/ACCEPTABLE MATCH,43.5,34.8,43.49374999999967,-1.0461273171432757
GBPJPY_AMR,2025-01-07,SELL,EXACT/ACCEPTABLE MATCH,52.0,41.6,52.00624999999803,0.7614469414734094
GBPJPY_AMR,2025-01-09,BUY,EXACT/ACCEPTABLE MATCH,41.7,33.4,41.743749999998414,-1.046863302889694
GBPJPY_AMR,2025-01-10,BUY,EXACT/ACCEPTABLE MATCH,27.2,21.8,27.193749999998573,0.7281084808090477
GBPJPY_AMR,2025-01-13,BUY,EXACT/ACCEPTABLE MATCH,41.3,33.0,41.29375000000124,0.7507189344634253
GBPJPY_AMR,2025-01-16,BUY,EXACT/ACCEPTABLE MATCH,41.1,32.9,41.100000000000136,-1.0486618004866146
GBPJPY_AMR,2025-01-17,SELL,EXACT/ACCEPTABLE MATCH,29.0,23.2,29.05000000000157,0.7297762478484974
GBPJPY_AMR,2025-01-24,SELL,EXACT/ACCEPTABLE MATCH,24.8,19.8,24.79375000000061,-1.080917569952078
GBPJPY_AMR,2025-01-27,BUY,EXACT/ACCEPTABLE MATCH,57.4,45.9,57.38749999999726,-1.0350686125027722
GBPJPY_AMR,2025-01-28,SELL,EXACT/ACCEPTABLE MATCH,60.9,48.7,60.931249999995885,0.766437583341933
GBPJPY_AMR,2025-01-29,SELL,EXACT/ACCEPTABLE MATCH,21.9,17.5,21.88124999999985,0.7083690374178854
GBPJPY_AMR,2025-01-30,BUY,EXACT/ACCEPTABLE MATCH,31.5,25.2,31.481250000002348,-1.0641254715107409
GBPJPY_AMR,2025-02-03,BUY,EXACT/ACCEPTABLE MATCH,200.1,160.1,200.08749999999864,0.7901543074904782
GBPJPY_AMR,2025-02-05,SELL,EXACT/ACCEPTABLE MATCH,13.6,10.9,13.606250000002262,0.6541111621496386
GBPJPY_AMR,2025-02-06,BUY,EXACT/ACCEPTABLE MATCH,36.3,29.0,36.306249999999096,-1.05491478739889
GBPJPY_AMR,2025-02-07,BUY,EXACT/ACCEPTABLE MATCH,60.9,48.7,60.88749999999976,0.7669882980907442
GBPJPY_AMR,2025-02-10,BUY,EXACT/ACCEPTABLE MATCH,93.2,74.5,93.18125000000066,0.7780535247166086
GBPJPY_AMR,2025-02-11,BUY,EXACT/ACCEPTABLE MATCH,35.1,28.1,35.137500000001154,-1.0558520099608333
GBPJPY_AMR,2025-02-14,SELL,EXACT/ACCEPTABLE MATCH,53.4,42.7,53.41250000000031,0.761993915281999
GBPJPY_AMR,2025-02-17,BUY,EXACT/ACCEPTABLE MATCH,47.9,38.3,47.86874999999924,-1.0424337380859283
GBPJPY_AMR,2025-02-18,BUY,EXACT/ACCEPTABLE MATCH,21.4,17.1,21.425000000000693,0.7047841306884253
GBPJPY_AMR,2025-02-20,BUY,EXACT/ACCEPTABLE MATCH,22.6,18.1,22.59374999999864,-1.0887966804979912
GBPJPY_AMR,2025-02-21,SELL,EXACT/ACCEPTABLE MATCH,90.2,72.2,90.23124999999864,0.7780009697305651
GBPJPY_AMR,2025-02-24,SELL,EXACT/ACCEPTABLE MATCH,53.2,42.6,53.21250000000077,-1.0373502466525573
GBPJPY_AMR,2025-02-25,SELL,EXACT/ACCEPTABLE MATCH,35.6,28.5,35.56874999999593,0.7450360217888745
GBPJPY_AMR,2025-02-26,BUY,EXACT/ACCEPTABLE MATCH,38.0,30.4,38.04374999999993,0.7465089535074763
GBPJPY_AMR,2025-02-27,SELL,EXACT/ACCEPTABLE MATCH,37.3,29.9,37.34374999999801,0.7471129707113369
GBPJPY_AMR,2025-03-03,SELL,EXACT/ACCEPTABLE MATCH,107.3,85.8,107.3062500000006,0.7809423961791557
GBPJPY_AMR,2025-03-06,SELL,EXACT/ACCEPTABLE MATCH,36.6,29.3,36.60625000000195,0.7457742871776963
GBPJPY_AMR,2025-03-07,SELL,EXACT/ACCEPTABLE MATCH,39.8,31.8,39.8062500000016,0.7486261579525528
GBPJPY_AMR,2025-03-17,SELL,EXACT/ACCEPTABLE MATCH,30.6,24.5,30.568749999996925,0.7360457984053081
GBPJPY_AMR,2025-03-21,BUY,EXACT/ACCEPTABLE MATCH,20.3,16.2,20.293750000000443,0.6997228210655837
GBPJPY_AMR,2025-03-25,SELL,EXACT/ACCEPTABLE MATCH,26.7,21.3,26.656250000002046,0.724032825322336
GBPJPY_AMR,2025-03-26,SELL,EXACT/ACCEPTABLE MATCH,35.1,28.1,35.06875000000065,-1.0579219390482786
GBPJPY_AMR,2025-03-27,BUY,EXACT/ACCEPTABLE MATCH,45.7,36.6,45.71874999999892,0.7568010936432168
GBPJPY_AMR,2025-03-28,BUY,EXACT/ACCEPTABLE MATCH,33.9,27.1,33.87500000000188,0.7409594095940549
GBPJPY_AMR,2025-04-03,BUY,EXACT/ACCEPTABLE MATCH,147.0,117.6,146.9999999999985,-1.0136054421768814
GBPJPY_AMR,2025-04-07,BUY,EXACT/ACCEPTABLE MATCH,313.3,250.7,313.31875000000053,0.7937603478885307
GBPJPY_AMR,2025-04-14,BUY,EXACT/ACCEPTABLE MATCH,91.3,73.1,91.31875000000278,0.7785914721784719
GBPJPY_AMR,2025-04-18,SELL,EXACT/ACCEPTABLE MATCH,33.8,27.0,33.749999999997726,0.7407407407407907
GBPJPY_AMR,2025-04-21,BUY,EXACT/ACCEPTABLE MATCH,87.2,69.8,87.25000000000094,0.7770773638968398
GBPJPY_AMR,2025-04-22,SELL,EXACT/ACCEPTABLE MATCH,43.6,34.9,43.56875000000216,0.7551283890402725
GBPJPY_AMR,2025-04-23,SELL,EXACT/ACCEPTABLE MATCH,77.5,62.0,77.46250000000288,0.7745683395190934
GBPJPY_AMR,2025-05-02,SELL,EXACT/ACCEPTABLE MATCH,71.4,57.1,71.406249999999,0.7716411378555906
GBPJPY_AMR,2025-05-05,BUY,EXACT/ACCEPTABLE MATCH,65.0,52.0,65.03749999999897,-1.0301748990966912
GBPJPY_AMR,2025-05-07,SELL,EXACT/ACCEPTABLE MATCH,57.2,45.8,57.23125000000096,-1.034399912635125
GBPJPY_AMR,2025-05-09,BUY,EXACT/ACCEPTABLE MATCH,33.9,27.1,33.89999999999915,-1.058997050147519
GBPJPY_AMR,2025-05-12,SELL,EXACT/ACCEPTABLE MATCH,44.3,35.4,44.26249999999854,-1.0460321942954312
GBPJPY_AMR,2025-05-13,BUY,EXACT/ACCEPTABLE MATCH,30.1,24.1,30.11249999999777,0.7339144873391994
GBPJPY_AMR,2025-05-14,SELL,EXACT/ACCEPTABLE MATCH,23.2,18.6,23.193750000004343,0.7157100511990038
GBPJPY_AMR,2025-05-15,BUY,EXACT/ACCEPTABLE MATCH,47.3,37.8,47.25624999999667,-1.0432482475863716
GBPJPY_AMR,2025-05-16,BUY,EXACT/ACCEPTABLE MATCH,31.2,24.9,31.156249999998664,-1.0655967903711592
GBPJPY_AMR,2025-05-19,BUY,EXACT/ACCEPTABLE MATCH,100.1,80.1,100.10624999999962,0.7801710682399979
GBPJPY_AMR,2025-05-20,SELL,EXACT/ACCEPTABLE MATCH,42.8,34.3,42.83124999999899,0.7541222822121876
GBPJPY_AMR,2025-05-21,BUY,EXACT/ACCEPTABLE MATCH,41.3,33.0,41.29999999999967,0.7506053268765193
GBPJPY_AMR,2025-05-22,SELL,EXACT/ACCEPTABLE MATCH,57.7,46.2,57.72500000000136,0.7656994369856901
GBPJPY_AMR,2025-05-26,BUY,EXACT/ACCEPTABLE MATCH,30.1,24.1,30.143749999997027,0.7331536388140886
GBPJPY_AMR,2025-05-27,BUY,EXACT/ACCEPTABLE MATCH,14.4,11.5,14.406250000000398,0.6594360086767713
GBPJPY_AMR,2025-05-28,BUY,EXACT/ACCEPTABLE MATCH,26.3,21.1,26.32499999999993,0.7255460588793942
GBPJPY_AMR,2025-05-29,SELL,EXACT/ACCEPTABLE MATCH,56.1,44.9,56.09999999999715,-1.0356506238859706
GBPJPY_AMR,2025-05-30,BUY,EXACT/ACCEPTABLE MATCH,35.6,28.4,35.5624999999975,-1.0572934973638706
GBPJPY_AMR,2025-06-03,BUY,EXACT/ACCEPTABLE MATCH,24.8,19.8,24.750000000000934,0.719191919191892
GBPJPY_AMR,2025-06-05,BUY,EXACT/ACCEPTABLE MATCH,27.7,22.1,27.687499999995424,0.725959367945944
GBPJPY_AMR,2025-06-09,BUY,EXACT/ACCEPTABLE MATCH,25.0,20.0,24.993749999996595,0.7201800450113509
GBPJPY_AMR,2025-06-13,BUY,EXACT/ACCEPTABLE MATCH,32.7,26.2,32.71249999999881,-1.0607565915170427
GBPJPY_AMR,2025-06-17,SELL,EXACT/ACCEPTABLE MATCH,42.3,33.9,42.32499999999817,0.753691671588928
GBPJPY_AMR,2025-06-19,BUY,EXACT/ACCEPTABLE MATCH,33.2,26.6,33.19375000000235,0.7411033703633442
GBPJPY_AMR,2025-06-24,BUY,EXACT/ACCEPTABLE MATCH,31.5,25.2,31.512499999998056,-1.0630702102340996
GBPJPY_AMR,2025-06-26,BUY,EXACT/ACCEPTABLE MATCH,30.7,24.5,30.67499999999868,0.7334963325183691
GBPJPY_AMR,2025-06-27,BUY,EXACT/ACCEPTABLE MATCH,41.3,33.0,41.25624999999644,0.7514013028329689
GBPJPY_AMR,2025-06-30,BUY,EXACT/ACCEPTABLE MATCH,45.3,36.2,45.31249999999787,0.7547586206896908
GBPJPY_AMR,2025-07-01,BUY,EXACT/ACCEPTABLE MATCH,21.1,16.9,21.09375000000213,-1.0951111111110006
GBPJPY_AMR,2025-07-03,SELL,EXACT/ACCEPTABLE MATCH,39.7,31.7,39.68124999999745,0.7484643250906136
GBPJPY_AMR,2025-07-04,BUY,EXACT/ACCEPTABLE MATCH,18.9,15.1,18.899999999998585,-1.1058201058201886
GBPJPY_AMR,2025-07-08,SELL,EXACT/ACCEPTABLE MATCH,57.5,46.0,57.46875000000173,0.7656334964654473
GBPJPY_AMR,2025-07-14,BUY,EXACT/ACCEPTABLE MATCH,77.5,62.0,77.50000000000057,0.7741935483870911
GBPJPY_AMR,2025-07-15,BUY,MISMATCH (false positive -- reconstructed signal not in history),,,,
GBPJPY_AMR,2025-07-16,SELL,EXACT/ACCEPTABLE MATCH,33.8,27.1,33.825000000000216,0.7420546932742008
GBPJPY_AMR,2025-07-17,SELL,EXACT/ACCEPTABLE MATCH,32.3,25.8,32.287499999998914,-1.0623306233062686
GBPJPY_AMR,2025-07-21,BUY,EXACT/ACCEPTABLE MATCH,138.5,110.8,138.46875000000125,-0.0686075378018499
GBPJPY_AMR,2025-07-22,SELL,MISMATCH (false positive -- reconstructed signal not in history),,,,
GBPJPY_AMR,2025-07-23,BUY,MISMATCH (false positive -- reconstructed signal not in history),,,,
GBPJPY_AMR,2025-07-25,SELL,MISMATCH (false positive -- reconstructed signal not in history),,,,
GBPJPY_AMR,2025-07-28,SELL,EXACT/ACCEPTABLE MATCH,29.9,23.9,29.862500000000125,-1.068229384679778
GBPJPY_AMR,2025-07-30,BUY,EXACT/ACCEPTABLE MATCH,34.9,27.9,34.91250000000079,-1.0569280343716194
GBPJPY_AMR,2025-08-11,BUY,EXACT/ACCEPTABLE MATCH,29.3,23.5,29.33750000000046,0.7328504473796221
GBPJPY_AMR,2025-08-14,BUY,EXACT/ACCEPTABLE MATCH,53.1,42.5,53.112500000001006,-1.037420569545756
GBPJPY_AMR,2025-08-15,BUY,EXACT/ACCEPTABLE MATCH,33.8,27.0,33.78124999999699,-1.0597594819612417
GBPJPY_AMR,2025-08-18,BUY,EXACT/ACCEPTABLE MATCH,23.7,18.9,23.68124999999921,0.7136447611507232
GBPJPY_AMR,2025-08-19,BUY,EXACT/ACCEPTABLE MATCH,22.5,18.0,22.48750000000399,0.7115063924401184
GBPJPY_AMR,2025-08-22,BUY,EXACT/ACCEPTABLE MATCH,23.6,18.8,23.556249999998613,0.7131865216238149
GBPJPY_AMR,2025-08-25,SELL,EXACT/ACCEPTABLE MATCH,43.4,34.7,43.42500000000271,0.7530224525042708
GBPJPY_AMR,2025-08-26,BUY,EXACT/ACCEPTABLE MATCH,43.4,34.7,43.3749999999975,0.7538904899135882
GBPJPY_AMR,2025-08-28,BUY,EXACT/ACCEPTABLE MATCH,24.4,19.5,24.36875000000072,0.7181328545780759
GBPJPY_AMR,2025-09-02,BUY,EXACT/ACCEPTABLE MATCH,24.7,19.8,24.71250000000325,0.7202832574607047
GBPJPY_AMR,2025-09-05,BUY,EXACT/ACCEPTABLE MATCH,22.4,17.9,22.381249999998687,0.7104160848925298
GBPJPY_AMR,2025-09-08,SELL,EXACT/ACCEPTABLE MATCH,112.1,89.7,112.09999999999808,0.7823371989295406
GBPJPY_AMR,2025-09-10,BUY,EXACT/ACCEPTABLE MATCH,19.5,15.6,19.481250000001893,0.6981071543149787
GBPJPY_AMR,2025-09-11,BUY,EXACT/ACCEPTABLE MATCH,23.8,19.0,23.800000000001376,0.714285714285673
GBPJPY_AMR,2025-09-15,BUY,EXACT/ACCEPTABLE MATCH,39.5,31.6,39.53750000000156,0.7486563389187185
GBPJPY_AMR,2025-09-17,BUY,EXACT/ACCEPTABLE MATCH,25.3,20.2,25.256249999998204,0.7206137094779033
GBPJPY_AMR,2025-09-19,BUY,EXACT/ACCEPTABLE MATCH,18.9,15.1,18.899999999998585,0.693121693121745
GBPJPY_AMR,2025-09-22,BUY,EXACT/ACCEPTABLE MATCH,28.9,23.1,28.925000000000978,0.72947277441657
GBPJPY_AMR,2025-09-23,BUY,EXACT/ACCEPTABLE MATCH,26.0,20.8,25.9999999999998,0.7230769230769286
GBPJPY_AMR,2025-09-26,BUY,EXACT/ACCEPTABLE MATCH,17.9,14.3,17.89374999999893,0.687390848760083
GBPJPY_AMR,2025-09-29,BUY,EXACT/ACCEPTABLE MATCH,24.0,19.2,23.99374999999893,-1.0836155248763184
GBPJPY_AMR,2025-10-01,BUY,EXACT/ACCEPTABLE MATCH,23.1,18.5,23.08749999999904,0.7146724417975392
GBPJPY_AMR,2025-10-02,BUY,EXACT/ACCEPTABLE MATCH,27.7,22.1,27.662499999998147,0.7266154541347075
GBPJPY_AMR,2025-10-03,BUY,EXACT/ACCEPTABLE MATCH,24.6,19.7,24.61874999999836,0.718964204112767
GBPJPY_AMR,2025-10-06,SELL,EXACT/ACCEPTABLE MATCH,254.5,203.6,254.46249999999893,-1.0080070737338551
GBPJPY_AMR,2025-10-07,SELL,MISMATCH (false positive -- reconstructed signal not in history),,,,
GBPJPY_AMR,2025-10-08,SELL,EXACT/ACCEPTABLE MATCH,42.4,33.9,42.41874999999951,0.7520259319286959
GBPJPY_AMR,2025-10-09,SELL,EXACT/ACCEPTABLE MATCH,27.3,21.8,27.26874999999751,0.7261058904424225
GBPJPY_AMR,2025-10-10,SELL,EXACT/ACCEPTABLE MATCH,21.7,17.4,21.71249999999958,0.7092688543465883
GBPJPY_AMR,2025-10-14,SELL,EXACT/ACCEPTABLE MATCH,28.4,22.7,28.43125000000057,0.7280721037590532
GBPJPY_AMR,2025-10-16,BUY,EXACT/ACCEPTABLE MATCH,35.4,28.3,35.41875000000161,0.7425445562025426
GBPJPY_AMR,2025-10-20,SELL,EXACT/ACCEPTABLE MATCH,53.3,42.6,53.28749999999971,-1.0377668308702848
GBPJPY_AMR,2025-10-22,BUY,EXACT/ACCEPTABLE MATCH,24.6,19.7,24.57499999999868,0.7202441505595503
GBPJPY_AMR,2025-10-27,SELL,EXACT/ACCEPTABLE MATCH,62.6,50.1,62.618750000002166,0.7681405329872976
GBPJPY_AMR,2025-10-28,BUY,MISMATCH (false positive -- reconstructed signal not in history),,,,
GBPJPY_AMR,2025-10-29,BUY,EXACT/ACCEPTABLE MATCH,46.0,36.8,45.98749999999896,0.756727371568378
GBPJPY_AMR,2025-10-31,BUY,EXACT/ACCEPTABLE MATCH,32.3,25.9,32.32500000000016,0.7393658159319375
GBPJPY_AMR,2025-11-04,BUY,EXACT/ACCEPTABLE MATCH,14.1,11.3,14.11874999999796,0.658698539176722
GBPJPY_AMR,2025-11-05,BUY,EXACT/ACCEPTABLE MATCH,43.7,35.0,43.70624999999961,-1.0456170456170548
GBPJPY_AMR,2025-11-14,BUY,EXACT/ACCEPTABLE MATCH,48.3,38.6,48.31249999999798,-1.041138421733549
GBPJPY_AMR,2025-11-17,BUY,EXACT/ACCEPTABLE MATCH,28.0,22.4,27.981249999999847,0.7290596381505512
GBPJPY_AMR,2025-11-20,SELL,EXACT/ACCEPTABLE MATCH,38.6,30.9,38.60625000000084,-1.05164319248824
GBPJPY_AMR,2025-11-25,BUY,EXACT/ACCEPTABLE MATCH,26.5,21.2,26.46874999999937,0.7253837072019061
GBPJPY_AMR,2025-11-27,BUY,EXACT/ACCEPTABLE MATCH,17.8,14.3,17.81249999999801,-1.1115789473685451
GBPJPY_AMR,2025-12-01,BUY,EXACT/ACCEPTABLE MATCH,35.1,28.1,35.149999999998016,0.7425320056899424
GBPJPY_AMR,2025-12-02,SELL,EXACT/ACCEPTABLE MATCH,31.7,25.3,31.687500000003865,-1.063510848126103
GBPJPY_AMR,2025-12-05,BUY,EXACT/ACCEPTABLE MATCH,29.5,23.6,29.456250000002623,0.7332908975174395
GBPJPY_AMR,2025-12-08,BUY,EXACT/ACCEPTABLE MATCH,38.4,30.7,38.42500000000015,0.7469095640858786
GBPJPY_AMR,2025-12-10,BUY,EXACT/ACCEPTABLE MATCH,21.6,17.3,21.60625000000138,0.7081284350592547
GBPJPY_AMR,2025-12-11,BUY,EXACT/ACCEPTABLE MATCH,35.9,28.8,35.94375000000127,-1.054425317336078
GBPJPY_AMR,2025-12-16,BUY,EXACT/ACCEPTABLE MATCH,22.6,18.0,22.55624999999739,0.7093377666944573
GBPJPY_AMR,2025-12-18,BUY,EXACT/ACCEPTABLE MATCH,30.7,24.6,30.725000000000332,0.7355573637103257
GBPJPY_AMR,2025-12-19,BUY,EXACT/ACCEPTABLE MATCH,31.6,25.2,31.55625000000484,0.7351950881361519
GBPJPY_AMR,2025-12-23,BUY,EXACT/ACCEPTABLE MATCH,36.6,29.3,36.574999999999136,-1.0553656869446593
GBPJPY_AMR,2025-12-24,BUY,EXACT/ACCEPTABLE MATCH,36.5,29.2,36.45000000000209,-1.0562414266117364
GBPJPY_AMR,2025-12-26,SELL,EXACT/ACCEPTABLE MATCH,38.8,31.0,38.781249999999545,0.747784045124908
GBPJPY_AMR,2025-12-29,BUY,EXACT/ACCEPTABLE MATCH,20.6,16.5,20.568750000002467,0.7049529018534554
GBPJPY_AMR,2025-12-30,SELL,EXACT/ACCEPTABLE MATCH,16.3,13.1,16.312499999997954,0.6743295019157934
GBPJPY_AMR,2025-12-31,BUY,EXACT/ACCEPTABLE MATCH,20.9,16.7,20.924999999998303,0.7025089605735335
GBPJPY_AMR,2026-01-05,BUY,EXACT/ACCEPTABLE MATCH,25.6,20.5,25.606249999999164,0.722479863314644
GBPJPY_AMR,2026-01-07,SELL,EXACT/ACCEPTABLE MATCH,22.5,18.0,22.518749999996142,0.7105190119346206
GBPJPY_AMR,2026-01-08,BUY,EXACT/ACCEPTABLE MATCH,17.6,14.1,17.606250000000045,0.6872559460418868
GBPJPY_AMR,2026-01-13,SELL,EXACT/ACCEPTABLE MATCH,55.3,44.2,55.27500000000174,-1.0366350067842278
GBPJPY_AMR,2026-01-14,SELL,EXACT/ACCEPTABLE MATCH,30.1,24.1,30.075000000000077,0.7348295926849525
GBPJPY_AMR,2026-01-19,BUY,EXACT/ACCEPTABLE MATCH,114.4,91.5,114.381250000001,0.782470903229325
GBPJPY_AMR,2026-01-20,BUY,EXACT/ACCEPTABLE MATCH,39.2,31.3,39.16875000000175,0.748045316738438
GBPJPY_AMR,2026-01-26,BUY,EXACT/ACCEPTABLE MATCH,162.0,129.6,161.9562499999958,0.7878670937367548
GBPJPY_AMR,2026-02-02,SELL,EXACT/ACCEPTABLE MATCH,94.0,75.2,93.95624999999797,0.779086010776309
GBPJPY_AMR,2026-02-03,SELL,EXACT/ACCEPTABLE MATCH,12.4,10.0,12.450000000004737,-1.1646586345377097
GBPJPY_AMR,2026-02-04,SELL,EXACT/ACCEPTABLE MATCH,55.8,44.6,55.81250000000182,-1.03561030235159
GBPJPY_AMR,2026-02-06,BUY,EXACT/ACCEPTABLE MATCH,36.1,28.9,36.08749999999716,-1.0557672324212817
GBPJPY_AMR,2026-02-09,BUY,EXACT/ACCEPTABLE MATCH,46.6,37.2,46.5562499999983,0.7560746408914225
GBPJPY_AMR,2026-02-11,BUY,EXACT/ACCEPTABLE MATCH,49.1,39.3,49.06875,-1.041396000509489
GBPJPY_AMR,2026-02-13,SELL,EXACT/ACCEPTABLE MATCH,64.1,51.3,64.10625000000181,-1.0311007117090476
GBPJPY_AMR,2026-02-16,BUY,EXACT/ACCEPTABLE MATCH,42.6,34.1,42.59375000000176,0.7536316947908712
GBPJPY_AMR,2026-02-17,BUY,EXACT/ACCEPTABLE MATCH,14.9,11.9,14.86875000000154,0.6658259773013182
GBPJPY_AMR,2026-02-19,SELL,EXACT/ACCEPTABLE MATCH,33.4,26.7,33.43750000000156,0.7416822429906196
GBPJPY_AMR,2026-02-20,SELL,EXACT/ACCEPTABLE MATCH,38.5,30.8,38.52500000000347,0.7475665152497704
GBPJPY_AMR,2026-02-23,BUY,EXACT/ACCEPTABLE MATCH,34.8,27.8,34.7687500000049,0.7420456588170804
GBPJPY_AMR,2026-02-26,BUY,EXACT/ACCEPTABLE MATCH,28.1,22.5,28.09374999999648,0.7296996662959758
GBPJPY_AMR,2026-03-02,BUY,EXACT/ACCEPTABLE MATCH,93.9,75.1,93.86249999999664,0.7787987748035969
GBPJPY_AMR,2026-03-03,SELL,EXACT/ACCEPTABLE MATCH,37.2,29.8,37.23125000000493,0.7466845727714304
GBPJPY_AMR,2026-03-04,BUY,EXACT/ACCEPTABLE MATCH,55.0,44.0,54.99999999999972,-1.0363636363636417
GBPJPY_AMR,2026-03-05,BUY,EXACT/ACCEPTABLE MATCH,35.2,28.1,35.168750000000415,-1.0577572418695451
GBPJPY_AMR,2026-03-11,SELL,EXACT/ACCEPTABLE MATCH,29.1,23.3,29.09999999999968,-1.0687285223367815
GBPJPY_AMR,2026-03-19,SELL,EXACT/ACCEPTABLE MATCH,43.7,34.9,43.687499999997215,0.7530758226037676
GBPJPY_AMR,2026-03-24,BUY,EXACT/ACCEPTABLE MATCH,22.9,18.3,22.91875000000232,-1.0864466866647386
GBPJPY_AMR,2026-03-25,SELL,EXACT/ACCEPTABLE MATCH,39.3,31.4,39.30624999999921,0.7479726506598974
GBPJPY_AMR,2026-03-30,BUY,EXACT/ACCEPTABLE MATCH,42.2,33.8,42.19999999999757,-1.0473933649289702
GBPJPY_AMR,2026-03-31,SELL,EXACT/ACCEPTABLE MATCH,29.9,23.9,29.918750000000216,-1.0662210152496268
GBPJPY_AMR,2026-04-01,SELL,EXACT/ACCEPTABLE MATCH,39.5,31.6,39.50000000000031,0.749367088607589
GBPJPY_AMR,2026-04-03,SELL,EXACT/ACCEPTABLE MATCH,25.3,20.2,25.30624999999631,0.7191899234379907
GBPJPY_AMR,2026-04-06,BUY,EXACT/ACCEPTABLE MATCH,22.5,18.0,22.53124999999656,0.7101248266297894
GBPJPY_AMR,2026-04-07,BUY,EXACT/ACCEPTABLE MATCH,16.6,13.3,16.575000000003115,0.6817496229259654
GBPJPY_AMR,2026-04-08,SELL,EXACT/ACCEPTABLE MATCH,52.9,42.3,52.91874999999635,-1.0374394708870445
GBPJPY_AMR,2026-04-09,BUY,EXACT/ACCEPTABLE MATCH,35.2,28.1,35.16875000000397,0.7421361293761382
GBPJPY_AMR,2026-04-13,BUY,EXACT/ACCEPTABLE MATCH,92.6,74.1,92.63125000000016,0.7783550367721462
GBPJPY_AMR,2026-04-17,BUY,EXACT/ACCEPTABLE MATCH,20.8,16.7,20.837500000002507,0.7054589082182714
GBPJPY_AMR,2026-04-23,BUY,EXACT/ACCEPTABLE MATCH,20.6,16.5,20.562500000000483,0.7051671732522631
GBPJPY_AMR,2026-05-01,SELL,EXACT/ACCEPTABLE MATCH,70.1,56.1,70.11249999999691,0.7716170440364041
GBPJPY_AMR,2026-05-07,BUY,EXACT/ACCEPTABLE MATCH,23.7,19.0,23.74374999999773,0.7159778889182048
GBPJPY_AMR,2026-05-11,BUY,EXACT/ACCEPTABLE MATCH,128.5,102.8,128.54375000000218,0.784168814119693
GBPJPY_AMR,2026-05-18,BUY,EXACT/ACCEPTABLE MATCH,25.6,20.5,25.61874999999958,0.722127348133703
GBPJPY_AMR,2026-05-20,BUY,EXACT/ACCEPTABLE MATCH,24.1,19.3,24.093750000002245,-1.0832684824901715
GBPJPY_AMR,2026-05-21,BUY,EXACT/ACCEPTABLE MATCH,17.3,13.9,17.33750000000356,0.6863734679162254
GBPJPY_AMR,2026-05-25,BUY,EXACT/ACCEPTABLE MATCH,37.5,30.0,37.54374999999754,0.7457965706676033
GBPJPY_AMR,2026-05-26,BUY,EXACT/ACCEPTABLE MATCH,21.8,17.4,21.756249999999252,0.7078425739730205
GBPJPY_AMR,2026-05-28,BUY,EXACT/ACCEPTABLE MATCH,23.7,18.9,23.68124999999921,0.7136447611507232
GBPJPY_AMR,2026-05-29,BUY,EXACT/ACCEPTABLE MATCH,11.2,9.0,11.243750000001995,0.6225680933851035
GBPJPY_AMR,2026-06-03,BUY,EXACT/ACCEPTABLE MATCH,16.6,13.3,16.643750000000068,0.6789335336087092
GBPJPY_AMR,2026-06-05,BUY,EXACT/ACCEPTABLE MATCH,20.5,16.4,20.49375000000353,0.7026532479413246
GBPJPY_AMR,2026-06-09,BUY,EXACT/ACCEPTABLE MATCH,18.0,14.4,18.02499999999796,0.6879334257975813
GBPJPY_AMR,2026-06-15,BUY,EXACT/ACCEPTABLE MATCH,29.7,23.8,29.71874999999713,0.7335436382755703
GBPJPY_AMR,2026-06-16,BUY,EXACT/ACCEPTABLE MATCH,17.1,13.7,17.087500000002365,-1.1177761521578555
GBPJPY_AMR,2026-06-17,BUY,EXACT/ACCEPTABLE MATCH,13.2,10.6,13.22500000000204,0.6502835538751359
GBPJPY_AMR,2026-06-19,BUY,EXACT/ACCEPTABLE MATCH,26.1,20.9,26.118750000001967,-1.075855467815186
GBPJPY_AMR,2026-06-22,BUY,EXACT/ACCEPTABLE MATCH,82.5,66.0,82.51249999999644,0.7756400545372248
GBPJPY_AMR,2026-06-23,BUY,EXACT/ACCEPTABLE MATCH,16.0,12.8,16.012499999998653,0.6744730679157477
GBPJPY_AMR,2026-07-02,BUY,EXACT/ACCEPTABLE MATCH,19.8,15.8,19.787499999996072,0.6974099810487803
GBPJPY_AMR,2026-07-03,SELL,EXACT/ACCEPTABLE MATCH,20.9,16.8,20.93749999999872,-1.0937313432836488
GBPJPY_AMR,2026-07-06,BUY,EXACT/ACCEPTABLE MATCH,20.8,16.6,20.775000000000432,0.702767749699143
GBPJPY_AMR,2026-07-10,BUY,EXACT/ACCEPTABLE MATCH,20.9,16.7,20.93125000000029,0.702299193789181
GBPJPY_AMR,2026-07-13,BUY,EXACT/ACCEPTABLE MATCH,22.8,18.2,22.781250000001307,0.7111111111110703
GBPJPY_AMR,2026-07-17,SELL,EXACT/ACCEPTABLE MATCH,11.9,9.5,11.881249999994736,0.6312467122569867
GBPJPY_AMR,2026-07-20,BUY,EXACT/ACCEPTABLE MATCH,14.2,11.3,14.15625000000631,-1.1443708609266423
GBPJPY_AMR,2026-07-23,BUY,EXACT/ACCEPTABLE MATCH,14.9,11.9,14.906249999999233,0.6641509433962607
GBPJPY_AMR,2026-07-27,BUY,EXACT/ACCEPTABLE MATCH,25.7,20.5,25.66875000000124,0.7207207207206859
GBPJPY_AMR,2026-07-29,BUY,EXACT/ACCEPTABLE MATCH,14.4,11.5,14.368750000002706,0.6611570247932639
GBPJPY_AMR,2026-08-03,BUY,EXACT/ACCEPTABLE MATCH,332.3,265.9,332.3437500000033,0.7940573577809041
GBPJPY_AMR,2026-08-05,BUY,MISMATCH (false positive -- reconstructed signal not in history),,,,
GBPJPY_AMR,2026-08-11,BUY,EXACT/ACCEPTABLE MATCH,26.6,21.3,26.61250000000237,0.7252231094409876
GBPJPY_AMR,2023-08-01,SELL,MISMATCH (false negative -- historical trade not reconstructed),,,,
CADJPY_ARB,2023-08-02,SELL,EXACT/ACCEPTABLE MATCH,37.3,74.6,41.6000000000011,1.7451923076922613
CADJPY_ARB,2023-08-03,BUY,MISMATCH (false positive -- reconstructed signal not in history),,,,
CADJPY_ARB,2023-08-10,BUY,EXACT/ACCEPTABLE MATCH,33.1,66.2,40.799999999998704,1.083333333333368
CADJPY_ARB,2023-08-16,SELL,EXACT/ACCEPTABLE MATCH,22.7,45.4,24.59999999999951,-1.0813008130081516
CADJPY_ARB,2023-08-17,BUY,EXACT/ACCEPTABLE MATCH,26.4,52.8,27.89999999999964,-1.071684587813634
CADJPY_ARB,2023-08-24,BUY,EXACT/ACCEPTABLE MATCH,42.1,84.2,53.300000000000125,0.069418386491557
CADJPY_ARB,2023-09-04,BUY,EXACT/ACCEPTABLE MATCH,27.1,54.2,29.399999999999693,1.7755102040816513
CADJPY_ARB,2023-09-06,SELL,EXACT/ACCEPTABLE MATCH,27.0,54.0,40.99999999999966,-1.0487804878048868
CADJPY_ARB,2023-09-19,BUY,EXACT/ACCEPTABLE MATCH,35.9,71.8,36.80000000000092,1.896739130434735
CADJPY_ARB,2023-10-03,SELL,EXACT/ACCEPTABLE MATCH,21.9,43.8,27.700000000000102,1.509025270758117
CADJPY_ARB,2023-10-06,BUY,EXACT/ACCEPTABLE MATCH,33.8,67.6,34.39999999999941,1.9069767441860792
CADJPY_ARB,2023-10-10,BUY,EXACT/ACCEPTABLE MATCH,43.3,86.6,44.40000000000026,0.0675675675675671
CADJPY_ARB,2023-10-11,BUY,MISMATCH (false positive -- reconstructed signal not in history),,,,
CADJPY_ARB,2023-10-19,SELL,EXACT/ACCEPTABLE MATCH,25.2,50.4,25.40000000000049,-1.0787401574802942
CADJPY_ARB,2023-10-26,BUY,EXACT/ACCEPTABLE MATCH,25.7,51.4,26.099999999999568,-1.0766283524904394
CADJPY_ARB,2023-10-31,BUY,EXACT/ACCEPTABLE MATCH,69.4,138.8,78.4000000000006,0.8443877551020343
CADJPY_ARB,2023-11-10,BUY,EXACT/ACCEPTABLE MATCH,21.6,43.2,21.999999999999886,-1.0909090909090966
CADJPY_ARB,2023-11-13,BUY,EXACT/ACCEPTABLE MATCH,28.6,57.2,32.29999999999933,-1.0619195046439849
CADJPY_ARB,2023-11-15,BUY,EXACT/ACCEPTABLE MATCH,36.0,72.0,36.40000000000043,-1.0549450549450423
CADJPY_ARB,2023-11-22,BUY,EXACT/ACCEPTABLE MATCH,26.3,52.6,46.20000000000033,1.0952380952380874
CADJPY_ARB,2023-11-24,SELL,EXACT/ACCEPTABLE MATCH,33.1,66.2,34.499999999999886,-1.0579710144927572
CADJPY_ARB,2023-12-01,BUY,EXACT/ACCEPTABLE MATCH,36.1,72.2,38.50000000000051,-1.051948051948038
CADJPY_ARB,2023-12-05,SELL,EXACT/ACCEPTABLE MATCH,37.9,75.8,38.2000000000005,1.931937172774844
CADJPY_ARB,2023-12-07,SELL,EXACT/ACCEPTABLE MATCH,52.0,104.0,66.79999999999922,1.526946107784449
CADJPY_ARB,2023-12-12,SELL,EXACT/ACCEPTABLE MATCH,38.5,77.0,40.500000000000114,1.8518518518518468
CADJPY_ARB,2023-12-13,BUY,MISMATCH (false positive -- reconstructed signal not in history),,,,
CADJPY_ARB,2023-12-26,BUY,EXACT/ACCEPTABLE MATCH,23.5,47.0,24.59999999999951,1.829268292682963
CADJPY_ARB,2023-12-27,BUY,EXACT/ACCEPTABLE MATCH,51.1,102.2,53.79999999999967,-1.0371747211895974
CADJPY_ARB,2024-01-04,BUY,EXACT/ACCEPTABLE MATCH,65.5,131.0,77.50000000000057,0.8967741935483805
CADJPY_ARB,2024-01-05,BUY,MISMATCH (false positive -- reconstructed signal not in history),,,,
CADJPY_ARB,2024-01-08,SELL,EXACT/ACCEPTABLE MATCH,53.1,106.2,56.60000000000025,-1.0353356890459318
CADJPY_ARB,2024-01-10,BUY,MISMATCH (false positive -- reconstructed signal not in history),,,,
CADJPY_ARB,2024-01-15,BUY,EXACT/ACCEPTABLE MATCH,66.9,133.8,67.00000000000017,1.9671641791044727
CADJPY_ARB,2024-01-17,BUY,MISMATCH (false positive -- reconstructed signal not in history),,,,
CADJPY_ARB,2024-01-19,BUY,EXACT/ACCEPTABLE MATCH,43.9,87.8,50.80000000000098,-0.2362204724409403
CADJPY_ARB,2024-01-23,SELL,EXACT/ACCEPTABLE MATCH,63.2,126.4,87.69999999999953,-1.0228050171037684
CADJPY_ARB,2024-01-31,BUY,EXACT/ACCEPTABLE MATCH,31.3,62.6,35.899999999999466,-1.0557103064067008
CADJPY_ARB,2024-02-02,BUY,EXACT/ACCEPTABLE MATCH,34.3,68.6,35.09999999999991,1.8974358974359025
CADJPY_ARB,2024-02-08,BUY,EXACT/ACCEPTABLE MATCH,48.0,96.0,53.90000000000015,0.7866419294990702
CADJPY_ARB,2024-02-13,BUY,EXACT/ACCEPTABLE MATCH,22.2,44.4,24.200000000000443,-1.0826446280991535
CADJPY_ARB,2024-02-21,BUY,EXACT/ACCEPTABLE MATCH,23.2,46.4,26.00000000000051,1.707692307692274
CADJPY_ARB,2024-02-23,BUY,EXACT/ACCEPTABLE MATCH,20.5,41.0,24.199999999999022,-1.0826446280992172
CADJPY_ARB,2024-03-04,BUY,EXACT/ACCEPTABLE MATCH,21.0,42.0,21.999999999999886,-1.0909090909090966
CADJPY_ARB,2024-03-05,SELL,MISMATCH (false positive -- reconstructed signal not in history),,,,
CADJPY_ARB,2024-03-07,SELL,EXACT/ACCEPTABLE MATCH,67.1,134.2,85.99999999999994,0.7267441860465121
CADJPY_ARB,2024-03-12,BUY,EXACT/ACCEPTABLE MATCH,61.9,123.8,68.20000000000022,0.7917888563049829
CADJPY_ARB,2024-03-13,BUY,MISMATCH (false positive -- reconstructed signal not in history),,,,
CADJPY_ARB,2024-03-15,SELL,MISMATCH (false positive -- reconstructed signal not in history),,,,
CADJPY_ARB,2024-03-18,BUY,EXACT/ACCEPTABLE MATCH,30.3,60.6,31.000000000000227,1.890322580645148
CADJPY_ARB,2024-03-19,BUY,EXACT/ACCEPTABLE MATCH,69.9,139.8,76.9999999999996,1.789610389610399
CADJPY_ARB,2024-03-21,BUY,EXACT/ACCEPTABLE MATCH,52.6,105.2,53.000000000000114,-1.0377358490566015
CADJPY_ARB,2024-03-22,SELL,EXACT/ACCEPTABLE MATCH,49.1,98.2,61.39999999999901,0.4120521172638502
CADJPY_ARB,2024-04-12,SELL,EXACT/ACCEPTABLE MATCH,21.3,42.6,22.699999999998965,1.7885462555066896
CADJPY_ARB,2024-04-15,BUY,EXACT/ACCEPTABLE MATCH,77.1,154.2,82.8000000000003,0.7983091787439585
CADJPY_ARB,2024-04-18,BUY,MISMATCH (false positive -- reconstructed signal not in history),,,,
CADJPY_ARB,2024-04-25,BUY,EXACT/ACCEPTABLE MATCH,34.7,69.4,45.20000000000124,1.4911504424778357
CADJPY_ARB,2024-04-26,BUY,EXACT/ACCEPTABLE MATCH,51.3,102.6,59.19999999999988,-1.033783783783786
CADJPY_ARB,2024-04-29,SELL,EXACT/ACCEPTABLE MATCH,195.4,390.8,271.09999999999985,1.0627074880118044
CADJPY_ARB,2024-05-29,SELL,EXACT/ACCEPTABLE MATCH,21.3,42.6,28.80000000000109,1.4097222222221688
CADJPY_ARB,2024-05-30,SELL,EXACT/ACCEPTABLE MATCH,33.6,67.2,39.09999999999911,-1.051150895140689
CADJPY_ARB,2024-06-05,BUY,EXACT/ACCEPTABLE MATCH,76.6,153.2,76.79999999999865,0.1796875000000031
CADJPY_ARB,2024-06-11,BUY,EXACT/ACCEPTABLE MATCH,22.1,44.2,25.10000000000048,-1.079681274900378
CADJPY_ARB,2024-06-12,BUY,EXACT/ACCEPTABLE MATCH,31.3,62.6,34.99999999999943,-1.0571428571428745
CADJPY_ARB,2024-06-14,BUY,EXACT/ACCEPTABLE MATCH,85.6,171.2,95.6000000000003,-1.0209205020920469
CADJPY_ARB,2024-07-03,BUY,EXACT/ACCEPTABLE MATCH,22.1,44.2,24.199999999999022,-1.0826446280992172
CADJPY_ARB,2024-07-15,SELL,EXACT/ACCEPTABLE MATCH,37.7,75.4,38.89999999999958,1.8868894601542625
CADJPY_ARB,2024-07-17,SELL,MISMATCH (false positive -- reconstructed signal not in history),,,,
CADJPY_ARB,2024-07-19,BUY,EXACT/ACCEPTABLE MATCH,38.3,76.6,58.099999999998886,-1.0344234079174035
CADJPY_ARB,2024-07-22,SELL,EXACT/ACCEPTABLE MATCH,24.2,48.4,51.400000000001,0.9027237354085428
CADJPY_ARB,2024-07-24,SELL,EXACT/ACCEPTABLE MATCH,78.9,157.8,110.69999999999992,1.4074074074074083
CADJPY_ARB,2024-07-30,BUY,EXACT/ACCEPTABLE MATCH,47.0,94.0,69.70000000000027,-1.0286944045911008
CADJPY_ARB,2024-08-05,SELL,EXACT/ACCEPTABLE MATCH,170.0,340.0,246.80000000000035,-1.008103727714747
CADJPY_ARB,2024-08-07,BUY,EXACT/ACCEPTABLE MATCH,245.9,491.8,260.5000000000004,-0.149328214971209
CADJPY_ARB,2024-08-09,SELL,MISMATCH (false positive -- reconstructed signal not in history),,,,
CADJPY_ARB,2024-08-12,BUY,EXACT/ACCEPTABLE MATCH,58.7,117.4,60.69999999999993,-1.0329489291598035
CADJPY_ARB,2024-08-13,BUY,MISMATCH (false positive -- reconstructed signal not in history),,,,
CADJPY_ARB,2024-08-19,SELL,EXACT/ACCEPTABLE MATCH,116.8,233.6,127.40000000000008,-0.1836734693877549
CADJPY_ARB,2024-08-20,BUY,MISMATCH (false positive -- reconstructed signal not in history),,,,
CADJPY_ARB,2024-08-21,BUY,MISMATCH (false positive -- reconstructed signal not in history),,,,
CADJPY_ARB,2024-08-29,BUY,EXACT/ACCEPTABLE MATCH,43.8,87.6,46.999999999999886,1.6872340425531955
CADJPY_ARB,2024-09-03,SELL,EXACT/ACCEPTABLE MATCH,72.3,144.6,86.59999999999997,1.6466512702078528
CADJPY_ARB,2024-09-06,SELL,EXACT/ACCEPTABLE MATCH,33.5,67.0,63.19999999999908,-1.0316455696202682
CADJPY_ARB,2024-09-11,SELL,EXACT/ACCEPTABLE MATCH,84.5,169.0,94.1999999999993,-1.0212314225053154
CADJPY_ARB,2024-09-18,SELL,EXACT/ACCEPTABLE MATCH,72.7,145.4,75.40000000000049,-1.0265251989389854
CADJPY_ARB,2024-09-24,BUY,EXACT/ACCEPTABLE MATCH,48.8,97.6,50.499999999999545,1.89306930693071
CADJPY_ARB,2024-09-27,BUY,EXACT/ACCEPTABLE MATCH,54.7,109.4,67.40000000000066,-1.029673590504441
CADJPY_ARB,2024-09-30,SELL,EXACT/ACCEPTABLE MATCH,70.6,141.2,88.89999999999958,-1.0224971878515234
CADJPY_ARB,2024-10-01,BUY,EXACT/ACCEPTABLE MATCH,66.8,133.6,67.09999999999923,-1.029806259314468
CADJPY_ARB,2024-10-04,SELL,EXACT/ACCEPTABLE MATCH,49.3,98.6,57.00000000000074,-1.0350877192982322
CADJPY_ARB,2024-10-09,BUY,EXACT/ACCEPTABLE MATCH,30.0,60.0,43.200000000000216,-1.0462962962962912
CADJPY_ARB,2024-10-10,BUY,MISMATCH (false positive -- reconstructed signal not in history),,,,
CADJPY_ARB,2024-10-16,BUY,EXACT/ACCEPTABLE MATCH,36.0,72.0,40.39999999999964,-0.3341584158415872
CADJPY_ARB,2024-10-23,BUY,EXACT/ACCEPTABLE MATCH,70.7,141.4,85.5000000000004,-0.4888888888888866
CADJPY_ARB,2024-10-24,SELL,MISMATCH (false positive -- reconstructed signal not in history),,,,
CADJPY_ARB,2024-10-29,SELL,EXACT/ACCEPTABLE MATCH,37.7,75.4,37.80000000000001,-1.0529100529100526
CADJPY_ARB,2024-10-31,SELL,EXACT/ACCEPTABLE MATCH,58.6,117.2,102.50000000000055,-0.2575609756097546
CADJPY_ARB,2024-11-15,SELL,EXACT/ACCEPTABLE MATCH,36.1,72.2,36.40000000000043,1.9285714285714055
CADJPY_ARB,2024-11-20,BUY,EXACT/ACCEPTABLE MATCH,40.9,81.8,47.70000000000039,-1.0419287211739958
CADJPY_ARB,2024-11-21,SELL,EXACT/ACCEPTABLE MATCH,35.2,70.4,41.4999999999992,0.1253012048192795
CADJPY_ARB,2024-11-22,BUY,MISMATCH (false positive -- reconstructed signal not in history),,,,
CADJPY_ARB,2024-11-27,SELL,EXACT/ACCEPTABLE MATCH,81.1,162.2,94.40000000000026,1.269067796610166
CADJPY_ARB,2024-12-02,BUY,EXACT/ACCEPTABLE MATCH,59.4,118.8,61.599999999999966,-1.032467532467533
CADJPY_ARB,2024-12-04,BUY,EXACT/ACCEPTABLE MATCH,45.6,91.2,48.0000000000004,-1.041666666666658
CADJPY_ARB,2024-12-05,SELL,MISMATCH (false positive -- reconstructed signal not in history),,,,
CADJPY_ARB,2024-12-12,BUY,EXACT/ACCEPTABLE MATCH,34.4,68.8,40.800000000000125,-1.049019607843134
CADJPY_ARB,2024-12-18,SELL,EXACT/ACCEPTABLE MATCH,40.5,81.0,41.19999999999919,-1.048543689320409
CADJPY_ARB,2024-12-19,BUY,EXACT/ACCEPTABLE MATCH,93.0,186.0,137.9000000000005,0.4155184916606221
CADJPY_ARB,2024-12-30,BUY,EXACT/ACCEPTABLE MATCH,35.9,71.8,39.00000000000006,-1.0512820512820498
CADJPY_ARB,2025-01-02,SELL,EXACT/ACCEPTABLE MATCH,61.8,123.6,79.50000000000017,0.296855345911949
CADJPY_ARB,2025-01-06,BUY,EXACT/ACCEPTABLE MATCH,94.4,188.8,99.89999999999952,-0.2832832832832846
CADJPY_ARB,2025-01-15,SELL,EXACT/ACCEPTABLE MATCH,34.1,68.2,60.60000000000088,1.0924092409240769
CADJPY_ARB,2025-01-17,BUY,EXACT/ACCEPTABLE MATCH,38.0,76.0,39.60000000000008,0.4191919191919184
CADJPY_ARB,2025-01-20,BUY,EXACT/ACCEPTABLE MATCH,33.7,67.4,35.00000000000085,1.8685714285713837
CADJPY_ARB,2025-01-23,BUY,EXACT/ACCEPTABLE MATCH,24.5,49.0,27.40000000000009,-1.0729927007299234
CADJPY_ARB,2025-01-29,SELL,EXACT/ACCEPTABLE MATCH,34.4,68.8,51.10000000000099,1.307240704500953
CADJPY_ARB,2025-01-30,SELL,MISMATCH (false positive -- reconstructed signal not in history),,,,
CADJPY_ARB,2025-01-31,BUY,EXACT/ACCEPTABLE MATCH,43.1,86.2,63.89999999999958,0.9123630672926508
CADJPY_ARB,2025-02-04,SELL,EXACT/ACCEPTABLE MATCH,62.6,125.2,62.89999999999907,-1.031796502384753
CADJPY_ARB,2025-02-17,SELL,EXACT/ACCEPTABLE MATCH,47.5,95.0,50.7000000000005,1.8343195266272008
CADJPY_ARB,2025-02-20,SELL,EXACT/ACCEPTABLE MATCH,79.3,158.6,91.50000000000064,0.5639344262295044
CADJPY_ARB,2025-03-07,SELL,EXACT/ACCEPTABLE MATCH,56.8,113.6,62.999999999999545,0.8238095238095298
CADJPY_ARB,2025-03-13,SELL,EXACT/ACCEPTABLE MATCH,58.8,117.6,66.30000000000109,-1.0301659125188367
CADJPY_ARB,2025-03-14,BUY,MISMATCH (false positive -- reconstructed signal not in history),,,,
CADJPY_ARB,2025-03-17,BUY,EXACT/ACCEPTABLE MATCH,40.4,80.8,41.100000000000136,1.917274939172743
CADJPY_ARB,2025-03-18,BUY,EXACT/ACCEPTABLE MATCH,34.8,69.6,42.09999999999923,-1.0475059382422995
CADJPY_ARB,2025-03-20,SELL,EXACT/ACCEPTABLE MATCH,50.0,100.0,51.00000000000051,-1.0392156862744997
CADJPY_ARB,2025-03-21,BUY,EXACT/ACCEPTABLE MATCH,57.8,115.6,60.199999999998965,-1.033222591362144
CADJPY_ARB,2025-03-25,SELL,EXACT/ACCEPTABLE MATCH,30.9,61.8,34.00000000000034,-1.058823529411754
CADJPY_ARB,2025-03-26,BUY,EXACT/ACCEPTABLE MATCH,55.1,110.2,56.49999999999977,-1.0353982300884998
CADJPY_ARB,2025-03-28,SELL,MISMATCH (false positive -- reconstructed signal not in history),,,,
CADJPY_ARB,2025-04-04,SELL,EXACT/ACCEPTABLE MATCH,80.1,160.2,97.2999999999999,-0.1346351490236383
CADJPY_ARB,2025-04-08,BUY,EXACT/ACCEPTABLE MATCH,77.6,155.2,92.40000000000066,-1.0216450216450144
CADJPY_ARB,2025-04-11,SELL,EXACT/ACCEPTABLE MATCH,74.8,149.6,103.49999999999966,-1.019323671497588
CADJPY_ARB,2025-04-16,SELL,EXACT/ACCEPTABLE MATCH,41.5,83.0,54.20000000000016,-1.036900369003687
CADJPY_ARB,2025-04-22,SELL,EXACT/ACCEPTABLE MATCH,62.8,125.6,64.4999999999996,-1.0310077519379908
CADJPY_ARB,2025-04-30,BUY,EXACT/ACCEPTABLE MATCH,49.6,99.2,50.40000000000049,1.92857142857141
CADJPY_ARB,2025-05-01,BUY,EXACT/ACCEPTABLE MATCH,64.7,129.4,75.40000000000049,0.7546419098143187
CADJPY_ARB,2025-05-14,SELL,EXACT/ACCEPTABLE MATCH,40.4,80.8,43.80000000000024,1.7990867579908576
CADJPY_ARB,2025-05-15,SELL,EXACT/ACCEPTABLE MATCH,47.2,94.4,52.80000000000058,0.2007575757575735
CADJPY_ARB,2025-05-20,SELL,EXACT/ACCEPTABLE MATCH,54.0,108.0,76.00000000000051,-0.5592105263157857
CADJPY_ARB,2025-05-21,SELL,MISMATCH (false positive -- reconstructed signal not in history),,,,
CADJPY_ARB,2025-05-27,BUY,EXACT/ACCEPTABLE MATCH,53.8,107.6,74.60000000000093,1.4155495978552102
CADJPY_ARB,2025-06-02,SELL,EXACT/ACCEPTABLE MATCH,36.0,72.0,39.00000000000006,-1.0512820512820498
CADJPY_ARB,2025-06-05,BUY,EXACT/ACCEPTABLE MATCH,28.8,57.6,32.20000000000027,1.726708074534147
CADJPY_ARB,2025-06-06,BUY,EXACT/ACCEPTABLE MATCH,58.0,116.0,59.60000000000037,0.8540268456375787
CADJPY_ARB,2025-06-23,BUY,EXACT/ACCEPTABLE MATCH,34.7,69.4,50.30000000000001,-1.0397614314115304
CADJPY_ARB,2025-06-26,SELL,EXACT/ACCEPTABLE MATCH,36.7,73.4,40.29999999999916,-1.0496277915632972
CADJPY_ARB,2025-06-30,SELL,EXACT/ACCEPTABLE MATCH,37.1,74.2,40.40000000000106,-1.049504950495022
CADJPY_ARB,2025-07-07,BUY,EXACT/ACCEPTABLE MATCH,39.0,78.0,39.29999999999865,1.9338422391858168
CADJPY_ARB,2025-07-11,BUY,EXACT/ACCEPTABLE MATCH,77.6,155.2,81.09999999999928,0.3871763255240478
CADJPY_ARB,2025-07-18,BUY,EXACT/ACCEPTABLE MATCH,36.5,73.0,43.99999999999977,0.0500000000000002
CADJPY_ARB,2025-07-25,SELL,EXACT/ACCEPTABLE MATCH,38.4,76.8,39.70000000000056,-1.050377833753134
CADJPY_ARB,2025-07-29,SELL,EXACT/ACCEPTABLE MATCH,25.6,51.2,27.599999999999625,1.7826086956521985
CADJPY_ARB,2025-08-01,SELL,EXACT/ACCEPTABLE MATCH,30.0,60.0,33.60000000000127,1.7261904761904108
CADJPY_ARB,2025-08-06,SELL,EXACT/ACCEPTABLE MATCH,26.3,52.6,26.70000000000101,-1.0749063670411578
CADJPY_ARB,2025-08-08,BUY,EXACT/ACCEPTABLE MATCH,45.7,91.4,47.59999999999991,0.4033613445378158
CADJPY_ARB,2025-08-14,SELL,EXACT/ACCEPTABLE MATCH,60.8,121.6,68.39999999999975,-1.0292397660818753
CADJPY_ARB,2025-08-22,BUY,EXACT/ACCEPTABLE MATCH,35.9,71.8,36.599999999999966,-1.0546448087431703
CADJPY_ARB,2025-08-27,BUY,EXACT/ACCEPTABLE MATCH,47.0,94.0,50.99999999999909,0.1823529411764738
CADJPY_ARB,2025-09-02,BUY,EXACT/ACCEPTABLE MATCH,46.6,93.2,58.499999999999375,-1.0341880341880452
CADJPY_ARB,2025-09-09,SELL,EXACT/ACCEPTABLE MATCH,24.5,49.0,28.79999999999967,1.631944444444463
CADJPY_ARB,2025-09-10,BUY,EXACT/ACCEPTABLE MATCH,27.2,54.4,29.700000000001125,-1.0673400673400268
CADJPY_ARB,2025-09-12,BUY,EXACT/ACCEPTABLE MATCH,28.9,57.8,30.59999999999974,0.1797385620915048
CADJPY_ARB,2025-09-16,SELL,EXACT/ACCEPTABLE MATCH,29.1,58.2,35.5000000000004,1.583098591549278
CADJPY_ARB,2025-09-18,BUY,EXACT/ACCEPTABLE MATCH,24.7,49.4,30.299999999999727,1.5643564356435784
CADJPY_ARB,2025-09-24,BUY,EXACT/ACCEPTABLE MATCH,27.8,55.6,30.09999999999877,1.7807308970100395
CADJPY_ARB,2025-09-29,SELL,EXACT/ACCEPTABLE MATCH,28.5,57.0,36.49999999999949,1.5068493150685145
CADJPY_ARB,2025-09-30,SELL,MISMATCH (false positive -- reconstructed signal not in history),,,,
CADJPY_ARB,2025-10-01,SELL,EXACT/ACCEPTABLE MATCH,36.6,73.2,38.700000000000045,1.8397932816537448
CADJPY_ARB,2025-10-03,BUY,EXACT/ACCEPTABLE MATCH,47.2,94.4,48.79999999999996,-0.1516393442622952
CADJPY_ARB,2025-10-06,BUY,EXACT/ACCEPTABLE MATCH,87.4,174.8,100.40000000000047,1.7211155378485974
CADJPY_ARB,2025-10-14,SELL,EXACT/ACCEPTABLE MATCH,42.5,85.0,57.59999999999934,1.4409722222222388
CADJPY_ARB,2025-10-16,BUY,EXACT/ACCEPTABLE MATCH,41.7,83.4,42.900000000000205,-1.0466200466200417
CADJPY_ARB,2025-10-17,SELL,EXACT/ACCEPTABLE MATCH,34.3,68.6,38.400000000000034,-1.0520833333333324
CADJPY_ARB,2025-10-21,BUY,EXACT/ACCEPTABLE MATCH,35.9,71.8,54.99999999999972,1.2690909090909157
CADJPY_ARB,2025-10-22,BUY,EXACT/ACCEPTABLE MATCH,27.5,55.0,35.09999999999991,1.509971509971514
CADJPY_ARB,2025-10-27,BUY,EXACT/ACCEPTABLE MATCH,30.8,61.6,31.000000000000227,-1.0645161290322502
CADJPY_ARB,2025-10-28,SELL,EXACT/ACCEPTABLE MATCH,64.9,129.8,66.70000000000016,-1.0299850074962495
CADJPY_ARB,2025-10-29,BUY,EXACT/ACCEPTABLE MATCH,41.1,82.2,57.40000000000123,1.397212543553977
CADJPY_ARB,2025-10-30,BUY,EXACT/ACCEPTABLE MATCH,64.2,128.4,80.8000000000007,-0.1497524752475234
CADJPY_ARB,2025-11-04,SELL,EXACT/ACCEPTABLE MATCH,41.8,83.6,52.40000000000009,1.5572519083969438
CADJPY_ARB,2025-11-07,BUY,EXACT/ACCEPTABLE MATCH,26.4,52.8,28.299999999998704,1.795053003533651
CADJPY_ARB,2025-11-10,BUY,EXACT/ACCEPTABLE MATCH,59.9,119.8,59.99999999999943,0.803333333333341
CADJPY_ARB,2025-11-20,BUY,EXACT/ACCEPTABLE MATCH,35.2,70.4,38.59999999999957,-1.0518134715026024
CADJPY_ARB,2025-11-25,SELL,EXACT/ACCEPTABLE MATCH,28.3,56.6,29.89999999999924,-1.0668896321070505
CADJPY_ARB,2025-12-02,BUY,EXACT/ACCEPTABLE MATCH,26.4,52.8,30.000000000001137,-1.0666666666666262
CADJPY_ARB,2025-12-05,SELL,EXACT/ACCEPTABLE MATCH,25.6,51.2,37.5,-1.0533333333333332
CADJPY_ARB,2025-12-15,SELL,EXACT/ACCEPTABLE MATCH,57.6,115.2,67.40000000000066,-1.029673590504441
CADJPY_ARB,2025-12-17,BUY,MISMATCH (false positive -- reconstructed signal not in history),,,,
CADJPY_ARB,2025-12-18,BUY,MISMATCH (false positive -- reconstructed signal not in history),,,,
CADJPY_ARB,2026-01-02,BUY,EXACT/ACCEPTABLE MATCH,29.1,58.2,31.30000000000024,-1.0638977635782665
CADJPY_ARB,2026-01-07,SELL,EXACT/ACCEPTABLE MATCH,21.8,43.6,26.00000000000051,1.5999999999999686
CADJPY_ARB,2026-01-08,SELL,EXACT/ACCEPTABLE MATCH,22.5,45.0,28.999999999999204,-1.0689655172414083
CADJPY_ARB,2026-01-09,BUY,EXACT/ACCEPTABLE MATCH,46.9,93.8,50.199999999999534,0.4282868525896454
CADJPY_ARB,2026-01-19,BUY,EXACT/ACCEPTABLE MATCH,34.8,69.6,36.49999999999949,1.8520547945205736
CADJPY_ARB,2026-01-20,BUY,EXACT/ACCEPTABLE MATCH,36.2,72.4,55.59999999999974,1.2661870503597183
CADJPY_ARB,2026-01-22,BUY,MISMATCH (false positive -- reconstructed signal not in history),,,,
CADJPY_ARB,2026-01-23,BUY,EXACT/ACCEPTABLE MATCH,31.6,63.2,41.59999999999968,-1.0480769230769311
CADJPY_ARB,2026-02-02,SELL,EXACT/ACCEPTABLE MATCH,67.1,134.2,73.40000000000089,-1.0272479564032575
CADJPY_ARB,2026-02-04,BUY,EXACT/ACCEPTABLE MATCH,50.2,100.4,52.7000000000001,0.8254269449715353
CADJPY_ARB,2026-02-11,SELL,EXACT/ACCEPTABLE MATCH,71.0,142.0,84.7999999999999,0.9952830188679258
CADJPY_ARB,2026-02-17,SELL,EXACT/ACCEPTABLE MATCH,61.0,122.0,63.000000000000966,-1.031746031746016
CADJPY_ARB,2026-02-20,BUY,EXACT/ACCEPTABLE MATCH,28.2,56.4,33.59999999999985,-1.0595238095238142
CADJPY_ARB,2026-03-02,BUY,EXACT/ACCEPTABLE MATCH,62.9,125.8,73.0000000000004,1.6958904109588948
CADJPY_ARB,2026-03-06,BUY,MISMATCH (false positive -- reconstructed signal not in history),,,,
CADJPY_ARB,2026-03-16,SELL,EXACT/ACCEPTABLE MATCH,27.3,54.6,28.70000000000061,-1.0696864111498028
CADJPY_ARB,2026-03-18,SELL,EXACT/ACCEPTABLE MATCH,34.2,68.4,37.30000000000047,-1.0536193029490484
CADJPY_ARB,2026-03-27,BUY,MISMATCH (false positive -- reconstructed signal not in history),,,,
CADJPY_ARB,2026-04-14,SELL,EXACT/ACCEPTABLE MATCH,22.5,45.0,22.799999999999443,-1.0877192982456407
CADJPY_ARB,2026-04-16,BUY,EXACT/ACCEPTABLE MATCH,32.9,65.8,35.39999999999992,1.8022598870056536
CADJPY_ARB,2026-04-17,BUY,EXACT/ACCEPTABLE MATCH,41.9,83.8,51.09999999999957,-1.0391389432485412
CADJPY_ARB,2026-04-30,BUY,EXACT/ACCEPTABLE MATCH,25.3,50.6,26.9999999999996,-1.07407407407409
CADJPY_ARB,2026-05-06,SELL,EXACT/ACCEPTABLE MATCH,34.3,68.6,132.50000000000028,0.2135849056603769
CADJPY_ARB,2026-06-09,BUY,EXACT/ACCEPTABLE MATCH,20.8,41.6,22.30000000000132,1.7757847533631237
CADJPY_ARB,2026-06-10,BUY,MISMATCH (false positive -- reconstructed signal not in history),,,,
CADJPY_ARB,2026-06-29,BUY,EXACT/ACCEPTABLE MATCH,15.9,31.8,16.70000000000016,-1.1197604790419051
CADJPY_ARB,2026-07-06,BUY,EXACT/ACCEPTABLE MATCH,35.3,70.6,42.1999999999997,1.6255924170616227
CADJPY_ARB,2026-07-13,BUY,EXACT/ACCEPTABLE MATCH,31.7,63.4,32.099999999999795,1.912772585669794
CADJPY_ARB,2026-07-15,BUY,EXACT/ACCEPTABLE MATCH,21.1,42.2,21.399999999999864,1.8785046728972083
CADJPY_ARB,2026-07-23,BUY,EXACT/ACCEPTABLE MATCH,27.9,55.8,30.100000000000197,0.913621262458466
CADJPY_ARB,2026-03-26,SELL,MISMATCH (false negative -- historical trade not reconstructed),,,,
CADJPY_ARB,2026-07-02,SELL,MISMATCH (false negative -- historical trade not reconstructed),,,,
GBPUSD_MONDAY,2023-09-04,BUY,EXACT/ACCEPTABLE MATCH,119.8,95.9,119.8187500000003,0.3396797245840062
GBPUSD_MONDAY,2023-09-11,BUY,EXACT/ACCEPTABLE MATCH,115.0,92.0,114.96250000000026,0.3688159182342059
GBPUSD_MONDAY,2023-09-18,BUY,EXACT/ACCEPTABLE MATCH,114.0,91.2,114.01875000000018,0.0140327796963218
GBPUSD_MONDAY,2023-09-25,BUY,EXACT/ACCEPTABLE MATCH,103.6,82.9,103.58750000000028,-0.2123808374562562
GBPUSD_MONDAY,2023-10-02,BUY,EXACT/ACCEPTABLE MATCH,96.7,77.4,96.7312499999999,-0.8342702074045366
GBPUSD_MONDAY,2023-10-09,BUY,EXACT/ACCEPTABLE MATCH,107.4,86.0,107.44999999999962,0.2940902745463016
GBPUSD_MONDAY,2023-10-16,BUY,EXACT/ACCEPTABLE MATCH,113.0,90.4,112.98124999999963,0.5992144714277831
GBPUSD_MONDAY,2023-10-23,BUY,EXACT/ACCEPTABLE MATCH,116.8,93.4,116.79374999999948,0.7149355166693454
GBPUSD_MONDAY,2023-10-30,BUY,EXACT/ACCEPTABLE MATCH,121.4,97.1,121.39999999999957,0.3591433278418464
GBPUSD_MONDAY,2023-11-06,BUY,EXACT/ACCEPTABLE MATCH,118.4,94.7,118.35624999999976,-0.0295717378676665
GBPUSD_MONDAY,2023-11-13,BUY,EXACT/ACCEPTABLE MATCH,111.1,88.9,111.09374999999976,0.411364275668074
GBPUSD_MONDAY,2023-11-20,BUY,EXACT/ACCEPTABLE MATCH,122.3,97.9,122.3187499999999,0.3915998160543665
GBPUSD_MONDAY,2023-11-27,BUY,EXACT/ACCEPTABLE MATCH,120.9,96.7,120.92500000000008,0.1108124870787677
GBPUSD_MONDAY,2023-12-04,BUY,EXACT/ACCEPTABLE MATCH,116.1,92.9,116.0812500000001,-0.8537123781833837
GBPUSD_MONDAY,2023-12-11,BUY,EXACT/ACCEPTABLE MATCH,118.5,94.8,118.4687500000002,0.1502505935109467
GBPUSD_MONDAY,2023-12-18,BUY,EXACT/ACCEPTABLE MATCH,118.6,94.9,118.60625000000012,-0.2596827738841753
GBPUSD_MONDAY,2023-12-25,BUY,EXACT/ACCEPTABLE MATCH,122.6,98.0,122.56249999999996,0.1150433452320245
GBPUSD_MONDAY,2024-01-08,BUY,EXACT/ACCEPTABLE MATCH,126.0,100.8,126.0312500000002,0.2697743615174803
GBPUSD_MONDAY,2024-01-15,BUY,EXACT/ACCEPTABLE MATCH,113.6,90.9,113.56875000000002,-0.156733256287491
GBPUSD_MONDAY,2024-01-22,BUY,EXACT/ACCEPTABLE MATCH,103.8,83.0,103.76250000000002,0.1291410673412841
GBPUSD_MONDAY,2024-01-29,BUY,EXACT/ACCEPTABLE MATCH,106.2,85.0,106.23124999999996,-0.1515561569688769
GBPUSD_MONDAY,2024-02-05,BUY,EXACT/ACCEPTABLE MATCH,105.8,84.7,105.83125000000024,-1.0110435244788258
GBPUSD_MONDAY,2024-02-12,BUY,EXACT/ACCEPTABLE MATCH,105.2,84.1,105.1625000000006,0.0884345655533098
GBPUSD_MONDAY,2024-02-19,BUY,EXACT/ACCEPTABLE MATCH,105.1,84.1,105.0875000000008,-0.0456762221957888
GBPUSD_MONDAY,2024-02-26,BUY,EXACT/ACCEPTABLE MATCH,99.9,79.9,99.90000000000067,0.0340340340340338
GBPUSD_MONDAY,2024-03-04,BUY,EXACT/ACCEPTABLE MATCH,84.8,67.9,84.83750000000013,0.4467364078385141
GBPUSD_MONDAY,2024-03-11,BUY,EXACT/ACCEPTABLE MATCH,85.1,68.1,85.13124999999982,-0.4874825636884233
GBPUSD_MONDAY,2024-03-18,BUY,EXACT/ACCEPTABLE MATCH,80.9,64.7,80.90624999999976,-0.0642719196601006
GBPUSD_MONDAY,2024-03-25,BUY,EXACT/ACCEPTABLE MATCH,88.5,70.8,88.48124999999955,0.4532033622942737
GBPUSD_MONDAY,2024-04-01,BUY,EXACT/ACCEPTABLE MATCH,86.6,69.3,86.61874999999958,-0.8820261202106977
GBPUSD_MONDAY,2024-04-08,BUY,EXACT/ACCEPTABLE MATCH,85.1,68.1,85.08749999999938,0.351402967533424
GBPUSD_MONDAY,2024-04-15,BUY,EXACT/ACCEPTABLE MATCH,98.0,78.4,98.01249999999942,0.003060834077286
GBPUSD_MONDAY,2024-04-22,BUY,EXACT/ACCEPTABLE MATCH,92.0,73.6,91.9624999999992,-0.1565855647682493
GBPUSD_MONDAY,2024-04-29,BUY,EXACT/ACCEPTABLE MATCH,104.2,83.4,104.24374999999958,0.6916481803465463
GBPUSD_MONDAY,2024-05-06,BUY,EXACT/ACCEPTABLE MATCH,111.0,88.8,110.98124999999956,0.1612885059413195
GBPUSD_MONDAY,2024-05-13,BUY,EXACT/ACCEPTABLE MATCH,97.4,77.9,97.36249999999949,0.4118628835537318
GBPUSD_MONDAY,2024-05-20,BUY,EXACT/ACCEPTABLE MATCH,99.0,79.2,99.01875000000004,0.1343179953291674
GBPUSD_MONDAY,2024-05-27,BUY,EXACT/ACCEPTABLE MATCH,88.8,71.0,88.78124999999986,0.3514255543822603
GBPUSD_MONDAY,2024-06-03,BUY,EXACT/ACCEPTABLE MATCH,78.7,62.9,78.65000000000025,0.5975842339478684
GBPUSD_MONDAY,2024-06-10,BUY,EXACT/ACCEPTABLE MATCH,84.2,67.3,84.17500000000007,0.1104841104841104
GBPUSD_MONDAY,2024-06-17,BUY,EXACT/ACCEPTABLE MATCH,85.8,68.6,85.79374999999958,0.2098054928243617
GBPUSD_MONDAY,2024-06-24,BUY,EXACT/ACCEPTABLE MATCH,85.2,68.1,85.17499999999941,0.4790137951276815
GBPUSD_MONDAY,2024-07-01,BUY,EXACT/ACCEPTABLE MATCH,84.0,67.2,84.03749999999904,-0.103525211958948
GBPUSD_MONDAY,2024-07-08,BUY,EXACT/ACCEPTABLE MATCH,82.6,66.0,82.55624999999932,0.1441441441441453
GBPUSD_MONDAY,2024-07-15,BUY,EXACT/ACCEPTABLE MATCH,80.5,64.4,80.45624999999959,-0.1454206478676306
GBPUSD_MONDAY,2024-07-22,BUY,EXACT/ACCEPTABLE MATCH,80.9,64.8,80.94374999999987,0.0852443826731527
GBPUSD_MONDAY,2024-07-29,BUY,EXACT/ACCEPTABLE MATCH,78.2,62.5,78.1562500000002,-0.04734106357457
GBPUSD_MONDAY,2024-08-05,BUY,EXACT/ACCEPTABLE MATCH,83.1,66.5,83.13750000000007,-1.013982859720342
GBPUSD_MONDAY,2024-08-12,BUY,EXACT/ACCEPTABLE MATCH,87.7,70.2,87.72500000000015,0.1151325163864346
GBPUSD_MONDAY,2024-08-19,BUY,EXACT/ACCEPTABLE MATCH,94.6,75.7,94.61250000000004,0.5231866825208084
GBPUSD_MONDAY,2024-08-26,BUY,EXACT/ACCEPTABLE MATCH,108.6,86.9,108.60624999999985,-0.1546872302468782
GBPUSD_MONDAY,2024-09-02,BUY,EXACT/ACCEPTABLE MATCH,105.9,84.8,105.9437499999996,0.1217627278626634
GBPUSD_MONDAY,2024-09-09,BUY,EXACT/ACCEPTABLE MATCH,100.0,80.0,99.95624999999964,-0.4582004627024339
GBPUSD_MONDAY,2024-09-16,BUY,EXACT/ACCEPTABLE MATCH,99.3,79.5,99.33749999999948,0.7882219705549305
GBPUSD_MONDAY,2024-09-23,BUY,EXACT/ACCEPTABLE MATCH,105.6,84.5,105.64999999999962,0.2678655939422631
GBPUSD_MONDAY,2024-09-30,BUY,EXACT/ACCEPTABLE MATCH,112.2,89.8,112.19375000000002,0.1934154086123335
GBPUSD_MONDAY,2024-10-07,BUY,EXACT/ACCEPTABLE MATCH,126.6,101.3,126.64375000000004,-0.2131964664659723
GBPUSD_MONDAY,2024-10-14,BUY,EXACT/ACCEPTABLE MATCH,121.2,96.9,121.16250000000036,-0.0767564221603216
GBPUSD_MONDAY,2024-10-21,BUY,EXACT/ACCEPTABLE MATCH,106.6,85.3,106.59375000000011,-0.523482849604221
GBPUSD_MONDAY,2024-10-28,BUY,EXACT/ACCEPTABLE MATCH,97.9,78.3,97.89375000000018,0.0847858009321329
GBPUSD_MONDAY,2024-11-04,BUY,EXACT/ACCEPTABLE MATCH,91.6,73.2,91.5500000000001,-0.0993992353904968
GBPUSD_MONDAY,2024-11-11,BUY,EXACT/ACCEPTABLE MATCH,113.0,90.4,113.04999999999994,-0.3821318000884566
GBPUSD_MONDAY,2024-11-18,BUY,EXACT/ACCEPTABLE MATCH,123.4,98.7,123.3875000000001,0.5349002127444024
GBPUSD_MONDAY,2024-11-25,BUY,EXACT/ACCEPTABLE MATCH,128.1,102.5,128.1375000000001,-0.0998926933957661
GBPUSD_MONDAY,2024-12-02,BUY,EXACT/ACCEPTABLE MATCH,126.1,100.9,126.08750000000002,-0.6899970258748883
GBPUSD_MONDAY,2024-12-09,BUY,EXACT/ACCEPTABLE MATCH,113.8,91.0,113.79374999999996,0.210029109683089
GBPUSD_MONDAY,2024-12-16,BUY,EXACT/ACCEPTABLE MATCH,107.7,86.2,107.69375000000024,0.7428471940107928
GBPUSD_MONDAY,2024-12-23,BUY,EXACT/ACCEPTABLE MATCH,119.7,95.8,119.69375000000004,-0.3283379457991748
GBPUSD_MONDAY,2024-12-30,BUY,EXACT/ACCEPTABLE MATCH,109.0,87.2,108.99375,-0.2018464361488617
GBPUSD_MONDAY,2025-01-06,BUY,EXACT/ACCEPTABLE MATCH,113.6,90.9,113.58124999999995,0.7897430253673035
GBPUSD_MONDAY,2025-01-13,BUY,EXACT/ACCEPTABLE MATCH,129.6,103.7,129.6187500000001,-0.2376199431023673
GBPUSD_MONDAY,2025-01-20,BUY,EXACT/ACCEPTABLE MATCH,128.2,102.5,128.16250000000014,0.7904028089339696
GBPUSD_MONDAY,2025-01-27,BUY,EXACT/ACCEPTABLE MATCH,146.9,117.5,146.86250000000024,0.0503872670014468
GBPUSD_MONDAY,2025-02-03,BUY,EXACT/ACCEPTABLE MATCH,140.2,112.1,140.15625000000017,0.7912597547380147
GBPUSD_MONDAY,2025-02-10,BUY,EXACT/ACCEPTABLE MATCH,140.0,112.0,140.03125000000017,-0.0978353046195044
GBPUSD_MONDAY,2025-02-17,BUY,EXACT/ACCEPTABLE MATCH,139.6,111.7,139.63749999999982,0.2914689821860177
GBPUSD_MONDAY,2025-02-24,BUY,EXACT/ACCEPTABLE MATCH,121.0,96.8,120.9500000000001,0.0190161223646134
GBPUSD_MONDAY,2025-03-03,BUY,EXACT/ACCEPTABLE MATCH,119.8,95.8,119.80625000000036,0.789608221607802
GBPUSD_MONDAY,2025-03-10,BUY,EXACT/ACCEPTABLE MATCH,112.1,89.6,112.0562500000004,-0.5470466841430066
GBPUSD_MONDAY,2025-03-17,BUY,EXACT/ACCEPTABLE MATCH,101.0,80.8,100.95000000000076,0.6547795938583407
GBPUSD_MONDAY,2025-03-24,BUY,EXACT/ACCEPTABLE MATCH,102.5,82.0,102.4750000000006,0.1014881678458154
GBPUSD_MONDAY,2025-03-31,BUY,EXACT/ACCEPTABLE MATCH,102.4,81.9,102.38125000000068,-0.2246505097368887
GBPUSD_MONDAY,2025-04-07,BUY,EXACT/ACCEPTABLE MATCH,116.3,93.0,116.28125000000055,0.7894651975275425
GBPUSD_MONDAY,2025-04-14,BUY,EXACT/ACCEPTABLE MATCH,147.0,117.6,146.96875000000026,0.5912821603231969
GBPUSD_MONDAY,2025-04-21,BUY,EXACT/ACCEPTABLE MATCH,151.9,121.6,151.94374999999994,0.7923985027353876
GBPUSD_MONDAY,2025-04-28,BUY,EXACT/ACCEPTABLE MATCH,160.8,128.6,160.76249999999985,0.6792628878003273
GBPUSD_MONDAY,2025-05-05,BUY,EXACT/ACCEPTABLE MATCH,144.0,115.2,143.96249999999958,0.0958582964313626
GBPUSD_MONDAY,2025-05-12,BUY,EXACT/ACCEPTABLE MATCH,125.4,100.3,125.3999999999997,-1.0095693779904331
GBPUSD_MONDAY,2025-05-19,BUY,EXACT/ACCEPTABLE MATCH,134.2,107.4,134.21875,0.7912456344586729
GBPUSD_MONDAY,2025-05-26,BUY,EXACT/ACCEPTABLE MATCH,131.0,104.8,131.01874999999973,0.2732433334923442
GBPUSD_MONDAY,2025-06-02,BUY,EXACT/ACCEPTABLE MATCH,123.7,99.0,123.7374999999996,0.7903828669562607
GBPUSD_MONDAY,2025-06-09,BUY,EXACT/ACCEPTABLE MATCH,114.9,91.9,114.88749999999992,0.2471983462082473
GBPUSD_MONDAY,2025-06-16,BUY,EXACT/ACCEPTABLE MATCH,110.0,88.0,109.97499999999977,0.4946578767901806
GBPUSD_MONDAY,2025-06-23,BUY,EXACT/ACCEPTABLE MATCH,110.6,88.5,110.58125000000004,0.7894647600746055
GBPUSD_MONDAY,2025-06-30,BUY,EXACT/ACCEPTABLE MATCH,122.8,98.2,122.80625000000045,-0.0757290447351007
GBPUSD_MONDAY,2025-07-07,BUY,EXACT/ACCEPTABLE MATCH,126.4,101.1,126.36875000000032,-0.3655967159602345
GBPUSD_MONDAY,2025-07-14,BUY,EXACT/ACCEPTABLE MATCH,123.7,98.9,123.68125000000036,-0.4552023851634733
GBPUSD_MONDAY,2025-07-21,BUY,EXACT/ACCEPTABLE MATCH,118.7,94.9,118.65625000000033,0.7896760600474038
GBPUSD_MONDAY,2025-07-28,BUY,EXACT/ACCEPTABLE MATCH,109.4,87.5,109.40625000000009,-0.7577263638960292
GBPUSD_MONDAY,2025-08-04,BUY,EXACT/ACCEPTABLE MATCH,116.8,93.4,116.79375000000006,0.0522288221758441
GBPUSD_MONDAY,2025-08-11,BUY,EXACT/ACCEPTABLE MATCH,112.0,89.6,111.97499999999998,-0.1143112301853092
GBPUSD_MONDAY,2025-08-18,BUY,EXACT/ACCEPTABLE MATCH,112.2,89.8,112.22500000000012,-0.4419692581866781
GBPUSD_MONDAY,2025-08-25,BUY,EXACT/ACCEPTABLE MATCH,110.8,88.6,110.76875000000014,-0.3710432770975564
GBPUSD_MONDAY,2025-09-01,BUY,EXACT/ACCEPTABLE MATCH,95.9,76.7,95.8875000000002,0.4348846304262799
GBPUSD_MONDAY,2025-09-08,BUY,EXACT/ACCEPTABLE MATCH,108.2,86.6,108.23750000000034,0.2411363898833576
GBPUSD_MONDAY,2025-09-15,BUY,EXACT/ACCEPTABLE MATCH,104.4,83.5,104.36250000000037,0.5193436339681382
GBPUSD_MONDAY,2025-09-22,BUY,EXACT/ACCEPTABLE MATCH,110.3,88.2,110.30000000000038,0.4714415231187653
GBPUSD_MONDAY,2025-09-29,BUY,EXACT/ACCEPTABLE MATCH,116.6,93.3,116.63750000000012,0.2177687278962595
GBPUSD_MONDAY,2025-10-06,BUY,EXACT/ACCEPTABLE MATCH,105.5,84.4,105.48750000000024,0.385827704704348
GBPUSD_MONDAY,2025-10-13,BUY,EXACT/ACCEPTABLE MATCH,114.2,91.4,114.24375,-0.0035012856283166
GBPUSD_MONDAY,2025-10-20,BUY,EXACT/ACCEPTABLE MATCH,107.6,86.0,107.5500000000003,-0.1896792189679213
GBPUSD_MONDAY,2025-10-27,BUY,EXACT/ACCEPTABLE MATCH,99.3,79.4,99.26875000000044,0.1450607567839822
GBPUSD_MONDAY,2025-11-03,BUY,EXACT/ACCEPTABLE MATCH,104.6,83.7,104.58750000000016,-0.0248595673479143
GBPUSD_MONDAY,2025-11-10,BUY,EXACT/ACCEPTABLE MATCH,99.7,79.8,99.68750000000011,0.2638244514106579
GBPUSD_MONDAY,2025-11-17,BUY,EXACT/ACCEPTABLE MATCH,100.2,80.2,100.2312499999998,-0.0688408056369646
GBPUSD_MONDAY,2025-11-24,BUY,EXACT/ACCEPTABLE MATCH,103.7,83.0,103.7124999999997,0.1629504640231413
GBPUSD_MONDAY,2025-12-01,BUY,EXACT/ACCEPTABLE MATCH,98.3,78.6,98.25624999999977,-0.1699637427644555
GBPUSD_MONDAY,2025-12-08,BUY,EXACT/ACCEPTABLE MATCH,96.7,77.3,96.6624999999996,-0.0568990042674255
GBPUSD_MONDAY,2025-12-15,BUY,EXACT/ACCEPTABLE MATCH,93.2,74.6,93.24374999999968,-0.0171593270326429
GBPUSD_MONDAY,2025-12-22,BUY,EXACT/ACCEPTABLE MATCH,95.6,76.5,95.58749999999948,0.7877599058454339
GBPUSD_MONDAY,2025-12-29,BUY,EXACT/ACCEPTABLE MATCH,94.0,75.2,93.99999999999947,-0.0797872340425536
GBPUSD_MONDAY,2026-01-05,BUY,EXACT/ACCEPTABLE MATCH,90.9,72.7,90.88124999999988,0.7867409394126962
GBPUSD_MONDAY,2026-01-12,BUY,EXACT/ACCEPTABLE MATCH,94.7,75.7,94.6749999999999,0.7869025613942443
GBPUSD_MONDAY,2026-01-19,BUY,EXACT/ACCEPTABLE MATCH,91.0,72.8,91.00624999999988,0.7867591511572019
GBPUSD_MONDAY,2026-01-26,BUY,EXACT/ACCEPTABLE MATCH,97.9,78.3,97.85625000000007,0.1103659704924314
GBPUSD_MONDAY,2026-02-02,BUY,EXACT/ACCEPTABLE MATCH,116.1,92.9,116.13750000000005,-0.303089010870735
GBPUSD_MONDAY,2026-02-09,BUY,EXACT/ACCEPTABLE MATCH,123.7,99.0,123.68750000000011,0.7122789287518942
GBPUSD_MONDAY,2026-02-16,BUY,EXACT/ACCEPTABLE MATCH,127.9,102.3,127.85624999999996,-0.1384367209268221
GBPUSD_MONDAY,2026-02-23,BUY,EXACT/ACCEPTABLE MATCH,122.8,98.2,122.80624999999976,0.0228001425008906
GBPUSD_MONDAY,2026-03-02,BUY,EXACT/ACCEPTABLE MATCH,109.6,87.6,109.56249999999972,-0.0912721049629209
GBPUSD_MONDAY,2026-03-09,BUY,EXACT/ACCEPTABLE MATCH,118.0,94.4,117.97499999999974,0.5577452850180135
GBPUSD_MONDAY,2026-03-16,BUY,EXACT/ACCEPTABLE MATCH,125.4,100.3,125.41874999999992,0.7343399611302142
GBPUSD_MONDAY,2026-03-23,BUY,EXACT/ACCEPTABLE MATCH,142.1,113.7,142.10000000000014,0.791695988740323
GBPUSD_MONDAY,2026-03-30,BUY,EXACT/ACCEPTABLE MATCH,151.1,120.8,151.0500000000002,-0.4998344918901019
GBPUSD_MONDAY,2026-04-06,BUY,EXACT/ACCEPTABLE MATCH,144.9,115.9,144.89375000000027,0.2408661519216662
GBPUSD_MONDAY,2026-04-13,BUY,EXACT/ACCEPTABLE MATCH,145.1,116.1,145.0750000000002,0.5755643632603819
GBPUSD_MONDAY,2026-04-20,BUY,EXACT/ACCEPTABLE MATCH,128.5,102.8,128.48750000000035,0.4023737717676806
GBPUSD_MONDAY,2026-04-27,BUY,EXACT/ACCEPTABLE MATCH,114.9,91.9,114.89375000000037,0.2672033944405148
GBPUSD_MONDAY,2026-05-04,BUY,EXACT/ACCEPTABLE MATCH,110.8,88.7,110.84375000000036,-0.6288130814773027
GBPUSD_MONDAY,2026-05-11,BUY,EXACT/ACCEPTABLE MATCH,105.0,84.0,105.02500000000052,0.7883837181623383
GBPUSD_MONDAY,2026-05-18,BUY,EXACT/ACCEPTABLE MATCH,109.8,87.8,109.7937500000004,0.7887516365913331
GBPUSD_MONDAY,2026-05-25,BUY,EXACT/ACCEPTABLE MATCH,114.5,91.6,114.45000000000051,0.4482306684141526
GBPUSD_MONDAY,2026-06-01,BUY,EXACT/ACCEPTABLE MATCH,106.9,85.5,106.8500000000007,0.1010762751520817
GBPUSD_MONDAY,2026-06-08,BUY,EXACT/ACCEPTABLE MATCH,102.1,81.7,102.1000000000005,0.2497551420176285
GBPUSD_MONDAY,2026-06-15,BUY,EXACT/ACCEPTABLE MATCH,92.5,74.0,92.45000000000071,0.0162249864791778
GBPUSD_MONDAY,2026-06-22,BUY,EXACT/ACCEPTABLE MATCH,98.5,78.8,98.4812500000004,0.4650631465380446
GBPUSD_MONDAY,2026-06-29,BUY,EXACT/ACCEPTABLE MATCH,98.9,79.1,98.86250000000028,0.5704893159691475
GBPUSD_MONDAY,2026-07-06,BUY,EXACT/ACCEPTABLE MATCH,99.5,79.6,99.45000000000024,0.2785319255907484
GBPUSD_MONDAY,2026-07-13,BUY,EXACT/ACCEPTABLE MATCH,97.3,77.9,97.31875,-0.3164857748378396
GBPUSD_MONDAY,2026-07-20,BUY,EXACT/ACCEPTABLE MATCH,96.5,77.2,96.53124999999996,-0.1460666882486241
GBPUSD_MONDAY,2026-07-27,BUY,EXACT/ACCEPTABLE MATCH,95.9,76.7,95.86249999999976,-0.4798539574911994
GBPUSD_MONDAY,2026-08-03,BUY,EXACT/ACCEPTABLE MATCH,101.4,81.1,101.41875000000007,-0.70795587600912
GBPUSD_MONDAY,2026-08-10,BUY,EXACT/ACCEPTABLE MATCH,98.7,79.0,98.69999999999987,0.1347517730496455
GBPUSD_MONDAY,2023-08-28,BUY,MISMATCH (false negative -- historical trade not reconstructed),,,,
