date,total_R,n_trades,n_entries,n_exits,max_concurrent,avg_concurrent,jpy_share_pct,amr_share_pct,arb_share_pct,monday_share_pct,long_share_pct,short_share_pct,asian_share_pct,london_share_pct,ny_share_pct,vol_level,n_strategies_active,active_strategies,n_simultaneous_jpy,n_simultaneous_amr,gbpjpy_amr_active,vol_pctile,vol_state,prev_vol_state,vol_transition
2023-08-01,2.2942,4,4,4,4,4,100.0,100.0,0.0,0.0,25.0,75.0,100.0,0.0,0.0,0.268996,4,AUDJPY_AMR; CADJPY_AMR; EURJPY_AMR; GBPJPY_AMR,4,4,1,31.782945736434108,LOW,,NONE_to_LOW
2023-08-02,4.1897,5,5,4,5,5,100.0,80.0,20.0,0.0,60.0,40.0,80.0,20.0,0.0,0.50508,5,AUDJPY_AMR; CADJPY_AMR; CADJPY_ARB; EURJPY_AMR; GBPJPY_AMR,5,4,1,60.46511627906976,NORMAL,LOW,LOW_to_NORMAL
2023-08-03,1.0819,2,2,3,3,3,100.0,100.0,0.0,0.0,50.0,50.0,100.0,0.0,0.0,0.400023,2,AUDJPY_AMR; EURJPY_AMR,3,2,0,47.674418604651166,NORMAL,NORMAL,NORMAL_to_NORMAL
2023-08-04,0.6454,4,4,4,4,4,100.0,100.0,0.0,0.0,50.0,50.0,100.0,0.0,0.0,0.468868,4,AUDJPY_AMR; CADJPY_AMR; EURJPY_AMR; GBPJPY_AMR,4,4,1,55.81395348837209,NORMAL,NORMAL,NORMAL_to_NORMAL
2023-08-07,0.5774,1,1,1,1,1,100.0,100.0,0.0,0.0,100.0,0.0,100.0,0.0,0.0,0.568979,1,EURJPY_AMR,1,1,0,67.57105943152455,HIGH,NORMAL,NORMAL_to_HIGH
2023-08-08,-1.349,4,4,4,4,4,100.0,100.0,0.0,0.0,50.0,50.0,100.0,0.0,0.0,0.17379,4,AUDJPY_AMR; CADJPY_AMR; EURJPY_AMR; GBPJPY_AMR,4,4,1,17.441860465116278,LOW,HIGH,HIGH_to_LOW
2023-08-09,1.7136,3,3,3,3,3,100.0,100.0,0.0,0.0,66.7,33.3,100.0,0.0,0.0,0.468268,3,AUDJPY_AMR; CADJPY_AMR; EURJPY_AMR,3,3,0,55.68475452196382,NORMAL,LOW,LOW_to_NORMAL
2023-08-10,-1.1732,3,3,2,3,3,100.0,66.7,33.3,0.0,33.3,66.7,66.7,33.3,0.0,0.28928,3,CADJPY_AMR; CADJPY_ARB; EURJPY_AMR,3,2,0,33.97932816537468,NORMAL,NORMAL,NORMAL_to_NORMAL
2023-08-11,0.5594,1,1,2,2,2,100.0,100.0,0.0,0.0,0.0,100.0,100.0,0.0,0.0,0.254522,1,CADJPY_AMR,2,1,0,29.58656330749354,LOW,NORMAL,NORMAL_to_LOW
2023-08-14,1.5188,3,3,3,3,3,100.0,100.0,0.0,0.0,66.7,33.3,100.0,0.0,0.0,0.26721,3,AUDJPY_AMR; CADJPY_AMR; EURJPY_AMR,3,3,0,31.266149870801037,LOW,LOW,LOW_to_LOW
2023-08-15,-0.7324,2,2,2,2,2,100.0,100.0,0.0,0.0,100.0,0.0,100.0,0.0,0.0,0.200088,2,AUDJPY_AMR; EURJPY_AMR,2,2,0,20.025839793281655,LOW,LOW,LOW_to_LOW
2023-08-16,0.0072,3,3,3,3,3,100.0,66.7,33.3,0.0,33.3,66.7,66.7,33.3,0.0,0.243951,3,AUDJPY_AMR; CADJPY_ARB; EURJPY_AMR,3,2,0,27.260981912144704,LOW,LOW,LOW_to_LOW
2023-08-17,-1.7253,3,3,3,3,3,100.0,66.7,33.3,0.0,66.7,33.3,66.7,33.3,0.0,0.268989,3,AUDJPY_AMR; CADJPY_ARB; EURJPY_AMR,3,2,0,31.653746770025844,LOW,LOW,LOW_to_LOW
2023-08-18,1.1099,2,2,2,2,2,100.0,100.0,0.0,0.0,50.0,50.0,100.0,0.0,0.0,0.501639,2,AUDJPY_AMR; EURJPY_AMR,2,2,0,59.9483204134367,NORMAL,LOW,LOW_to_NORMAL
2023-08-21,-0.5154,2,2,2,2,2,100.0,100.0,0.0,0.0,0.0,100.0,100.0,0.0,0.0,0.43893,2,AUDJPY_AMR; EURJPY_AMR,2,2,0,52.4547803617571,NORMAL,NORMAL,NORMAL_to_NORMAL
2023-08-22,0.9955,2,2,2,2,2,100.0,100.0,0.0,0.0,0.0,100.0,100.0,0.0,0.0,0.200901,2,CADJPY_AMR; EURJPY_AMR,2,2,0,20.155038759689923,LOW,NORMAL,NORMAL_to_LOW
2023-08-23,-0.1584,3,3,3,3,3,100.0,100.0,0.0,0.0,66.7,33.3,100.0,0.0,0.0,0.242371,3,AUDJPY_AMR; CADJPY_AMR; EURJPY_AMR,3,3,0,26.744186046511626,LOW,LOW,LOW_to_LOW
2023-08-24,0.6544,2,2,1,2,2,100.0,50.0,50.0,0.0,100.0,0.0,50.0,50.0,0.0,0.343805,2,CADJPY_ARB; EURJPY_AMR,2,1,0,41.60206718346253,NORMAL,LOW,LOW_to_NORMAL
2023-08-25,0.5748,1,1,2,2,2,100.0,100.0,0.0,0.0,100.0,0.0,100.0,0.0,0.0,0.411938,1,EURJPY_AMR,2,1,0,48.708010335917315,NORMAL,NORMAL,NORMAL_to_NORMAL
2023-08-28,0.4061,4,4,3,4,4,75.0,75.0,0.0,25.0,25.0,75.0,100.0,0.0,0.0,0.488639,4,CADJPY_AMR; EURJPY_AMR; GBPJPY_AMR; GBPUSD_MONDAY,3,3,1,58.656330749354005,NORMAL,NORMAL,NORMAL_to_NORMAL
2023-08-29,0.8793,2,2,3,3,3,100.0,100.0,0.0,0.0,100.0,0.0,100.0,0.0,0.0,0.131926,2,AUDJPY_AMR; CADJPY_AMR,3,3,0,12.661498708010335,LOW,NORMAL,NORMAL_to_LOW
2023-08-30,1.1314,2,2,2,2,2,100.0,100.0,0.0,0.0,0.0,100.0,100.0,0.0,0.0,0.362468,2,AUDJPY_AMR; EURJPY_AMR,2,2,0,43.669250645994836,NORMAL,LOW,LOW_to_NORMAL
2023-08-31,0.0326,3,3,3,3,3,100.0,100.0,0.0,0.0,100.0,0.0,100.0,0.0,0.0,0.330316,3,AUDJPY_AMR; CADJPY_AMR; EURJPY_AMR,3,3,0,38.759689922480625,NORMAL,NORMAL,NORMAL_to_NORMAL
2023-09-01,1.051,2,2,2,2,2,100.0,100.0,0.0,0.0,50.0,50.0,100.0,0.0,0.0,0.516225,2,CADJPY_AMR; EURJPY_AMR,2,2,0,61.75710594315246,NORMAL,NORMAL,NORMAL_to_NORMAL
2023-09-04,4.2307,6,6,5,6,6,83.3,66.7,16.7,16.7,100.0,0.0,83.3,16.7,0.0,0.426579,6,AUDJPY_AMR; CADJPY_AMR; CADJPY_ARB; EURJPY_AMR; GBPJPY_AMR; GBPUSD_MONDAY,5,4,1,50.51679586563308,NORMAL,NORMAL,NORMAL_to_NORMAL
2023-09-05,2.2364,4,4,5,5,5,100.0,100.0,0.0,0.0,100.0,0.0,100.0,0.0,0.0,0.036374,4,AUDJPY_AMR; CADJPY_AMR; EURJPY_AMR; GBPJPY_AMR,5,4,1,2.1963824289405682,LOW,NORMAL,NORMAL_to_LOW
2023-09-06,1.3878,5,5,5,5,5,100.0,80.0,20.0,0.0,80.0,20.0,80.0,20.0,0.0,0.319357,5,AUDJPY_AMR; CADJPY_AMR; CADJPY_ARB; EURJPY_AMR; GBPJPY_AMR,5,4,1,37.46770025839793,NORMAL,LOW,LOW_to_NORMAL
2023-09-07,1.1104,2,2,2,2,2,100.0,100.0,0.0,0.0,0.0,100.0,100.0,0.0,0.0,0.211206,2,CADJPY_AMR; EURJPY_AMR,2,2,0,21.57622739018088,LOW,NORMAL,NORMAL_to_LOW
2023-09-08,2.0995,4,4,4,4,4,100.0,100.0,0.0,0.0,0.0,100.0,100.0,0.0,0.0,0.107733,4,AUDJPY_AMR; CADJPY_AMR; EURJPY_AMR; GBPJPY_AMR,4,4,1,10.20671834625323,LOW,LOW,LOW_to_LOW
2023-09-11,3.0873,5,5,2,5,5,80.0,80.0,0.0,20.0,100.0,0.0,100.0,0.0,0.0,0.663195,5,AUDJPY_AMR; CADJPY_AMR; EURJPY_AMR; GBPJPY_AMR; GBPUSD_MONDAY,4,4,1,77.51937984496125,HIGH,LOW,LOW_to_HIGH
2023-09-12,0.4512,1,1,3,4,4,100.0,100.0,0.0,0.0,0.0,100.0,100.0,0.0,0.0,0.147456,1,AUDJPY_AMR,4,4,0,14.082687338501293,LOW,HIGH,HIGH_to_LOW
2023-09-13,-0.1203,3,3,3,4,4,100.0,100.0,0.0,0.0,33.3,66.7,100.0,0.0,0.0,0.243496,3,AUDJPY_AMR; CADJPY_AMR; EURJPY_AMR,4,4,0,27.131782945736433,LOW,LOW,LOW_to_LOW
2023-09-14,-1.7206,3,3,4,4,4,100.0,100.0,0.0,0.0,100.0,0.0,100.0,0.0,0.0,0.216885,3,AUDJPY_AMR; EURJPY_AMR; GBPJPY_AMR,4,4,1,22.997416020671835,LOW,LOW,LOW_to_LOW
2023-09-15,1.0644,2,2,2,2,2,100.0,100.0,0.0,0.0,100.0,0.0,100.0,0.0,0.0,0.20917,2,AUDJPY_AMR; EURJPY_AMR,2,2,0,21.44702842377261,LOW,LOW,LOW_to_LOW
2023-09-18,1.742,4,4,4,4,4,75.0,75.0,0.0,25.0,100.0,0.0,100.0,0.0,0.0,0.404852,4,AUDJPY_AMR; CADJPY_AMR; EURJPY_AMR; GBPUSD_MONDAY,3,3,0,48.06201550387597,NORMAL,LOW,LOW_to_NORMAL
2023-09-19,4.1996,5,5,5,5,5,100.0,80.0,20.0,0.0,80.0,20.0,80.0,20.0,0.0,0.163715,5,AUDJPY_AMR; CADJPY_AMR; CADJPY_ARB; EURJPY_AMR; GBPJPY_AMR,5,4,1,15.245478036175712,LOW,NORMAL,NORMAL_to_LOW
2023-09-20,-0.1393,3,3,3,3,3,100.0,100.0,0.0,0.0,66.7,33.3,100.0,0.0,0.0,0.111973,3,AUDJPY_AMR; CADJPY_AMR; EURJPY_AMR,3,3,0,10.723514211886306,LOW,LOW,LOW_to_LOW
2023-09-21,-2.178,2,2,2,2,2,100.0,100.0,0.0,0.0,100.0,0.0,100.0,0.0,0.0,0.488076,2,AUDJPY_AMR; EURJPY_AMR,2,2,0,58.52713178294574,NORMAL,LOW,LOW_to_NORMAL
2023-09-22,1.7572,3,3,3,3,3,100.0,100.0,0.0,0.0,66.7,33.3,100.0,0.0,0.0,0.266188,3,AUDJPY_AMR; EURJPY_AMR; GBPJPY_AMR,3,3,1,31.136950904392762,LOW,NORMAL,NORMAL_to_LOW
2023-09-25,0.3452,2,2,2,2,2,50.0,50.0,0.0,50.0,100.0,0.0,100.0,0.0,0.0,0.443646,2,AUDJPY_AMR; GBPUSD_MONDAY,1,1,0,53.100775193798455,NORMAL,LOW,LOW_to_NORMAL
2023-09-26,2.2184,4,4,4,4,4,100.0,100.0,0.0,0.0,100.0,0.0,100.0,0.0,0.0,0.098717,4,AUDJPY_AMR; CADJPY_AMR; EURJPY_AMR; GBPJPY_AMR,4,4,1,9.431524547803617,LOW,NORMAL,NORMAL_to_LOW
2023-09-27,2.2799,4,4,4,4,4,100.0,100.0,0.0,0.0,75.0,25.0,100.0,0.0,0.0,0.212434,4,AUDJPY_AMR; CADJPY_AMR; EURJPY_AMR; GBPJPY_AMR,4,4,1,22.22222222222222,LOW,LOW,LOW_to_LOW
2023-09-28,0.588,1,1,1,1,1,100.0,100.0,0.0,0.0,100.0,0.0,100.0,0.0,0.0,0.246358,1,EURJPY_AMR,1,1,0,27.648578811369507,LOW,LOW,LOW_to_LOW
2023-09-29,-1.1315,1,1,1,1,1,100.0,100.0,0.0,0.0,0.0,100.0,100.0,0.0,0.0,0.197782,1,EURJPY_AMR,1,1,0,19.896640826873384,LOW,LOW,LOW_to_LOW
2023-10-02,-1.4093,3,3,3,3,3,66.7,66.7,0.0,33.3,33.3,66.7,100.0,0.0,0.0,0.630945,3,AUDJPY_AMR; EURJPY_AMR; GBPUSD_MONDAY,2,2,0,74.4186046511628,HIGH,LOW,LOW_to_HIGH
2023-10-03,1.4617,4,4,4,4,4,100.0,75.0,25.0,0.0,75.0,25.0,75.0,25.0,0.0,0.265821,4,AUDJPY_AMR; CADJPY_AMR; CADJPY_ARB; EURJPY_AMR,4,3,0,31.007751937984494,LOW,HIGH,HIGH_to_LOW
2023-10-04,0.6013,1,1,1,1,1,100.0,100.0,0.0,0.0,0.0,100.0,100.0,0.0,0.0,0.657928,1,AUDJPY_AMR,1,1,0,77.00258397932816,HIGH,LOW,LOW_to_HIGH
2023-10-05,0.2775,3,3,3,3,3,100.0,100.0,0.0,0.0,100.0,0.0,100.0,0.0,0.0,0.364982,3,CADJPY_AMR; EURJPY_AMR; GBPJPY_AMR,3,3,1,43.927648578811365,NORMAL,HIGH,HIGH_to_NORMAL
2023-10-06,3.3903,4,4,4,4,4,100.0,75.0,25.0,0.0,25.0,75.0,75.0,25.0,0.0,0.245643,4,AUDJPY_AMR; CADJPY_AMR; CADJPY_ARB; EURJPY_AMR,4,3,0,27.39018087855297,LOW,NORMAL,NORMAL_to_LOW
2023-10-09,2.9864,5,5,2,5,5,80.0,80.0,0.0,20.0,100.0,0.0,100.0,0.0,0.0,0.844346,5,AUDJPY_AMR; CADJPY_AMR; EURJPY_AMR; GBPJPY_AMR; GBPUSD_MONDAY,4,4,1,92.24806201550388,HIGH,LOW,LOW_to_HIGH
2023-10-10,1.2226,3,3,4,6,6,100.0,66.7,33.3,0.0,33.3,66.7,66.7,33.3,0.0,0.344977,3,AUDJPY_AMR; CADJPY_AMR; CADJPY_ARB,6,5,0,42.11886304909561,NORMAL,HIGH,HIGH_to_NORMAL
2023-10-11,0.4835,1,1,2,3,3,100.0,100.0,0.0,0.0,0.0,100.0,100.0,0.0,0.0,0.194217,1,AUDJPY_AMR,3,2,0,18.992248062015506,LOW,NORMAL,NORMAL_to_LOW
2023-10-12,1.6141,3,3,3,4,4,100.0,100.0,0.0,0.0,33.3,66.7,100.0,0.0,0.0,0.344013,3,AUDJPY_AMR; CADJPY_AMR; EURJPY_AMR,4,3,0,41.7312661498708,NORMAL,LOW,LOW_to_NORMAL
2023-10-13,-3.1729,4,4,5,5,5,100.0,100.0,0.0,0.0,0.0,100.0,100.0,0.0,0.0,0.071856,4,AUDJPY_AMR; CADJPY_AMR; EURJPY_AMR; GBPJPY_AMR,5,4,1,6.459948320413436,LOW,NORMAL,NORMAL_to_LOW
2023-10-16,-0.5296,5,5,5,5,5,80.0,80.0,0.0,20.0,60.0,40.0,100.0,0.0,0.0,0.66077,5,AUDJPY_AMR; CADJPY_AMR; EURJPY_AMR; GBPJPY_AMR; GBPUSD_MONDAY,4,4,1,77.2609819121447,HIGH,LOW,LOW_to_HIGH
2023-10-17,0.9862,2,2,2,2,2,100.0,100.0,0.0,0.0,50.0,50.0,100.0,0.0,0.0,0.175018,2,AUDJPY_AMR; EURJPY_AMR,2,2,0,17.571059431524546,LOW,HIGH,HIGH_to_LOW
2023-10-18,0.5556,4,4,4,4,4,100.0,100.0,0.0,0.0,100.0,0.0,100.0,0.0,0.0,0.140254,4,AUDJPY_AMR; CADJPY_AMR; EURJPY_AMR; GBPJPY_AMR,4,4,1,13.436692506459949,LOW,LOW,LOW_to_LOW
2023-10-19,-1.6062,3,3,3,3,3,100.0,66.7,33.3,0.0,66.7,33.3,66.7,33.3,0.0,0.233518,3,AUDJPY_AMR; CADJPY_ARB; EURJPY_AMR,3,2,0,25.968992248062015,LOW,LOW,LOW_to_LOW
2023-10-20,1.8769,3,3,3,3,3,100.0,100.0,0.0,0.0,100.0,0.0,100.0,0.0,0.0,0.385005,3,AUDJPY_AMR; CADJPY_AMR; GBPJPY_AMR,3,3,1,45.8656330749354,NORMAL,LOW,LOW_to_NORMAL
2023-10-23,1.7768,3,3,3,3,3,66.7,66.7,0.0,33.3,66.7,33.3,100.0,0.0,0.0,0.336772,3,AUDJPY_AMR; EURJPY_AMR; GBPUSD_MONDAY,2,2,0,40.05167958656331,NORMAL,NORMAL,NORMAL_to_NORMAL
2023-10-24,-0.5712,2,2,2,2,2,100.0,100.0,0.0,0.0,0.0,100.0,100.0,0.0,0.0,0.223905,2,AUDJPY_AMR; CADJPY_AMR,2,2,0,24.418604651162788,LOW,NORMAL,NORMAL_to_LOW
2023-10-25,1.1507,2,2,2,2,2,100.0,100.0,0.0,0.0,0.0,100.0,100.0,0.0,0.0,0.288471,2,AUDJPY_AMR; EURJPY_AMR,2,2,0,33.72093023255814,NORMAL,LOW,LOW_to_NORMAL
2023-10-26,-0.4731,2,2,2,2,2,100.0,50.0,50.0,0.0,100.0,0.0,50.0,50.0,0.0,0.366493,2,AUDJPY_AMR; CADJPY_ARB,2,1,0,44.315245478036175,NORMAL,NORMAL,NORMAL_to_NORMAL
2023-10-27,-0.5659,2,2,2,2,2,100.0,100.0,0.0,0.0,50.0,50.0,100.0,0.0,0.0,0.224329,2,AUDJPY_AMR; EURJPY_AMR,2,2,0,24.54780361757106,LOW,NORMAL,NORMAL_to_LOW
2023-10-30,0.4157,4,4,4,4,4,75.0,75.0,0.0,25.0,25.0,75.0,100.0,0.0,0.0,0.452106,4,AUDJPY_AMR; CADJPY_AMR; EURJPY_AMR; GBPUSD_MONDAY,3,3,0,54.39276485788114,NORMAL,LOW,LOW_to_NORMAL
2023-10-31,-0.0979,5,5,4,5,5,100.0,80.0,20.0,0.0,20.0,80.0,80.0,20.0,0.0,0.396303,5,AUDJPY_AMR; CADJPY_AMR; CADJPY_ARB; EURJPY_AMR; GBPJPY_AMR,5,4,1,47.02842377260982,NORMAL,NORMAL,NORMAL_to_NORMAL
2023-11-01,-2.6313,4,4,4,5,5,100.0,100.0,0.0,0.0,100.0,0.0,100.0,0.0,0.0,0.691552,4,AUDJPY_AMR; CADJPY_AMR; EURJPY_AMR; GBPJPY_AMR,5,4,1,80.23255813953489,HIGH,NORMAL,NORMAL_to_HIGH
2023-11-02,-0.4891,2,2,2,3,3,100.0,100.0,0.0,0.0,100.0,0.0,100.0,0.0,0.0,0.435234,2,CADJPY_AMR; EURJPY_AMR,3,2,0,51.67958656330749,NORMAL,HIGH,HIGH_to_NORMAL
2023-11-03,1.1049,2,2,3,3,3,100.0,100.0,0.0,0.0,100.0,0.0,100.0,0.0,0.0,0.1862,2,AUDJPY_AMR; CADJPY_AMR,3,2,0,18.34625322997416,LOW,NORMAL,NORMAL_to_LOW
2023-11-06,0.7082,5,5,5,5,5,80.0,80.0,0.0,20.0,80.0,20.0,100.0,0.0,0.0,0.378095,5,AUDJPY_AMR; CADJPY_AMR; EURJPY_AMR; GBPJPY_AMR; GBPUSD_MONDAY,4,4,1,44.96124031007752,NORMAL,LOW,LOW_to_NORMAL
2023-11-07,-0.2741,3,3,3,3,3,100.0,100.0,0.0,0.0,33.3,66.7,100.0,0.0,0.0,0.092935,3,AUDJPY_AMR; CADJPY_AMR; EURJPY_AMR,3,3,0,8.527131782945736,LOW,NORMAL,NORMAL_to_LOW
2023-11-08,1.0285,2,2,2,2,2,100.0,100.0,0.0,0.0,100.0,0.0,100.0,0.0,0.0,0.20532,2,AUDJPY_AMR; CADJPY_AMR,2,2,0,20.671834625322997,LOW,LOW,LOW_to_LOW
2023-11-09,1.1336,2,2,2,2,2,100.0,100.0,0.0,0.0,100.0,0.0,100.0,0.0,0.0,0.168109,2,AUDJPY_AMR; EURJPY_AMR,2,2,0,16.149870801033593,LOW,LOW,LOW_to_LOW
2023-11-10,-0.4902,2,2,2,2,2,100.0,50.0,50.0,0.0,100.0,0.0,50.0,50.0,0.0,0.252444,2,AUDJPY_AMR; CADJPY_ARB,2,1,0,29.198966408268735,LOW,LOW,LOW_to_LOW
2023-11-13,-0.6354,5,5,5,5,5,80.0,60.0,20.0,20.0,80.0,20.0,80.0,20.0,0.0,0.328775,5,AUDJPY_AMR; CADJPY_ARB; EURJPY_AMR; GBPJPY_AMR; GBPUSD_MONDAY,4,3,1,38.50129198966408,NORMAL,LOW,LOW_to_NORMAL
2023-11-14,1.4939,3,3,3,3,3,100.0,100.0,0.0,0.0,33.3,66.7,100.0,0.0,0.0,0.122008,3,AUDJPY_AMR; CADJPY_AMR; EURJPY_AMR,3,3,0,12.144702842377262,LOW,NORMAL,NORMAL_to_LOW
2023-11-15,-2.1341,5,5,4,5,5,100.0,80.0,20.0,0.0,40.0,60.0,80.0,20.0,0.0,0.380494,5,AUDJPY_AMR; CADJPY_AMR; CADJPY_ARB; EURJPY_AMR; GBPJPY_AMR,5,4,1,45.348837209302324,NORMAL,LOW,LOW_to_NORMAL
2023-11-16,-2.7596,4,4,5,5,5,100.0,100.0,0.0,0.0,100.0,0.0,100.0,0.0,0.0,0.207603,4,AUDJPY_AMR; CADJPY_AMR; EURJPY_AMR; GBPJPY_AMR,5,4,1,21.188630490956072,LOW,NORMAL,NORMAL_to_LOW
2023-11-17,-0.583,2,2,2,2,2,100.0,100.0,0.0,0.0,100.0,0.0,100.0,0.0,0.0,0.249952,2,AUDJPY_AMR; EURJPY_AMR,2,2,0,28.294573643410853,LOW,LOW,LOW_to_LOW
2023-11-20,2.1639,4,4,4,4,4,75.0,75.0,0.0,25.0,75.0,25.0,100.0,0.0,0.0,0.526742,4,AUDJPY_AMR; CADJPY_AMR; EURJPY_AMR; GBPUSD_MONDAY,3,3,0,63.43669250645995,NORMAL,LOW,LOW_to_NORMAL
2023-11-21,-0.0771,3,3,3,3,3,100.0,100.0,0.0,0.0,100.0,0.0,100.0,0.0,0.0,0.302413,3,CADJPY_AMR; EURJPY_AMR; GBPJPY_AMR,3,3,1,35.65891472868217,NORMAL,NORMAL,NORMAL_to_NORMAL
2023-11-22,2.2945,3,3,3,3,3,100.0,66.7,33.3,0.0,100.0,0.0,66.7,33.3,0.0,0.575463,3,CADJPY_AMR; CADJPY_ARB; EURJPY_AMR,3,2,0,68.34625322997417,HIGH,NORMAL,NORMAL_to_HIGH
2023-11-23,-0.001,3,3,3,3,3,100.0,100.0,0.0,0.0,100.0,0.0,100.0,0.0,0.0,0.186004,3,AUDJPY_AMR; CADJPY_AMR; EURJPY_AMR,3,3,0,18.217054263565892,LOW,HIGH,HIGH_to_LOW
2023-11-24,1.1668,5,5,5,5,5,100.0,80.0,20.0,0.0,80.0,20.0,80.0,20.0,0.0,0.074386,5,AUDJPY_AMR; CADJPY_AMR; CADJPY_ARB; EURJPY_AMR; GBPJPY_AMR,5,4,1,6.847545219638243,LOW,LOW,LOW_to_LOW
2023-11-27,-2.5381,5,5,5,5,5,80.0,80.0,0.0,20.0,100.0,0.0,100.0,0.0,0.0,0.354061,5,AUDJPY_AMR; CADJPY_AMR; EURJPY_AMR; GBPJPY_AMR; GBPUSD_MONDAY,4,4,1,43.02325581395349,NORMAL,LOW,LOW_to_NORMAL
2023-11-28,0.6503,4,4,4,4,4,100.0,100.0,0.0,0.0,100.0,0.0,100.0,0.0,0.0,0.196488,4,AUDJPY_AMR; CADJPY_AMR; EURJPY_AMR; GBPJPY_AMR,4,4,1,19.638242894056848,LOW,NORMAL,NORMAL_to_LOW
2023-11-29,-0.9121,4,4,4,4,4,100.0,100.0,0.0,0.0,100.0,0.0,100.0,0.0,0.0,0.386313,4,AUDJPY_AMR; CADJPY_AMR; EURJPY_AMR; GBPJPY_AMR,4,4,1,46.12403100775194,NORMAL,LOW,LOW_to_NORMAL
2023-11-30,-0.9524,4,4,4,4,4,100.0,100.0,0.0,0.0,100.0,0.0,100.0,0.0,0.0,0.389015,4,AUDJPY_AMR; CADJPY_AMR; EURJPY_AMR; GBPJPY_AMR,4,4,1,46.382428940568474,NORMAL,NORMAL,NORMAL_to_NORMAL
2023-12-01,-1.61,3,3,3,3,3,100.0,66.7,33.3,0.0,100.0,0.0,66.7,33.3,0.0,0.46978,3,CADJPY_AMR; CADJPY_ARB; EURJPY_AMR,3,2,0,56.07235142118863,NORMAL,NORMAL,NORMAL_to_NORMAL
2023-12-04,-3.4983,5,5,5,5,5,80.0,80.0,0.0,20.0,100.0,0.0,100.0,0.0,0.0,0.733211,5,AUDJPY_AMR; CADJPY_AMR; EURJPY_AMR; GBPJPY_AMR; GBPUSD_MONDAY,4,4,1,84.36692506459949,HIGH,NORMAL,NORMAL_to_HIGH
2023-12-05,1.3036,3,3,2,3,3,100.0,66.7,33.3,0.0,66.7,33.3,66.7,33.3,0.0,0.384244,3,AUDJPY_AMR; CADJPY_AMR; CADJPY_ARB,3,2,0,45.60723514211886,NORMAL,HIGH,HIGH_to_NORMAL
2023-12-06,-0.0185,3,3,3,4,4,100.0,100.0,0.0,0.0,66.7,33.3,100.0,0.0,0.0,0.2807,3,AUDJPY_AMR; CADJPY_AMR; EURJPY_AMR,4,3,0,33.0749354005168,LOW,NORMAL,NORMAL_to_LOW
2023-12-07,-2.7634,5,5,6,6,6,100.0,80.0,20.0,0.0,80.0,20.0,80.0,20.0,0.0,0.273617,5,AUDJPY_AMR; CADJPY_AMR; CADJPY_ARB; EURJPY_AMR; GBPJPY_AMR,6,4,1,32.428940568475454,LOW,LOW,LOW_to_LOW
2023-12-08,1.9126,3,3,3,3,3,100.0,100.0,0.0,0.0,100.0,0.0,100.0,0.0,0.0,0.978204,3,AUDJPY_AMR; CADJPY_AMR; EURJPY_AMR,3,3,0,98.96640826873386,HIGH,LOW,LOW_to_HIGH
2023-12-11,-2.4951,5,5,5,5,5,80.0,80.0,0.0,20.0,20.0,80.0,100.0,0.0,0.0,0.743628,5,AUDJPY_AMR; CADJPY_AMR; EURJPY_AMR; GBPJPY_AMR; GBPUSD_MONDAY,4,4,1,86.04651162790698,HIGH,HIGH,HIGH_to_HIGH
2023-12-12,-2.586,5,5,4,5,5,100.0,80.0,20.0,0.0,80.0,20.0,80.0,20.0,0.0,0.401875,5,AUDJPY_AMR; CADJPY_AMR; CADJPY_ARB; EURJPY_AMR; GBPJPY_AMR,5,4,1,47.80361757105943,NORMAL,HIGH,HIGH_to_NORMAL
2023-12-13,2.3948,4,4,5,5,5,100.0,100.0,0.0,0.0,100.0,0.0,100.0,0.0,0.0,0.39987,4,AUDJPY_AMR; CADJPY_AMR; EURJPY_AMR; GBPJPY_AMR,5,4,1,47.54521963824289,NORMAL,NORMAL,NORMAL_to_NORMAL
2023-12-14,-2.0788,2,2,2,2,2,100.0,100.0,0.0,0.0,100.0,0.0,100.0,0.0,0.0,0.92961,2,AUDJPY_AMR; EURJPY_AMR,2,2,0,97.02842377260981,HIGH,NORMAL,NORMAL_to_HIGH
2023-12-15,-0.8066,4,4,4,4,4,100.0,100.0,0.0,0.0,0.0,100.0,100.0,0.0,0.0,0.739671,4,AUDJPY_AMR; CADJPY_AMR; EURJPY_AMR; GBPJPY_AMR,4,4,1,85.65891472868216,HIGH,HIGH,HIGH_to_HIGH
2023-12-18,1.6641,4,4,4,4,4,75.0,75.0,0.0,25.0,100.0,0.0,100.0,0.0,0.0,0.744135,4,AUDJPY_AMR; EURJPY_AMR; GBPJPY_AMR; GBPUSD_MONDAY,3,3,1,86.17571059431525,HIGH,HIGH,HIGH_to_HIGH
2023-12-19,-2.5933,4,4,4,4,4,100.0,100.0,0.0,0.0,100.0,0.0,100.0,0.0,0.0,0.433599,4,AUDJPY_AMR; CADJPY_AMR; EURJPY_AMR; GBPJPY_AMR,4,4,1,51.42118863049095,NORMAL,HIGH,HIGH_to_NORMAL
2023-12-20,1.5486,3,3,3,3,3,100.0,100.0,0.0,0.0,0.0,100.0,100.0,0.0,0.0,0.522072,3,AUDJPY_AMR; CADJPY_AMR; EURJPY_AMR,3,3,0,63.04909560723514,NORMAL,NORMAL,NORMAL_to_NORMAL
2023-12-21,0.3064,4,4,3,4,4,100.0,100.0,0.0,0.0,100.0,0.0,100.0,0.0,0.0,0.747341,4,AUDJPY_AMR; CADJPY_AMR; EURJPY_AMR; GBPJPY_AMR,4,4,1,86.69250645994832,HIGH,NORMAL,NORMAL_to_HIGH
2023-12-22,1.0397,2,2,3,3,3,100.0,100.0,0.0,0.0,100.0,0.0,100.0,0.0,0.0,0.635578,2,AUDJPY_AMR; CADJPY_AMR,3,3,0,75.32299741602067,HIGH,HIGH,HIGH_to_HIGH
2023-12-25,1.9647,4,4,1,4,4,75.0,75.0,0.0,25.0,100.0,0.0,100.0,0.0,0.0,0.582624,4,AUDJPY_AMR; CADJPY_AMR; EURJPY_AMR; GBPUSD_MONDAY,3,3,0,68.73385012919897,HIGH,HIGH,HIGH_to_HIGH
2023-12-26,2.5806,2,2,5,5,5,100.0,50.0,50.0,0.0,100.0,0.0,50.0,50.0,0.0,0.517215,2,CADJPY_ARB; GBPJPY_AMR,4,3,1,61.88630490956072,NORMAL,HIGH,HIGH_to_NORMAL
2023-12-27,-0.4044,5,5,5,5,5,100.0,80.0,20.0,0.0,60.0,40.0,80.0,20.0,0.0,0.284661,5,AUDJPY_AMR; CADJPY_AMR; CADJPY_ARB; EURJPY_AMR; GBPJPY_AMR,5,4,1,33.4625322997416,NORMAL,NORMAL,NORMAL_to_NORMAL
2023-12-28,0.1699,3,3,3,3,3,100.0,100.0,0.0,0.0,100.0,0.0,100.0,0.0,0.0,0.778154,3,AUDJPY_AMR; CADJPY_AMR; EURJPY_AMR,3,3,0,88.75968992248062,HIGH,NORMAL,NORMAL_to_HIGH
2023-12-29,0.731,4,4,4,4,4,100.0,100.0,0.0,0.0,50.0,50.0,100.0,0.0,0.0,0.683828,4,AUDJPY_AMR; CADJPY_AMR; EURJPY_AMR; GBPJPY_AMR,4,4,1,79.19896640826873,HIGH,HIGH,HIGH_to_HIGH
2024-01-02,0.9326,4,4,4,4,4,100.0,100.0,0.0,0.0,50.0,50.0,100.0,0.0,0.0,0.672933,4,AUDJPY_AMR; CADJPY_AMR; EURJPY_AMR; GBPJPY_AMR,4,4,1,78.55297157622739,HIGH,HIGH,HIGH_to_HIGH
2024-01-03,1.719,3,3,3,3,3,100.0,100.0,0.0,0.0,0.0,100.0,100.0,0.0,0.0,0.557971,3,AUDJPY_AMR; CADJPY_AMR; EURJPY_AMR,3,3,0,66.02067183462532,NORMAL,HIGH,HIGH_to_NORMAL
2024-01-04,1.021,4,4,3,4,4,100.0,75.0,25.0,0.0,75.0,25.0,75.0,25.0,0.0,0.736169,4,AUDJPY_AMR; CADJPY_AMR; CADJPY_ARB; EURJPY_AMR,4,3,0,85.01291989664082,HIGH,NORMAL,NORMAL_to_HIGH
2024-01-05,-0.0291,3,3,4,4,4,100.0,100.0,0.0,0.0,33.3,66.7,100.0,0.0,0.0,0.508453,3,AUDJPY_AMR; CADJPY_AMR; EURJPY_AMR,4,3,0,60.85271317829457,NORMAL,HIGH,HIGH_to_NORMAL
2024-01-08,1.8408,6,6,5,6,6,83.3,66.7,16.7,16.7,83.3,16.7,83.3,16.7,0.0,0.686243,6,AUDJPY_AMR; CADJPY_AMR; CADJPY_ARB; EURJPY_AMR; GBPJPY_AMR; GBPUSD_MONDAY,5,4,1,79.58656330749353,HIGH,NORMAL,NORMAL_to_HIGH
2024-01-09,-1.324,4,4,4,5,5,100.0,100.0,0.0,0.0,100.0,0.0,100.0,0.0,0.0,0.417039,4,AUDJPY_AMR; CADJPY_AMR; EURJPY_AMR; GBPJPY_AMR,5,4,1,49.48320413436693,NORMAL,HIGH,HIGH_to_NORMAL
2024-01-10,-1.1033,4,4,5,5,5,100.0,100.0,0.0,0.0,50.0,50.0,100.0,0.0,0.0,0.469043,4,AUDJPY_AMR; CADJPY_AMR; EURJPY_AMR; GBPJPY_AMR,5,4,1,55.94315245478037,NORMAL,NORMAL,NORMAL_to_NORMAL
2024-01-11,1.0947,2,2,2,2,2,100.0,100.0,0.0,0.0,0.0,100.0,100.0,0.0,0.0,0.432042,2,AUDJPY_AMR; EURJPY_AMR,2,2,0,51.03359173126615,NORMAL,NORMAL,NORMAL_to_NORMAL
2024-01-12,1.1908,2,2,2,2,2,100.0,100.0,0.0,0.0,100.0,0.0,100.0,0.0,0.0,0.679951,2,AUDJPY_AMR; EURJPY_AMR,2,2,0,78.81136950904393,HIGH,NORMAL,NORMAL_to_HIGH
2024-01-15,2.4833,6,6,5,6,6,83.3,66.7,16.7,16.7,100.0,0.0,83.3,16.7,0.0,0.520136,6,AUDJPY_AMR; CADJPY_AMR; CADJPY_ARB; EURJPY_AMR; GBPJPY_AMR; GBPUSD_MONDAY,5,4,1,62.91989664082688,NORMAL,HIGH,HIGH_to_NORMAL
2024-01-16,-1.3941,4,4,4,5,5,100.0,100.0,0.0,0.0,75.0,25.0,100.0,0.0,0.0,0.122713,4,AUDJPY_AMR; CADJPY_AMR; EURJPY_AMR; GBPJPY_AMR,5,4,1,12.27390180878553,LOW,NORMAL,NORMAL_to_LOW
2024-01-17,0.6024,4,4,5,5,5,100.0,100.0,0.0,0.0,50.0,50.0,100.0,0.0,0.0,0.344253,4,AUDJPY_AMR; CADJPY_AMR; EURJPY_AMR; GBPJPY_AMR,5,4,1,41.86046511627907,NORMAL,LOW,LOW_to_NORMAL
2024-01-18,2.3288,4,4,4,4,4,100.0,100.0,0.0,0.0,25.0,75.0,100.0,0.0,0.0,0.533942,4,AUDJPY_AMR; CADJPY_AMR; EURJPY_AMR; GBPJPY_AMR,4,4,1,64.08268733850129,NORMAL,NORMAL,NORMAL_to_NORMAL
2024-01-19,-2.9568,5,5,5,5,5,100.0,80.0,20.0,0.0,20.0,80.0,80.0,20.0,0.0,0.470207,5,AUDJPY_AMR; CADJPY_AMR; CADJPY_ARB; EURJPY_AMR; GBPJPY_AMR,5,4,1,56.201550387596896,NORMAL,NORMAL,NORMAL_to_NORMAL
2024-01-22,1.7136,4,4,4,4,4,75.0,75.0,0.0,25.0,100.0,0.0,100.0,0.0,0.0,0.63553,4,AUDJPY_AMR; CADJPY_AMR; EURJPY_AMR; GBPUSD_MONDAY,3,3,0,75.1937984496124,HIGH,NORMAL,NORMAL_to_HIGH
2024-01-23,-1.5366,3,3,3,3,3,100.0,66.7,33.3,0.0,33.3,66.7,66.7,33.3,0.0,0.49197,3,AUDJPY_AMR; CADJPY_ARB; EURJPY_AMR,3,2,0,58.78552971576227,NORMAL,HIGH,HIGH_to_NORMAL
2024-01-24,-1.8007,3,3,3,3,3,100.0,100.0,0.0,0.0,66.7,33.3,100.0,0.0,0.0,0.413849,3,AUDJPY_AMR; CADJPY_AMR; EURJPY_AMR,3,3,0,49.224806201550386,NORMAL,NORMAL,NORMAL_to_NORMAL
2024-01-25,0.5852,1,1,1,1,1,100.0,100.0,0.0,0.0,100.0,0.0,100.0,0.0,0.0,0.626258,1,CADJPY_AMR,1,1,0,73.77260981912144,HIGH,NORMAL,NORMAL_to_HIGH
2024-01-26,0.986,2,2,2,2,2,100.0,100.0,0.0,0.0,100.0,0.0,100.0,0.0,0.0,0.343265,2,AUDJPY_AMR; EURJPY_AMR,2,2,0,41.47286821705426,NORMAL,HIGH,HIGH_to_NORMAL
2024-01-29,1.655,4,4,4,4,4,75.0,75.0,0.0,25.0,100.0,0.0,100.0,0.0,0.0,0.331792,4,AUDJPY_AMR; EURJPY_AMR; GBPJPY_AMR; GBPUSD_MONDAY,3,3,1,39.405684754521964,NORMAL,NORMAL,NORMAL_to_NORMAL
2024-01-30,0.5764,1,1,1,1,1,100.0,100.0,0.0,0.0,100.0,0.0,100.0,0.0,0.0,0.325038,1,EURJPY_AMR,1,1,0,38.24289405684754,NORMAL,NORMAL,NORMAL_to_NORMAL
2024-01-31,-1.9484,5,5,5,5,5,100.0,80.0,20.0,0.0,100.0,0.0,80.0,20.0,0.0,0.337967,5,AUDJPY_AMR; CADJPY_AMR; CADJPY_ARB; EURJPY_AMR; GBPJPY_AMR,5,4,1,40.310077519379846,NORMAL,NORMAL,NORMAL_to_NORMAL
2024-02-01,-1.0472,1,1,1,1,1,100.0,100.0,0.0,0.0,100.0,0.0,100.0,0.0,0.0,0.863502,1,EURJPY_AMR,1,1,0,93.02325581395348,HIGH,NORMAL,NORMAL_to_HIGH
2024-02-02,1.3716,3,3,3,3,3,100.0,66.7,33.3,0.0,33.3,66.7,66.7,33.3,0.0,0.600955,3,AUDJPY_AMR; CADJPY_ARB; EURJPY_AMR,3,2,0,71.0594315245478,HIGH,HIGH,HIGH_to_HIGH
2024-02-05,0.6598,4,4,4,4,4,75.0,75.0,0.0,25.0,50.0,50.0,100.0,0.0,0.0,0.728724,4,AUDJPY_AMR; CADJPY_AMR; EURJPY_AMR; GBPUSD_MONDAY,3,3,0,84.10852713178295,HIGH,HIGH,HIGH_to_HIGH
2024-02-06,1.4902,3,3,3,3,3,100.0,100.0,0.0,0.0,100.0,0.0,100.0,0.0,0.0,0.250064,3,AUDJPY_AMR; CADJPY_AMR; EURJPY_AMR,3,3,0,28.42377260981912,LOW,HIGH,HIGH_to_LOW
2024-02-07,-0.1432,3,3,3,3,3,100.0,100.0,0.0,0.0,33.3,66.7,100.0,0.0,0.0,0.255216,3,AUDJPY_AMR; CADJPY_AMR; EURJPY_AMR,3,3,0,29.71576227390181,LOW,LOW,LOW_to_LOW
2024-02-08,-0.1679,5,5,4,5,5,100.0,80.0,20.0,0.0,60.0,40.0,80.0,20.0,0.0,0.284888,5,AUDJPY_AMR; CADJPY_AMR; CADJPY_ARB; EURJPY_AMR; GBPJPY_AMR,5,4,1,33.59173126614987,NORMAL,LOW,LOW_to_NORMAL
2024-02-09,2.2826,4,4,5,5,5,100.0,100.0,0.0,0.0,100.0,0.0,100.0,0.0,0.0,0.276074,4,AUDJPY_AMR; CADJPY_AMR; EURJPY_AMR; GBPJPY_AMR,5,4,1,32.81653746770026,LOW,NORMAL,NORMAL_to_LOW
2024-02-12,1.3926,3,3,3,3,3,66.7,66.7,0.0,33.3,100.0,0.0,100.0,0.0,0.0,0.164393,3,AUDJPY_AMR; GBPJPY_AMR; GBPUSD_MONDAY,2,2,1,15.503875968992247,LOW,LOW,LOW_to_LOW
2024-02-13,-0.5412,2,2,2,2,2,100.0,50.0,50.0,0.0,100.0,0.0,50.0,50.0,0.0,0.089999,2,CADJPY_ARB; EURJPY_AMR,2,1,0,8.010335917312661,LOW,LOW,LOW_to_LOW
2024-02-14,2.3096,4,4,4,4,4,100.0,100.0,0.0,0.0,100.0,0.0,100.0,0.0,0.0,0.447063,4,AUDJPY_AMR; CADJPY_AMR; EURJPY_AMR; GBPJPY_AMR,4,4,1,53.617571059431526,NORMAL,LOW,LOW_to_NORMAL
2024-02-15,-1.0716,4,4,4,4,4,100.0,100.0,0.0,0.0,50.0,50.0,100.0,0.0,0.0,0.242704,4,AUDJPY_AMR; CADJPY_AMR; EURJPY_AMR; GBPJPY_AMR,4,4,1,26.873385012919897,LOW,NORMAL,NORMAL_to_LOW
2024-02-16,-1.1641,4,4,4,4,4,100.0,100.0,0.0,0.0,25.0,75.0,100.0,0.0,0.0,0.221301,4,AUDJPY_AMR; CADJPY_AMR; EURJPY_AMR; GBPJPY_AMR,4,4,1,24.031007751937985,LOW,LOW,LOW_to_LOW
2024-02-19,1.775,4,4,4,4,4,75.0,75.0,0.0,25.0,100.0,0.0,100.0,0.0,0.0,0.262719,4,AUDJPY_AMR; EURJPY_AMR; GBPJPY_AMR; GBPUSD_MONDAY,3,3,1,30.620155038759687,LOW,LOW,LOW_to_LOW
2024-02-20,0.1461,4,4,4,4,4,100.0,100.0,0.0,0.0,75.0,25.0,100.0,0.0,0.0,0.044148,4,AUDJPY_AMR; CADJPY_AMR; EURJPY_AMR; GBPJPY_AMR,4,4,1,3.359173126614987,LOW,LOW,LOW_to_LOW
2024-02-21,2.8006,3,3,2,3,3,100.0,66.7,33.3,0.0,66.7,33.3,66.7,33.3,0.0,0.106786,3,AUDJPY_AMR; CADJPY_ARB; EURJPY_AMR,3,2,0,10.077519379844961,LOW,LOW,LOW_to_LOW
2024-02-22,-4.458,4,4,5,5,5,100.0,100.0,0.0,0.0,0.0,100.0,100.0,0.0,0.0,0.273627,4,AUDJPY_AMR; CADJPY_AMR; EURJPY_AMR; GBPJPY_AMR,5,4,1,32.55813953488372,LOW,LOW,LOW_to_LOW
2024-02-23,0.4496,4,4,4,4,4,100.0,75.0,25.0,0.0,75.0,25.0,75.0,25.0,0.0,0.098038,4,AUDJPY_AMR; CADJPY_AMR; CADJPY_ARB; EURJPY_AMR,4,3,0,9.30232558139535,LOW,LOW,LOW_to_LOW
2024-02-26,2.1256,5,5,5,5,5,80.0,80.0,0.0,20.0,80.0,20.0,100.0,0.0,0.0,0.339409,5,AUDJPY_AMR; CADJPY_AMR; EURJPY_AMR; GBPJPY_AMR; GBPUSD_MONDAY,4,4,1,40.56847545219638,NORMAL,LOW,LOW_to_NORMAL
2024-02-27,-0.7075,2,2,2,2,2,100.0,100.0,0.0,0.0,100.0,0.0,100.0,0.0,0.0,0.119201,2,AUDJPY_AMR; EURJPY_AMR,2,2,0,11.627906976744185,LOW,NORMAL,NORMAL_to_LOW
2024-02-28,-2.9143,4,4,4,4,4,100.0,100.0,0.0,0.0,100.0,0.0,100.0,0.0,0.0,0.173241,4,AUDJPY_AMR; CADJPY_AMR; EURJPY_AMR; GBPJPY_AMR,4,4,1,17.31266149870801,LOW,LOW,LOW_to_LOW
2024-02-29,-1.1709,4,4,4,4,4,100.0,100.0,0.0,0.0,100.0,0.0,100.0,0.0,0.0,0.147253,4,AUDJPY_AMR; CADJPY_AMR; EURJPY_AMR; GBPJPY_AMR,4,4,1,13.953488372093023,LOW,LOW,LOW_to_LOW
2024-03-01,-1.3005,4,4,4,4,4,100.0,100.0,0.0,0.0,25.0,75.0,100.0,0.0,0.0,0.305696,4,AUDJPY_AMR; CADJPY_AMR; EURJPY_AMR; GBPJPY_AMR,4,4,1,36.17571059431525,NORMAL,LOW,LOW_to_NORMAL
2024-03-04,0.6236,4,4,3,4,4,75.0,50.0,25.0,25.0,100.0,0.0,75.0,25.0,0.0,0.256439,4,CADJPY_ARB; EURJPY_AMR; GBPJPY_AMR; GBPUSD_MONDAY,3,2,1,29.844961240310074,LOW,NORMAL,NORMAL_to_LOW
2024-03-05,1.0523,2,2,3,3,3,100.0,100.0,0.0,0.0,100.0,0.0,100.0,0.0,0.0,0.172437,2,CADJPY_AMR; EURJPY_AMR,3,2,0,16.795865633074936,LOW,LOW,LOW_to_LOW
2024-03-06,0.5137,1,1,1,1,1,100.0,100.0,0.0,0.0,100.0,0.0,100.0,0.0,0.0,0.321339,1,AUDJPY_AMR,1,1,0,37.72609819121447,NORMAL,LOW,LOW_to_NORMAL
2024-03-07,-2.0172,5,5,4,5,5,100.0,80.0,20.0,0.0,80.0,20.0,80.0,20.0,0.0,0.497352,5,AUDJPY_AMR; CADJPY_AMR; CADJPY_ARB; EURJPY_AMR; GBPJPY_AMR,5,4,1,59.56072351421189,NORMAL,NORMAL,NORMAL_to_NORMAL
2024-03-08,0.0105,3,3,4,4,4,100.0,100.0,0.0,0.0,100.0,0.0,100.0,0.0,0.0,0.435471,3,AUDJPY_AMR; CADJPY_AMR; EURJPY_AMR,4,3,0,51.93798449612403,NORMAL,NORMAL,NORMAL_to_NORMAL
2024-03-11,-4.8776,5,5,5,5,5,80.0,80.0,0.0,20.0,100.0,0.0,100.0,0.0,0.0,0.473344,5,AUDJPY_AMR; CADJPY_AMR; EURJPY_AMR; GBPJPY_AMR; GBPUSD_MONDAY,4,4,1,56.71834625322998,NORMAL,NORMAL,NORMAL_to_NORMAL
2024-03-12,3.1678,5,5,4,5,5,100.0,80.0,20.0,0.0,100.0,0.0,80.0,20.0,0.0,0.339658,5,AUDJPY_AMR; CADJPY_AMR; CADJPY_ARB; EURJPY_AMR; GBPJPY_AMR,5,4,1,40.69767441860465,NORMAL,NORMAL,NORMAL_to_NORMAL
2024-03-13,0.6004,4,4,4,5,5,100.0,100.0,0.0,0.0,100.0,0.0,100.0,0.0,0.0,0.136247,4,AUDJPY_AMR; CADJPY_AMR; EURJPY_AMR; GBPJPY_AMR,5,4,1,13.049095607235142,LOW,NORMAL,NORMAL_to_LOW
2024-03-14,1.0283,2,2,2,3,3,100.0,100.0,0.0,0.0,0.0,100.0,100.0,0.0,0.0,0.195897,2,AUDJPY_AMR; EURJPY_AMR,3,2,0,19.509043927648577,LOW,LOW,LOW_to_LOW
2024-03-15,-3.4386,3,3,4,4,4,100.0,100.0,0.0,0.0,33.3,66.7,100.0,0.0,0.0,0.20727,3,AUDJPY_AMR; CADJPY_AMR; EURJPY_AMR,4,3,0,21.059431524547804,LOW,LOW,LOW_to_LOW
2024-03-18,3.482,5,5,4,5,5,80.0,60.0,20.0,20.0,80.0,20.0,80.0,20.0,0.0,0.164203,5,AUDJPY_AMR; CADJPY_AMR; CADJPY_ARB; EURJPY_AMR; GBPUSD_MONDAY,4,3,0,15.374677002583978,LOW,LOW,LOW_to_LOW
2024-03-19,1.6403,4,4,4,5,5,100.0,75.0,25.0,0.0,50.0,50.0,75.0,25.0,0.0,0.242037,4,AUDJPY_AMR; CADJPY_AMR; CADJPY_ARB; EURJPY_AMR,5,3,0,26.48578811369509,LOW,LOW,LOW_to_LOW
2024-03-20,-4.368,4,4,5,5,5,100.0,100.0,0.0,0.0,0.0,100.0,100.0,0.0,0.0,0.165712,4,AUDJPY_AMR; CADJPY_AMR; EURJPY_AMR; GBPJPY_AMR,5,4,1,15.633074935400519,LOW,LOW,LOW_to_LOW
2024-03-21,0.783,4,4,3,4,4,100.0,75.0,25.0,0.0,100.0,0.0,75.0,25.0,0.0,0.709321,4,AUDJPY_AMR; CADJPY_AMR; CADJPY_ARB; EURJPY_AMR,4,3,0,82.17054263565892,HIGH,LOW,LOW_to_HIGH
2024-03-22,-0.1556,3,3,4,4,4,100.0,66.7,33.3,0.0,66.7,33.3,66.7,33.3,0.0,0.332855,3,AUDJPY_AMR; CADJPY_ARB; EURJPY_AMR,4,2,0,39.66408268733851,NORMAL,HIGH,HIGH_to_NORMAL
2024-03-25,0.9472,5,5,5,5,5,80.0,80.0,0.0,20.0,100.0,0.0,100.0,0.0,0.0,0.202842,5,AUDJPY_AMR; CADJPY_AMR; EURJPY_AMR; GBPJPY_AMR; GBPUSD_MONDAY,4,4,1,20.41343669250646,LOW,NORMAL,NORMAL_to_LOW
2024-03-26,1.0857,2,2,2,2,2,100.0,100.0,0.0,0.0,50.0,50.0,100.0,0.0,0.0,0.033137,2,AUDJPY_AMR; EURJPY_AMR,2,2,0,1.8087855297157622,LOW,LOW,LOW_to_LOW
2024-03-27,-0.0468,3,3,3,3,3,100.0,100.0,0.0,0.0,66.7,33.3,100.0,0.0,0.0,0.099383,3,AUDJPY_AMR; CADJPY_AMR; EURJPY_AMR,3,3,0,9.560723514211885,LOW,LOW,LOW_to_LOW
2024-03-28,2.2917,4,4,4,4,4,100.0,100.0,0.0,0.0,100.0,0.0,100.0,0.0,0.0,0.092167,4,AUDJPY_AMR; CADJPY_AMR; EURJPY_AMR; GBPJPY_AMR,4,4,1,8.2687338501292,LOW,LOW,LOW_to_LOW
2024-03-29,0.5323,1,1,1,1,1,100.0,100.0,0.0,0.0,0.0,100.0,100.0,0.0,0.0,0.095877,1,EURJPY_AMR,1,1,0,8.914728682170542,LOW,LOW,LOW_to_LOW
2024-04-01,1.552,5,5,5,5,5,80.0,80.0,0.0,20.0,60.0,40.0,100.0,0.0,0.0,0.416096,5,AUDJPY_AMR; CADJPY_AMR; EURJPY_AMR; GBPJPY_AMR; GBPUSD_MONDAY,4,4,1,49.35400516795866,NORMAL,LOW,LOW_to_NORMAL
2024-04-02,-0.041,3,3,3,3,3,100.0,100.0,0.0,0.0,100.0,0.0,100.0,0.0,0.0,0.026508,3,AUDJPY_AMR; EURJPY_AMR; GBPJPY_AMR,3,3,1,1.2919896640826873,LOW,NORMAL,NORMAL_to_LOW
2024-04-03,2.0517,4,4,4,4,4,100.0,100.0,0.0,0.0,75.0,25.0,100.0,0.0,0.0,0.03441,4,AUDJPY_AMR; CADJPY_AMR; EURJPY_AMR; GBPJPY_AMR,4,4,1,2.0671834625323,LOW,LOW,LOW_to_LOW
2024-04-04,-2.3947,2,2,2,2,2,100.0,100.0,0.0,0.0,0.0,100.0,100.0,0.0,0.0,0.020156,2,AUDJPY_AMR; EURJPY_AMR,2,2,0,0.516795865633075,LOW,LOW,LOW_to_LOW
2024-04-05,-0.9848,4,4,4,4,4,100.0,100.0,0.0,0.0,100.0,0.0,100.0,0.0,0.0,0.378313,4,AUDJPY_AMR; CADJPY_AMR; EURJPY_AMR; GBPJPY_AMR,4,4,1,45.09043927648579,NORMAL,LOW,LOW_to_NORMAL
2024-04-08,1.1312,5,5,5,5,5,80.0,80.0,0.0,20.0,80.0,20.0,100.0,0.0,0.0,0.245989,5,AUDJPY_AMR; CADJPY_AMR; EURJPY_AMR; GBPJPY_AMR; GBPUSD_MONDAY,4,4,1,27.51937984496124,LOW,NORMAL,NORMAL_to_LOW
2024-04-09,2.1579,4,4,4,4,4,100.0,100.0,0.0,0.0,50.0,50.0,100.0,0.0,0.0,0.060851,4,AUDJPY_AMR; CADJPY_AMR; EURJPY_AMR; GBPJPY_AMR,4,4,1,5.684754521963824,LOW,LOW,LOW_to_LOW
2024-04-10,0.5001,1,1,1,1,1,100.0,100.0,0.0,0.0,100.0,0.0,100.0,0.0,0.0,0.042587,1,EURJPY_AMR,1,1,0,2.7131782945736433,LOW,LOW,LOW_to_LOW
2024-04-11,1.172,2,2,2,2,2,100.0,100.0,0.0,0.0,100.0,0.0,100.0,0.0,0.0,0.612644,2,AUDJPY_AMR; CADJPY_AMR,2,2,0,72.99741602067184,HIGH,LOW,LOW_to_HIGH
2024-04-12,-2.7482,5,5,5,5,5,100.0,80.0,20.0,0.0,80.0,20.0,80.0,20.0,0.0,0.091048,5,AUDJPY_AMR; CADJPY_AMR; CADJPY_ARB; EURJPY_AMR; GBPJPY_AMR,5,4,1,8.13953488372093,LOW,HIGH,HIGH_to_LOW
2024-04-15,1.7113,6,6,5,6,6,83.3,66.7,16.7,16.7,83.3,16.7,83.3,16.7,0.0,0.610591,6,AUDJPY_AMR; CADJPY_AMR; CADJPY_ARB; EURJPY_AMR; GBPJPY_AMR; GBPUSD_MONDAY,5,4,1,72.48062015503875,HIGH,LOW,LOW_to_HIGH
2024-04-16,-0.7558,2,2,2,3,3,100.0,100.0,0.0,0.0,100.0,0.0,100.0,0.0,0.0,0.173203,2,AUDJPY_AMR; EURJPY_AMR,3,2,0,17.183462532299743,LOW,HIGH,HIGH_to_LOW
2024-04-17,0.5787,1,1,1,2,2,100.0,100.0,0.0,0.0,0.0,100.0,100.0,0.0,0.0,0.224646,1,EURJPY_AMR,2,1,0,24.67700258397933,LOW,LOW,LOW_to_LOW
2024-04-18,0.5598,1,1,1,2,2,100.0,100.0,0.0,0.0,100.0,0.0,100.0,0.0,0.0,0.232189,1,EURJPY_AMR,2,1,0,25.839793281653744,LOW,LOW,LOW_to_LOW
2024-04-19,-1.2497,4,4,5,5,5,100.0,100.0,0.0,0.0,100.0,0.0,100.0,0.0,0.0,0.079334,4,AUDJPY_AMR; CADJPY_AMR; EURJPY_AMR; GBPJPY_AMR,5,4,1,7.235142118863049,LOW,LOW,LOW_to_LOW
2024-04-22,1.5553,4,4,4,4,4,75.0,75.0,0.0,25.0,75.0,25.0,100.0,0.0,0.0,0.534835,4,AUDJPY_AMR; CADJPY_AMR; EURJPY_AMR; GBPUSD_MONDAY,3,3,0,64.21188630490956,NORMAL,LOW,LOW_to_NORMAL
2024-04-23,1.0471,2,2,2,2,2,100.0,100.0,0.0,0.0,50.0,50.0,100.0,0.0,0.0,0.074578,2,AUDJPY_AMR; EURJPY_AMR,2,2,0,6.976744186046512,LOW,NORMAL,NORMAL_to_LOW
2024-04-24,-0.1367,3,3,3,3,3,100.0,100.0,0.0,0.0,66.7,33.3,100.0,0.0,0.0,0.161955,3,AUDJPY_AMR; EURJPY_AMR; GBPJPY_AMR,3,3,1,15.11627906976744,LOW,LOW,LOW_to_LOW
2024-04-25,-1.8364,4,4,3,4,4,100.0,75.0,25.0,0.0,25.0,75.0,75.0,25.0,0.0,0.150997,4,AUDJPY_AMR; CADJPY_AMR; CADJPY_ARB; EURJPY_AMR,4,3,0,14.728682170542637,LOW,LOW,LOW_to_LOW
2024-04-26,-0.4801,2,2,3,3,3,100.0,50.0,50.0,0.0,100.0,0.0,50.0,50.0,0.0,0.290149,2,CADJPY_ARB; EURJPY_AMR,3,1,0,34.10852713178294,NORMAL,LOW,LOW_to_NORMAL
2024-04-29,-1.3789,5,5,4,5,5,80.0,60.0,20.0,20.0,20.0,80.0,80.0,20.0,0.0,0.907316,5,AUDJPY_AMR; CADJPY_AMR; CADJPY_ARB; EURJPY_AMR; GBPUSD_MONDAY,4,3,0,95.60723514211887,HIGH,NORMAL,NORMAL_to_HIGH
2024-04-30,0.9283,4,4,4,5,5,100.0,100.0,0.0,0.0,0.0,100.0,100.0,0.0,0.0,0.876197,4,AUDJPY_AMR; CADJPY_AMR; EURJPY_AMR; GBPJPY_AMR,5,4,1,93.66925064599482,HIGH,HIGH,HIGH_to_HIGH
2024-05-01,1.1484,2,2,2,3,3,100.0,100.0,0.0,0.0,100.0,0.0,100.0,0.0,0.0,0.518586,2,AUDJPY_AMR; CADJPY_AMR,3,2,0,62.273901808785524,NORMAL,HIGH,HIGH_to_NORMAL
2024-05-06,0.6848,5,5,5,5,5,80.0,80.0,0.0,20.0,80.0,20.0,100.0,0.0,0.0,0.555916,5,AUDJPY_AMR; CADJPY_AMR; EURJPY_AMR; GBPJPY_AMR; GBPUSD_MONDAY,4,4,1,65.76227390180878,NORMAL,NORMAL,NORMAL_to_NORMAL
2024-05-07,0.6667,4,4,4,4,4,100.0,100.0,0.0,0.0,75.0,25.0,100.0,0.0,0.0,0.147988,4,AUDJPY_AMR; CADJPY_AMR; EURJPY_AMR; GBPJPY_AMR,4,4,1,14.21188630490956,LOW,NORMAL,NORMAL_to_LOW
2024-05-08,1.6662,3,3,3,3,3,100.0,100.0,0.0,0.0,100.0,0.0,100.0,0.0,0.0,0.293547,3,AUDJPY_AMR; CADJPY_AMR; EURJPY_AMR,3,3,0,34.23772609819121,NORMAL,LOW,LOW_to_NORMAL
2024-05-09,2.1999,4,4,4,4,4,100.0,100.0,0.0,0.0,100.0,0.0,100.0,0.0,0.0,0.148357,4,AUDJPY_AMR; CADJPY_AMR; EURJPY_AMR; GBPJPY_AMR,4,4,1,14.34108527131783,LOW,NORMAL,NORMAL_to_LOW
2024-05-10,1.3945,3,3,3,3,3,100.0,100.0,0.0,0.0,100.0,0.0,100.0,0.0,0.0,0.112343,3,AUDJPY_AMR; CADJPY_AMR; EURJPY_AMR,3,3,0,11.11111111111111,LOW,LOW,LOW_to_LOW
2024-05-13,2.9057,5,5,5,5,5,80.0,80.0,0.0,20.0,100.0,0.0,100.0,0.0,0.0,0.112187,5,AUDJPY_AMR; CADJPY_AMR; EURJPY_AMR; GBPJPY_AMR; GBPUSD_MONDAY,4,4,1,10.981912144702841,LOW,LOW,LOW_to_LOW
2024-05-14,-3.036,4,4,4,4,4,100.0,100.0,0.0,0.0,0.0,100.0,100.0,0.0,0.0,0.04312,4,AUDJPY_AMR; CADJPY_AMR; EURJPY_AMR; GBPJPY_AMR,4,4,1,3.10077519379845,LOW,LOW,LOW_to_LOW
2024-05-15,2.1976,4,4,4,4,4,100.0,100.0,0.0,0.0,50.0,50.0,100.0,0.0,0.0,0.07351,4,AUDJPY_AMR; CADJPY_AMR; EURJPY_AMR; GBPJPY_AMR,4,4,1,6.5891472868217065,LOW,LOW,LOW_to_LOW
2024-05-16,-4.3079,4,4,4,4,4,100.0,100.0,0.0,0.0,100.0,0.0,100.0,0.0,0.0,0.588116,4,AUDJPY_AMR; CADJPY_AMR; EURJPY_AMR; GBPJPY_AMR,4,4,1,69.50904392764858,HIGH,LOW,LOW_to_HIGH
2024-05-17,1.1275,2,2,2,2,2,100.0,100.0,0.0,0.0,0.0,100.0,100.0,0.0,0.0,0.220234,2,AUDJPY_AMR; EURJPY_AMR,2,2,0,23.901808785529717,LOW,HIGH,HIGH_to_LOW
2024-05-20,2.6497,5,5,5,5,5,80.0,80.0,0.0,20.0,60.0,40.0,100.0,0.0,0.0,0.282187,5,AUDJPY_AMR; CADJPY_AMR; EURJPY_AMR; GBPJPY_AMR; GBPUSD_MONDAY,4,4,1,33.33333333333333,LOW,LOW,LOW_to_LOW
2024-05-21,1.0296,2,2,2,2,2,100.0,100.0,0.0,0.0,50.0,50.0,100.0,0.0,0.0,0.064819,2,AUDJPY_AMR; CADJPY_AMR,2,2,0,6.072351421188631,LOW,LOW,LOW_to_LOW
2024-05-22,-1.85,3,3,3,3,3,100.0,100.0,0.0,0.0,33.3,66.7,100.0,0.0,0.0,0.109174,3,AUDJPY_AMR; CADJPY_AMR; EURJPY_AMR,3,3,0,10.335917312661499,LOW,LOW,LOW_to_LOW
2024-05-23,1.0628,2,2,2,2,2,100.0,100.0,0.0,0.0,0.0,100.0,100.0,0.0,0.0,0.160991,2,CADJPY_AMR; EURJPY_AMR,2,2,0,14.987080103359174,LOW,LOW,LOW_to_LOW
2024-05-24,0.5325,1,1,1,1,1,100.0,100.0,0.0,0.0,100.0,0.0,100.0,0.0,0.0,0.183438,1,AUDJPY_AMR,1,1,0,17.958656330749353,LOW,LOW,LOW_to_LOW
2024-05-27,1.9133,4,4,4,4,4,75.0,75.0,0.0,25.0,100.0,0.0,100.0,0.0,0.0,0.180354,4,AUDJPY_AMR; CADJPY_AMR; EURJPY_AMR; GBPUSD_MONDAY,3,3,0,17.700258397932817,LOW,LOW,LOW_to_LOW
2024-05-28,1.4104,3,3,3,3,3,100.0,100.0,0.0,0.0,66.7,33.3,100.0,0.0,0.0,0.050303,3,AUDJPY_AMR; CADJPY_AMR; EURJPY_AMR,3,3,0,4.1343669250646,LOW,LOW,LOW_to_LOW
2024-05-29,2.3798,3,3,2,3,3,100.0,66.7,33.3,0.0,0.0,100.0,66.7,33.3,0.0,0.059166,3,CADJPY_AMR; CADJPY_ARB; EURJPY_AMR,3,2,0,5.167958656330749,LOW,LOW,LOW_to_LOW
2024-05-30,-5.3744,5,5,5,6,6,100.0,80.0,20.0,0.0,80.0,20.0,80.0,20.0,0.0,0.143645,5,AUDJPY_AMR; CADJPY_AMR; CADJPY_ARB; EURJPY_AMR; GBPJPY_AMR,6,4,1,13.695090439276486,LOW,LOW,LOW_to_LOW
2024-05-31,2.2745,4,4,5,5,5,100.0,100.0,0.0,0.0,100.0,0.0,100.0,0.0,0.0,0.21698,4,AUDJPY_AMR; CADJPY_AMR; EURJPY_AMR; GBPJPY_AMR,5,4,1,23.126614987080103,LOW,LOW,LOW_to_LOW
2024-06-03,1.1835,2,2,2,2,2,50.0,50.0,0.0,50.0,50.0,50.0,100.0,0.0,0.0,0.452133,2,EURJPY_AMR; GBPUSD_MONDAY,1,1,0,54.52196382428941,NORMAL,LOW,LOW_to_NORMAL
2024-06-04,1.1998,2,2,2,2,2,100.0,100.0,0.0,0.0,0.0,100.0,100.0,0.0,0.0,0.566101,2,CADJPY_AMR; EURJPY_AMR,2,2,0,67.05426356589147,HIGH,NORMAL,NORMAL_to_HIGH
2024-06-05,-4.2628,5,5,4,5,5,100.0,80.0,20.0,0.0,20.0,80.0,80.0,20.0,0.0,0.413234,5,AUDJPY_AMR; CADJPY_AMR; CADJPY_ARB; EURJPY_AMR; GBPJPY_AMR,5,4,1,49.09560723514212,NORMAL,HIGH,HIGH_to_NORMAL
2024-06-06,0.0503,3,3,3,4,4,100.0,100.0,0.0,0.0,100.0,0.0,100.0,0.0,0.0,0.242174,3,AUDJPY_AMR; CADJPY_AMR; EURJPY_AMR,4,3,0,26.614987080103358,LOW,NORMAL,NORMAL_to_LOW
2024-06-07,2.4414,4,4,5,5,5,100.0,100.0,0.0,0.0,0.0,100.0,100.0,0.0,0.0,0.272343,4,AUDJPY_AMR; CADJPY_AMR; EURJPY_AMR; GBPJPY_AMR,5,4,1,32.17054263565892,LOW,LOW,LOW_to_LOW
2024-06-10,-0.808,5,5,5,5,5,80.0,80.0,0.0,20.0,40.0,60.0,100.0,0.0,0.0,0.582911,5,AUDJPY_AMR; CADJPY_AMR; EURJPY_AMR; GBPJPY_AMR; GBPUSD_MONDAY,4,4,1,69.12144702842377,HIGH,LOW,LOW_to_HIGH
2024-06-11,-2.7076,4,4,4,4,4,100.0,75.0,25.0,0.0,50.0,50.0,75.0,25.0,0.0,0.121383,4,CADJPY_AMR; CADJPY_ARB; EURJPY_AMR; GBPJPY_AMR,4,3,1,12.015503875968992,LOW,HIGH,HIGH_to_LOW
2024-06-12,0.3651,4,4,4,4,4,100.0,75.0,25.0,0.0,25.0,75.0,75.0,25.0,0.0,0.094044,4,AUDJPY_AMR; CADJPY_AMR; CADJPY_ARB; EURJPY_AMR,4,3,0,8.785529715762273,LOW,LOW,LOW_to_LOW
2024-06-14,0.1604,3,3,3,3,3,100.0,66.7,33.3,0.0,66.7,33.3,66.7,33.3,0.0,0.427104,3,AUDJPY_AMR; CADJPY_ARB; EURJPY_AMR,3,2,0,50.64599483204134,NORMAL,LOW,LOW_to_NORMAL
2024-06-17,2.6789,5,5,5,5,5,80.0,80.0,0.0,20.0,20.0,80.0,100.0,0.0,0.0,0.630679,5,AUDJPY_AMR; CADJPY_AMR; EURJPY_AMR; GBPJPY_AMR; GBPUSD_MONDAY,4,4,1,74.28940568475451,HIGH,NORMAL,NORMAL_to_HIGH
2024-06-18,1.4362,3,3,3,3,3,100.0,100.0,0.0,0.0,33.3,66.7,100.0,0.0,0.0,0.097834,3,AUDJPY_AMR; CADJPY_AMR; EURJPY_AMR,3,3,0,9.17312661498708,LOW,HIGH,HIGH_to_LOW
2024-06-19,-0.5867,2,2,2,2,2,100.0,100.0,0.0,0.0,50.0,50.0,100.0,0.0,0.0,0.044931,2,AUDJPY_AMR; EURJPY_AMR,2,2,0,3.488372093023256,LOW,LOW,LOW_to_LOW
2024-06-20,0.4869,1,1,1,1,1,100.0,100.0,0.0,0.0,0.0,100.0,100.0,0.0,0.0,0.059704,1,EURJPY_AMR,1,1,0,5.297157622739018,LOW,LOW,LOW_to_LOW
2024-06-21,-1.1732,4,4,4,4,4,100.0,100.0,0.0,0.0,0.0,100.0,100.0,0.0,0.0,0.093193,4,AUDJPY_AMR; CADJPY_AMR; EURJPY_AMR; GBPJPY_AMR,4,4,1,8.656330749354005,LOW,LOW,LOW_to_LOW
2024-06-24,0.9851,2,2,2,2,2,50.0,50.0,0.0,50.0,50.0,50.0,100.0,0.0,0.0,0.215838,2,AUDJPY_AMR; GBPUSD_MONDAY,1,1,0,22.739018087855296,LOW,LOW,LOW_to_LOW
2024-06-25,0.8327,4,4,4,4,4,100.0,100.0,0.0,0.0,100.0,0.0,100.0,0.0,0.0,0.231098,4,AUDJPY_AMR; CADJPY_AMR; EURJPY_AMR; GBPJPY_AMR,4,4,1,25.452196382428944,LOW,LOW,LOW_to_LOW
2024-06-26,1.0421,2,2,2,2,2,100.0,100.0,0.0,0.0,100.0,0.0,100.0,0.0,0.0,0.049408,2,AUDJPY_AMR; EURJPY_AMR,2,2,0,3.875968992248062,LOW,LOW,LOW_to_LOW
2024-06-27,-0.9593,4,4,4,4,4,100.0,100.0,0.0,0.0,100.0,0.0,100.0,0.0,0.0,0.214597,4,AUDJPY_AMR; CADJPY_AMR; EURJPY_AMR; GBPJPY_AMR,4,4,1,22.35142118863049,LOW,LOW,LOW_to_LOW
2024-06-28,2.4812,4,4,4,4,4,100.0,100.0,0.0,0.0,0.0,100.0,100.0,0.0,0.0,0.18048,4,AUDJPY_AMR; CADJPY_AMR; EURJPY_AMR; GBPJPY_AMR,4,4,1,17.829457364341085,LOW,LOW,LOW_to_LOW
2024-07-01,-1.6367,4,4,4,4,4,75.0,75.0,0.0,25.0,25.0,75.0,100.0,0.0,0.0,0.486415,4,CADJPY_AMR; EURJPY_AMR; GBPJPY_AMR; GBPUSD_MONDAY,3,3,1,58.39793281653747,NORMAL,LOW,LOW_to_NORMAL
2024-07-02,1.0465,2,2,2,2,2,100.0,100.0,0.0,0.0,0.0,100.0,100.0,0.0,0.0,0.148681,2,CADJPY_AMR; EURJPY_AMR,2,2,0,14.470284237726098,LOW,NORMAL,NORMAL_to_LOW
2024-07-03,-4.255,4,4,3,4,4,100.0,75.0,25.0,0.0,25.0,75.0,75.0,25.0,0.0,0.412708,4,AUDJPY_AMR; CADJPY_AMR; CADJPY_ARB; GBPJPY_AMR,4,3,1,48.96640826873385,NORMAL,LOW,LOW_to_NORMAL
2024-07-04,-1.0642,1,1,1,2,2,100.0,100.0,0.0,0.0,100.0,0.0,100.0,0.0,0.0,0.443463,1,EURJPY_AMR,2,1,0,52.97157622739018,NORMAL,NORMAL,NORMAL_to_NORMAL
2024-07-05,1.4289,3,3,4,4,4,100.0,100.0,0.0,0.0,0.0,100.0,100.0,0.0,0.0,0.053672,3,AUDJPY_AMR; CADJPY_AMR; EURJPY_AMR,4,3,0,4.3927648578811365,LOW,NORMAL,NORMAL_to_LOW
2024-07-08,2.7182,5,5,5,5,5,80.0,80.0,0.0,20.0,100.0,0.0,100.0,0.0,0.0,0.3925,5,AUDJPY_AMR; CADJPY_AMR; EURJPY_AMR; GBPJPY_AMR; GBPUSD_MONDAY,4,4,1,46.64082687338501,NORMAL,LOW,LOW_to_NORMAL
2024-07-09,-1.1839,4,4,4,4,4,100.0,100.0,0.0,0.0,0.0,100.0,100.0,0.0,0.0,0.041756,4,AUDJPY_AMR; CADJPY_AMR; EURJPY_AMR; GBPJPY_AMR,4,4,1,2.454780361757106,LOW,NORMAL,NORMAL_to_LOW
2024-07-10,-1.902,3,3,3,3,3,100.0,100.0,0.0,0.0,33.3,66.7,100.0,0.0,0.0,0.068465,3,AUDJPY_AMR; CADJPY_AMR; EURJPY_AMR,3,3,0,6.330749354005167,LOW,LOW,LOW_to_LOW
2024-07-11,1.5071,3,3,3,3,3,100.0,100.0,0.0,0.0,100.0,0.0,100.0,0.0,0.0,0.045201,3,AUDJPY_AMR; CADJPY_AMR; EURJPY_AMR,3,3,0,3.6175710594315245,LOW,LOW,LOW_to_LOW
2024-07-12,0.9277,4,4,4,4,4,100.0,100.0,0.0,0.0,0.0,100.0,100.0,0.0,0.0,0.822693,4,AUDJPY_AMR; CADJPY_AMR; EURJPY_AMR; GBPJPY_AMR,4,4,1,90.82687338501292,HIGH,LOW,LOW_to_HIGH
2024-07-15,3.4801,5,5,4,5,5,80.0,60.0,20.0,20.0,40.0,60.0,80.0,20.0,0.0,0.656948,5,AUDJPY_AMR; CADJPY_AMR; CADJPY_ARB; EURJPY_AMR; GBPUSD_MONDAY,4,3,0,76.74418604651163,HIGH,HIGH,HIGH_to_HIGH
2024-07-16,-0.469,2,2,1,3,3,100.0,100.0,0.0,0.0,0.0,100.0,100.0,0.0,0.0,0.394653,2,CADJPY_AMR; EURJPY_AMR,3,2,0,46.770025839793284,NORMAL,HIGH,HIGH_to_NORMAL
2024-07-17,0.9531,2,2,4,4,4,100.0,100.0,0.0,0.0,50.0,50.0,100.0,0.0,0.0,0.100457,2,AUDJPY_AMR; CADJPY_AMR,4,3,0,9.689922480620156,LOW,NORMAL,NORMAL_to_LOW
2024-07-18,-4.2386,4,4,4,4,4,100.0,100.0,0.0,0.0,100.0,0.0,100.0,0.0,0.0,0.796314,4,AUDJPY_AMR; CADJPY_AMR; EURJPY_AMR; GBPJPY_AMR,4,4,1,89.92248062015504,HIGH,LOW,LOW_to_HIGH
2024-07-19,-2.8009,4,4,4,4,4,100.0,75.0,25.0,0.0,100.0,0.0,75.0,25.0,0.0,0.351176,4,AUDJPY_AMR; CADJPY_AMR; CADJPY_ARB; EURJPY_AMR,4,3,0,42.89405684754522,NORMAL,HIGH,HIGH_to_NORMAL
2024-07-22,3.001,6,6,6,6,6,83.3,66.7,16.7,16.7,50.0,50.0,83.3,16.7,0.0,0.309375,6,AUDJPY_AMR; CADJPY_AMR; CADJPY_ARB; EURJPY_AMR; GBPJPY_AMR; GBPUSD_MONDAY,5,4,1,36.69250645994832,NORMAL,NORMAL,NORMAL_to_NORMAL
2024-07-23,0.0454,3,3,3,3,3,100.0,100.0,0.0,0.0,100.0,0.0,100.0,0.0,0.0,0.261413,3,AUDJPY_AMR; CADJPY_AMR; EURJPY_AMR,3,3,0,30.490956072351423,LOW,NORMAL,NORMAL_to_LOW
2024-07-24,2.0535,5,5,4,5,5,100.0,80.0,20.0,0.0,20.0,80.0,80.0,20.0,0.0,0.280789,5,AUDJPY_AMR; CADJPY_AMR; CADJPY_ARB; EURJPY_AMR; GBPJPY_AMR,5,4,1,33.20413436692506,LOW,LOW,LOW_to_LOW
2024-07-25,-0.9515,4,4,5,5,5,100.0,100.0,0.0,0.0,100.0,0.0,100.0,0.0,0.0,0.662408,4,AUDJPY_AMR; CADJPY_AMR; EURJPY_AMR; GBPJPY_AMR,5,4,1,77.39018087855297,HIGH,LOW,LOW_to_HIGH
2024-07-26,-2.6468,4,4,4,4,4,100.0,100.0,0.0,0.0,100.0,0.0,100.0,0.0,0.0,0.852853,4,AUDJPY_AMR; CADJPY_AMR; EURJPY_AMR; GBPJPY_AMR,4,4,1,92.63565891472868,HIGH,HIGH,HIGH_to_HIGH
2024-07-29,0.7441,5,5,5,5,5,80.0,80.0,0.0,20.0,60.0,40.0,100.0,0.0,0.0,0.609426,5,AUDJPY_AMR; CADJPY_AMR; EURJPY_AMR; GBPJPY_AMR; GBPUSD_MONDAY,4,4,1,72.3514211886305,HIGH,HIGH,HIGH_to_HIGH
2024-07-30,-3.7495,5,5,5,5,5,100.0,80.0,20.0,0.0,80.0,20.0,80.0,20.0,0.0,0.435006,5,AUDJPY_AMR; CADJPY_AMR; CADJPY_ARB; EURJPY_AMR; GBPJPY_AMR,5,4,1,51.55038759689923,NORMAL,HIGH,HIGH_to_NORMAL
2024-07-31,0.2176,3,3,3,3,3,100.0,100.0,0.0,0.0,100.0,0.0,100.0,0.0,0.0,0.917554,3,AUDJPY_AMR; CADJPY_AMR; EURJPY_AMR,3,3,0,96.51162790697676,HIGH,NORMAL,NORMAL_to_HIGH
2024-08-01,-2.4522,4,4,4,4,4,100.0,100.0,0.0,0.0,100.0,0.0,100.0,0.0,0.0,0.968125,4,AUDJPY_AMR; CADJPY_AMR; EURJPY_AMR; GBPJPY_AMR,4,4,1,98.44961240310077,HIGH,HIGH,HIGH_to_HIGH
2024-08-02,0.208,3,3,3,3,3,100.0,100.0,0.0,0.0,100.0,0.0,100.0,0.0,0.0,0.924363,3,AUDJPY_AMR; CADJPY_AMR; EURJPY_AMR,3,3,0,96.77002583979328,HIGH,HIGH,HIGH_to_HIGH
2024-08-05,-6.1947,6,6,5,6,6,83.3,66.7,16.7,16.7,83.3,16.7,83.3,16.7,0.0,0.935642,6,AUDJPY_AMR; CADJPY_AMR; CADJPY_ARB; EURJPY_AMR; GBPJPY_AMR; GBPUSD_MONDAY,5,4,1,97.1576227390181,HIGH,HIGH,HIGH_to_HIGH
2024-08-06,-4.0812,4,4,5,5,5,100.0,100.0,0.0,0.0,0.0,100.0,100.0,0.0,0.0,0.990755,4,AUDJPY_AMR; CADJPY_AMR; EURJPY_AMR; GBPJPY_AMR,5,4,1,99.6124031007752,HIGH,HIGH,HIGH_to_HIGH
2024-08-07,0.7661,5,5,4,5,5,100.0,80.0,20.0,0.0,80.0,20.0,80.0,20.0,0.0,0.985036,5,AUDJPY_AMR; CADJPY_AMR; CADJPY_ARB; EURJPY_AMR; GBPJPY_AMR,5,4,1,99.35400516795866,HIGH,HIGH,HIGH_to_HIGH
2024-08-08,1.0274,4,4,4,5,5,100.0,100.0,0.0,0.0,100.0,0.0,100.0,0.0,0.0,0.957795,4,AUDJPY_AMR; CADJPY_AMR; EURJPY_AMR; GBPJPY_AMR,5,4,1,97.9328165374677,HIGH,HIGH,HIGH_to_HIGH
2024-08-09,2.6634,4,4,5,5,5,100.0,100.0,0.0,0.0,0.0,100.0,100.0,0.0,0.0,0.877123,4,AUDJPY_AMR; CADJPY_AMR; EURJPY_AMR; GBPJPY_AMR,5,4,1,93.92764857881137,HIGH,HIGH,HIGH_to_HIGH
2024-08-12,-0.258,6,6,5,6,6,83.3,66.7,16.7,16.7,83.3,16.7,83.3,16.7,0.0,0.604875,6,AUDJPY_AMR; CADJPY_AMR; CADJPY_ARB; EURJPY_AMR; GBPJPY_AMR; GBPUSD_MONDAY,5,4,1,71.9638242894057,HIGH,HIGH,HIGH_to_HIGH
2024-08-13,1.733,3,3,3,4,4,100.0,100.0,0.0,0.0,100.0,0.0,100.0,0.0,0.0,0.638722,3,AUDJPY_AMR; CADJPY_AMR; EURJPY_AMR,4,3,0,75.5813953488372,HIGH,HIGH,HIGH_to_HIGH
2024-08-14,0.8547,4,4,5,5,5,100.0,100.0,0.0,0.0,0.0,100.0,100.0,0.0,0.0,0.599933,4,AUDJPY_AMR; CADJPY_AMR; EURJPY_AMR; GBPJPY_AMR,5,4,1,70.80103359173127,HIGH,HIGH,HIGH_to_HIGH
2024-08-15,0.5722,1,1,1,1,1,100.0,100.0,0.0,0.0,0.0,100.0,100.0,0.0,0.0,0.663555,1,EURJPY_AMR,1,1,0,77.6485788113695,HIGH,HIGH,HIGH_to_HIGH
2024-08-16,0.5998,1,1,1,1,1,100.0,100.0,0.0,0.0,0.0,100.0,100.0,0.0,0.0,0.448403,1,EURJPY_AMR,1,1,0,53.746770025839794,NORMAL,HIGH,HIGH_to_NORMAL
2024-08-19,-0.4864,6,6,5,6,6,83.3,66.7,16.7,16.7,16.7,83.3,83.3,16.7,0.0,0.608815,6,AUDJPY_AMR; CADJPY_AMR; CADJPY_ARB; EURJPY_AMR; GBPJPY_AMR; GBPUSD_MONDAY,5,4,1,72.22222222222221,HIGH,NORMAL,NORMAL_to_HIGH
2024-08-20,2.4792,4,4,4,5,5,100.0,100.0,0.0,0.0,0.0,100.0,100.0,0.0,0.0,0.45162,4,AUDJPY_AMR; CADJPY_AMR; EURJPY_AMR; GBPJPY_AMR,5,4,1,54.263565891472865,NORMAL,HIGH,HIGH_to_NORMAL
2024-08-21,2.4725,4,4,4,5,5,100.0,100.0,0.0,0.0,100.0,0.0,100.0,0.0,0.0,0.518734,4,AUDJPY_AMR; CADJPY_AMR; EURJPY_AMR; GBPJPY_AMR,5,4,1,62.532299741602074,NORMAL,NORMAL,NORMAL_to_NORMAL
2024-08-22,1.7942,3,3,3,4,4,100.0,100.0,0.0,0.0,0.0,100.0,100.0,0.0,0.0,0.841711,3,AUDJPY_AMR; CADJPY_AMR; EURJPY_AMR,4,3,0,91.98966408268734,HIGH,NORMAL,NORMAL_to_HIGH
2024-08-23,2.3589,4,4,5,5,5,100.0,100.0,0.0,0.0,100.0,0.0,100.0,0.0,0.0,0.463151,4,AUDJPY_AMR; CADJPY_AMR; EURJPY_AMR; GBPJPY_AMR,5,4,1,55.167958656330754,NORMAL,HIGH,HIGH_to_NORMAL
2024-08-26,-2.5517,5,5,5,5,5,80.0,80.0,0.0,20.0,100.0,0.0,100.0,0.0,0.0,0.897203,5,AUDJPY_AMR; CADJPY_AMR; EURJPY_AMR; GBPJPY_AMR; GBPUSD_MONDAY,4,4,1,94.96124031007753,HIGH,NORMAL,NORMAL_to_HIGH
2024-08-27,-0.5005,2,2,2,2,2,100.0,100.0,0.0,0.0,50.0,50.0,100.0,0.0,0.0,0.376977,2,CADJPY_AMR; EURJPY_AMR,2,2,0,44.832041343669246,NORMAL,HIGH,HIGH_to_NORMAL
2024-08-28,2.3659,4,4,4,4,4,100.0,100.0,0.0,0.0,100.0,0.0,100.0,0.0,0.0,0.387767,4,AUDJPY_AMR; CADJPY_AMR; EURJPY_AMR; GBPJPY_AMR,4,4,1,46.253229974160206,NORMAL,NORMAL,NORMAL_to_NORMAL
2024-08-29,1.8355,4,4,3,4,4,100.0,75.0,25.0,0.0,50.0,50.0,75.0,25.0,0.0,0.761141,4,AUDJPY_AMR; CADJPY_AMR; CADJPY_ARB; EURJPY_AMR,4,3,0,87.46770025839793,HIGH,NORMAL,NORMAL_to_HIGH
2024-08-30,2.4453,4,4,5,5,5,100.0,100.0,0.0,0.0,75.0,25.0,100.0,0.0,0.0,0.588571,4,AUDJPY_AMR; CADJPY_AMR; EURJPY_AMR; GBPJPY_AMR,5,4,1,69.76744186046511,HIGH,HIGH,HIGH_to_HIGH
2024-09-02,0.166,4,4,4,4,4,75.0,75.0,0.0,25.0,50.0,50.0,100.0,0.0,0.0,0.63009,4,AUDJPY_AMR; CADJPY_AMR; EURJPY_AMR; GBPUSD_MONDAY,3,3,0,74.16020671834626,HIGH,HIGH,HIGH_to_HIGH
2024-09-03,0.3144,5,5,4,5,5,100.0,80.0,20.0,0.0,80.0,20.0,80.0,20.0,0.0,0.25776,5,AUDJPY_AMR; CADJPY_AMR; CADJPY_ARB; EURJPY_AMR; GBPJPY_AMR,5,4,1,29.97416020671835,LOW,HIGH,HIGH_to_LOW
2024-09-04,-4.2194,4,4,5,5,5,100.0,100.0,0.0,0.0,100.0,0.0,100.0,0.0,0.0,0.709165,4,AUDJPY_AMR; CADJPY_AMR; EURJPY_AMR; GBPJPY_AMR,5,4,1,82.04134366925064,HIGH,LOW,LOW_to_HIGH
2024-09-05,0.914,4,4,4,4,4,100.0,100.0,0.0,0.0,100.0,0.0,100.0,0.0,0.0,0.695865,4,AUDJPY_AMR; CADJPY_AMR; EURJPY_AMR; GBPJPY_AMR,4,4,1,80.62015503875969,HIGH,HIGH,HIGH_to_HIGH
2024-09-06,1.3756,5,5,5,5,5,100.0,80.0,20.0,0.0,80.0,20.0,80.0,20.0,0.0,0.603611,5,AUDJPY_AMR; CADJPY_AMR; CADJPY_ARB; EURJPY_AMR; GBPJPY_AMR,5,4,1,71.57622739018088,HIGH,HIGH,HIGH_to_HIGH
2024-09-09,2.079,5,5,5,5,5,80.0,80.0,0.0,20.0,100.0,0.0,100.0,0.0,0.0,0.91709,5,AUDJPY_AMR; CADJPY_AMR; EURJPY_AMR; GBPJPY_AMR; GBPUSD_MONDAY,4,4,1,96.38242894056847,HIGH,HIGH,HIGH_to_HIGH
2024-09-10,-0.4633,2,2,2,2,2,100.0,100.0,0.0,0.0,0.0,100.0,100.0,0.0,0.0,0.594611,2,CADJPY_AMR; EURJPY_AMR,2,2,0,70.28423772609818,HIGH,HIGH,HIGH_to_HIGH
2024-09-11,-5.4723,5,5,5,5,5,100.0,80.0,20.0,0.0,80.0,20.0,80.0,20.0,0.0,0.574705,5,AUDJPY_AMR; CADJPY_AMR; CADJPY_ARB; EURJPY_AMR; GBPJPY_AMR,5,4,1,68.08785529715762,HIGH,HIGH,HIGH_to_HIGH
2024-09-12,-2.4501,4,4,4,4,4,100.0,100.0,0.0,0.0,0.0,100.0,100.0,0.0,0.0,0.696519,4,AUDJPY_AMR; CADJPY_AMR; EURJPY_AMR; GBPJPY_AMR,4,4,1,80.74935400516796,HIGH,HIGH,HIGH_to_HIGH
2024-09-13,-4.3133,4,4,4,4,4,100.0,100.0,0.0,0.0,100.0,0.0,100.0,0.0,0.0,0.687864,4,AUDJPY_AMR; CADJPY_AMR; EURJPY_AMR; GBPJPY_AMR,4,4,1,79.71576227390182,HIGH,HIGH,HIGH_to_HIGH
2024-09-16,1.5671,5,5,5,5,5,80.0,80.0,0.0,20.0,100.0,0.0,100.0,0.0,0.0,0.567995,5,AUDJPY_AMR; CADJPY_AMR; EURJPY_AMR; GBPJPY_AMR; GBPUSD_MONDAY,4,4,1,67.44186046511628,HIGH,HIGH,HIGH_to_HIGH
2024-09-17,-0.8825,4,4,4,4,4,100.0,100.0,0.0,0.0,0.0,100.0,100.0,0.0,0.0,0.342047,4,AUDJPY_AMR; CADJPY_AMR; EURJPY_AMR; GBPJPY_AMR,4,4,1,41.21447028423773,NORMAL,HIGH,HIGH_to_NORMAL
2024-09-18,-2.0736,2,2,2,2,2,100.0,50.0,50.0,0.0,50.0,50.0,50.0,50.0,0.0,0.730412,2,CADJPY_ARB; EURJPY_AMR,2,1,0,84.23772609819122,HIGH,NORMAL,NORMAL_to_HIGH
2024-09-19,-4.1302,4,4,4,4,4,100.0,100.0,0.0,0.0,0.0,100.0,100.0,0.0,0.0,0.954357,4,AUDJPY_AMR; CADJPY_AMR; EURJPY_AMR; GBPJPY_AMR,4,4,1,97.67441860465115,HIGH,HIGH,HIGH_to_HIGH
2024-09-20,2.527,4,4,4,4,4,100.0,100.0,0.0,0.0,0.0,100.0,100.0,0.0,0.0,0.758514,4,AUDJPY_AMR; CADJPY_AMR; EURJPY_AMR; GBPJPY_AMR,4,4,1,87.20930232558139,HIGH,HIGH,HIGH_to_HIGH
2024-09-23,0.3426,4,4,4,4,4,75.0,75.0,0.0,25.0,75.0,25.0,100.0,0.0,0.0,0.849875,4,AUDJPY_AMR; CADJPY_AMR; EURJPY_AMR; GBPUSD_MONDAY,3,3,0,92.50645994832041,HIGH,HIGH,HIGH_to_HIGH
2024-09-24,3.5647,4,4,3,4,4,100.0,75.0,25.0,0.0,75.0,25.0,75.0,25.0,0.0,0.666707,4,AUDJPY_AMR; CADJPY_AMR; CADJPY_ARB; EURJPY_AMR,4,3,0,77.90697674418605,HIGH,HIGH,HIGH_to_HIGH
2024-09-25,2.3182,4,4,5,5,5,100.0,100.0,0.0,0.0,75.0,25.0,100.0,0.0,0.0,0.65284,4,AUDJPY_AMR; CADJPY_AMR; EURJPY_AMR; GBPJPY_AMR,5,4,1,76.48578811369508,HIGH,HIGH,HIGH_to_HIGH
2024-09-26,-0.5009,2,2,2,2,2,100.0,100.0,0.0,0.0,50.0,50.0,100.0,0.0,0.0,0.549655,2,CADJPY_AMR; EURJPY_AMR,2,2,0,65.37467700258398,NORMAL,HIGH,HIGH_to_NORMAL
2024-09-27,-3.5044,5,5,5,5,5,100.0,80.0,20.0,0.0,20.0,80.0,80.0,20.0,0.0,0.718452,5,AUDJPY_AMR; CADJPY_AMR; CADJPY_ARB; EURJPY_AMR; GBPJPY_AMR,5,4,1,83.33333333333334,HIGH,NORMAL,NORMAL_to_HIGH
2024-09-30,0.1112,6,6,6,6,6,83.3,66.7,16.7,16.7,33.3,66.7,83.3,16.7,0.0,0.893037,6,AUDJPY_AMR; CADJPY_AMR; CADJPY_ARB; EURJPY_AMR; GBPJPY_AMR; GBPUSD_MONDAY,5,4,1,94.70284237726099,HIGH,HIGH,HIGH_to_HIGH
2024-10-01,-5.3029,5,5,5,5,5,100.0,80.0,20.0,0.0,20.0,80.0,80.0,20.0,0.0,0.786838,5,AUDJPY_AMR; CADJPY_AMR; CADJPY_ARB; EURJPY_AMR; GBPJPY_AMR,5,4,1,89.14728682170544,HIGH,HIGH,HIGH_to_HIGH
2024-10-02,-4.2707,4,4,4,4,4,100.0,100.0,0.0,0.0,0.0,100.0,100.0,0.0,0.0,0.823635,4,AUDJPY_AMR; CADJPY_AMR; EURJPY_AMR; GBPJPY_AMR,4,4,1,90.95607235142118,HIGH,HIGH,HIGH_to_HIGH
2024-10-03,-3.1817,3,3,3,3,3,100.0,100.0,0.0,0.0,0.0,100.0,100.0,0.0,0.0,0.728224,3,AUDJPY_AMR; CADJPY_AMR; EURJPY_AMR,3,3,0,83.8501291989664,HIGH,HIGH,HIGH_to_HIGH
2024-10-04,-2.6837,4,4,4,4,4,100.0,75.0,25.0,0.0,75.0,25.0,75.0,25.0,0.0,0.659913,4,AUDJPY_AMR; CADJPY_AMR; CADJPY_ARB; EURJPY_AMR,4,3,0,77.13178294573643,HIGH,HIGH,HIGH_to_HIGH
2024-10-07,2.3094,5,5,5,5,5,80.0,80.0,0.0,20.0,100.0,0.0,100.0,0.0,0.0,0.711591,5,AUDJPY_AMR; CADJPY_AMR; EURJPY_AMR; GBPJPY_AMR; GBPUSD_MONDAY,4,4,1,82.81653746770026,HIGH,HIGH,HIGH_to_HIGH
2024-10-08,2.6393,4,4,4,4,4,100.0,100.0,0.0,0.0,100.0,0.0,100.0,0.0,0.0,0.776105,4,AUDJPY_AMR; CADJPY_AMR; EURJPY_AMR; GBPJPY_AMR,4,4,1,88.37209302325581,HIGH,HIGH,HIGH_to_HIGH
2024-10-09,1.3682,5,5,4,5,5,100.0,80.0,20.0,0.0,100.0,0.0,80.0,20.0,0.0,0.328184,5,AUDJPY_AMR; CADJPY_AMR; CADJPY_ARB; EURJPY_AMR; GBPJPY_AMR,5,4,1,38.372093023255815,NORMAL,HIGH,HIGH_to_NORMAL
2024-10-10,2.3721,4,4,5,5,5,100.0,100.0,0.0,0.0,100.0,0.0,100.0,0.0,0.0,0.359145,4,AUDJPY_AMR; CADJPY_AMR; EURJPY_AMR; GBPJPY_AMR,5,4,1,43.41085271317829,NORMAL,NORMAL,NORMAL_to_NORMAL
2024-10-11,2.4034,4,4,4,4,4,100.0,100.0,0.0,0.0,25.0,75.0,100.0,0.0,0.0,0.481239,4,AUDJPY_AMR; CADJPY_AMR; EURJPY_AMR; GBPJPY_AMR,4,4,1,57.235142118863045,NORMAL,NORMAL,NORMAL_to_NORMAL
2024-10-14,2.3518,5,5,5,5,5,80.0,80.0,0.0,20.0,100.0,0.0,100.0,0.0,0.0,0.345574,5,AUDJPY_AMR; CADJPY_AMR; EURJPY_AMR; GBPJPY_AMR; GBPUSD_MONDAY,4,4,1,42.248062015503876,NORMAL,NORMAL,NORMAL_to_NORMAL
2024-10-15,-1.064,4,4,4,4,4,100.0,100.0,0.0,0.0,100.0,0.0,100.0,0.0,0.0,0.258883,4,AUDJPY_AMR; CADJPY_AMR; EURJPY_AMR; GBPJPY_AMR,4,4,1,30.103359173126616,LOW,NORMAL,NORMAL_to_LOW
2024-10-16,2.2115,5,5,4,5,5,100.0,80.0,20.0,0.0,100.0,0.0,80.0,20.0,0.0,0.466276,5,AUDJPY_AMR; CADJPY_AMR; CADJPY_ARB; EURJPY_AMR; GBPJPY_AMR,5,4,1,55.297157622739014,NORMAL,LOW,LOW_to_NORMAL
2024-10-17,1.7194,3,3,3,4,4,100.0,100.0,0.0,0.0,100.0,0.0,100.0,0.0,0.0,0.185196,3,AUDJPY_AMR; CADJPY_AMR; EURJPY_AMR,4,3,0,18.087855297157624,LOW,NORMAL,NORMAL_to_LOW
2024-10-18,0.5442,4,4,5,5,5,100.0,100.0,0.0,0.0,100.0,0.0,100.0,0.0,0.0,0.226564,4,AUDJPY_AMR; CADJPY_AMR; EURJPY_AMR; GBPJPY_AMR,5,4,1,24.935400516795866,LOW,LOW,LOW_to_LOW
2024-10-21,1.7194,5,5,5,5,5,80.0,80.0,0.0,20.0,40.0,60.0,100.0,0.0,0.0,0.360852,5,AUDJPY_AMR; CADJPY_AMR; EURJPY_AMR; GBPJPY_AMR; GBPUSD_MONDAY,4,4,1,43.54005167958656,NORMAL,LOW,LOW_to_NORMAL
2024-10-22,1.6288,3,3,3,3,3,100.0,100.0,0.0,0.0,100.0,0.0,100.0,0.0,0.0,0.347147,3,AUDJPY_AMR; CADJPY_AMR; EURJPY_AMR,3,3,0,42.50645994832041,NORMAL,NORMAL,NORMAL_to_NORMAL
2024-10-23,-3.1952,5,5,4,5,5,100.0,80.0,20.0,0.0,20.0,80.0,80.0,20.0,0.0,0.226167,5,AUDJPY_AMR; CADJPY_AMR; CADJPY_ARB; EURJPY_AMR; GBPJPY_AMR,5,4,1,24.8062015503876,LOW,NORMAL,NORMAL_to_LOW
2024-10-24,-1.0875,1,1,1,2,2,100.0,100.0,0.0,0.0,100.0,0.0,100.0,0.0,0.0,0.532966,1,EURJPY_AMR,2,1,0,63.95348837209303,NORMAL,LOW,LOW_to_NORMAL
2024-10-25,1.8928,3,3,4,4,4,100.0,100.0,0.0,0.0,33.3,66.7,100.0,0.0,0.0,0.518663,3,AUDJPY_AMR; CADJPY_AMR; GBPJPY_AMR,4,3,1,62.4031007751938,NORMAL,NORMAL,NORMAL_to_NORMAL
2024-10-28,-4.0841,5,5,5,5,5,80.0,80.0,0.0,20.0,20.0,80.0,100.0,0.0,0.0,0.634846,5,AUDJPY_AMR; CADJPY_AMR; EURJPY_AMR; GBPJPY_AMR; GBPUSD_MONDAY,4,4,1,74.93540051679587,HIGH,NORMAL,NORMAL_to_HIGH
2024-10-29,-5.7746,5,5,5,5,5,100.0,80.0,20.0,0.0,80.0,20.0,80.0,20.0,0.0,0.302071,5,AUDJPY_AMR; CADJPY_AMR; CADJPY_ARB; EURJPY_AMR; GBPJPY_AMR,5,4,1,35.5297157622739,NORMAL,HIGH,HIGH_to_NORMAL
2024-10-30,1.4804,3,3,3,3,3,100.0,100.0,0.0,0.0,100.0,0.0,100.0,0.0,0.0,0.2956,3,AUDJPY_AMR; CADJPY_AMR; EURJPY_AMR,3,3,0,34.883720930232556,NORMAL,NORMAL,NORMAL_to_NORMAL
2024-10-31,0.8728,3,3,2,3,3,100.0,66.7,33.3,0.0,66.7,33.3,66.7,33.3,0.0,0.523609,3,AUDJPY_AMR; CADJPY_ARB; EURJPY_AMR,3,2,0,63.17829457364341,NORMAL,NORMAL,NORMAL_to_NORMAL
2024-11-01,-2.1597,2,2,3,3,3,100.0,100.0,0.0,0.0,0.0,100.0,100.0,0.0,0.0,0.831108,2,CADJPY_AMR; EURJPY_AMR,3,2,0,91.21447028423772,HIGH,NORMAL,NORMAL_to_HIGH
2024-11-04,-1.6176,4,4,3,4,4,75.0,75.0,0.0,25.0,100.0,0.0,100.0,0.0,0.0,0.793001,4,CADJPY_AMR; EURJPY_AMR; GBPJPY_AMR; GBPUSD_MONDAY,3,3,1,89.53488372093024,HIGH,HIGH,HIGH_to_HIGH
2024-11-05,-0.017,3,3,4,4,4,100.0,100.0,0.0,0.0,66.7,33.3,100.0,0.0,0.0,0.342807,3,AUDJPY_AMR; EURJPY_AMR; GBPJPY_AMR,4,4,1,41.343669250645995,NORMAL,HIGH,HIGH_to_NORMAL
2024-11-06,1.7705,3,3,3,3,3,100.0,100.0,0.0,0.0,0.0,100.0,100.0,0.0,0.0,0.71766,3,AUDJPY_AMR; CADJPY_AMR; EURJPY_AMR,3,3,0,83.0749354005168,HIGH,NORMAL,NORMAL_to_HIGH
2024-11-07,0.0729,3,3,3,3,3,100.0,100.0,0.0,0.0,66.7,33.3,100.0,0.0,0.0,0.645424,3,AUDJPY_AMR; CADJPY_AMR; EURJPY_AMR,3,3,0,75.96899224806202,HIGH,HIGH,HIGH_to_HIGH
2024-11-08,1.1521,2,2,2,2,2,100.0,100.0,0.0,0.0,0.0,100.0,100.0,0.0,0.0,0.639633,2,AUDJPY_AMR; EURJPY_AMR,2,2,0,75.71059431524549,HIGH,HIGH,HIGH_to_HIGH
2024-11-11,-4.6122,5,5,5,5,5,80.0,80.0,0.0,20.0,20.0,80.0,100.0,0.0,0.0,0.78902,5,AUDJPY_AMR; CADJPY_AMR; EURJPY_AMR; GBPJPY_AMR; GBPUSD_MONDAY,4,4,1,89.27648578811369,HIGH,HIGH,HIGH_to_HIGH
2024-11-12,2.2893,4,4,4,4,4,100.0,100.0,0.0,0.0,75.0,25.0,100.0,0.0,0.0,0.217687,4,AUDJPY_AMR; CADJPY_AMR; EURJPY_AMR; GBPJPY_AMR,4,4,1,23.25581395348837,LOW,HIGH,HIGH_to_LOW
2024-11-13,2.3321,4,4,4,4,4,100.0,100.0,0.0,0.0,100.0,0.0,100.0,0.0,0.0,0.396388,4,AUDJPY_AMR; CADJPY_AMR; EURJPY_AMR; GBPJPY_AMR,4,4,1,47.15762273901809,NORMAL,LOW,LOW_to_NORMAL
2024-11-14,1.7351,3,3,3,3,3,100.0,100.0,0.0,0.0,33.3,66.7,100.0,0.0,0.0,0.570452,3,AUDJPY_AMR; CADJPY_AMR; EURJPY_AMR,3,3,0,67.70025839793283,HIGH,NORMAL,NORMAL_to_HIGH
2024-11-15,0.8989,5,5,5,5,5,100.0,80.0,20.0,0.0,0.0,100.0,80.0,20.0,0.0,0.542032,5,AUDJPY_AMR; CADJPY_AMR; CADJPY_ARB; EURJPY_AMR; GBPJPY_AMR,5,4,1,64.72868217054264,NORMAL,HIGH,HIGH_to_NORMAL
2024-11-18,3.1118,5,5,5,5,5,80.0,80.0,0.0,20.0,20.0,80.0,100.0,0.0,0.0,0.892842,5,AUDJPY_AMR; CADJPY_AMR; EURJPY_AMR; GBPJPY_AMR; GBPUSD_MONDAY,4,4,1,94.57364341085271,HIGH,NORMAL,NORMAL_to_HIGH
2024-11-19,-2.5785,4,4,4,4,4,100.0,100.0,0.0,0.0,100.0,0.0,100.0,0.0,0.0,0.444595,4,AUDJPY_AMR; CADJPY_AMR; EURJPY_AMR; GBPJPY_AMR,4,4,1,53.229974160206716,NORMAL,HIGH,HIGH_to_NORMAL
2024-11-20,-5.3587,5,5,5,5,5,100.0,80.0,20.0,0.0,20.0,80.0,80.0,20.0,0.0,0.657567,5,AUDJPY_AMR; CADJPY_AMR; CADJPY_ARB; EURJPY_AMR; GBPJPY_AMR,5,4,1,76.8733850129199,HIGH,NORMAL,NORMAL_to_HIGH
2024-11-21,0.8315,5,5,4,5,5,100.0,80.0,20.0,0.0,80.0,20.0,80.0,20.0,0.0,0.678534,5,AUDJPY_AMR; CADJPY_AMR; CADJPY_ARB; EURJPY_AMR; GBPJPY_AMR,5,4,1,78.68217054263566,HIGH,HIGH,HIGH_to_HIGH
2024-11-22,-0.7608,4,4,5,5,5,100.0,100.0,0.0,0.0,100.0,0.0,100.0,0.0,0.0,0.612481,4,AUDJPY_AMR; CADJPY_AMR; EURJPY_AMR; GBPJPY_AMR,5,4,1,72.86821705426357,HIGH,HIGH,HIGH_to_HIGH
2024-11-25,2.4557,5,5,5,5,5,80.0,80.0,0.0,20.0,60.0,40.0,100.0,0.0,0.0,0.775566,5,AUDJPY_AMR; CADJPY_AMR; EURJPY_AMR; GBPJPY_AMR; GBPUSD_MONDAY,4,4,1,88.24289405684755,HIGH,HIGH,HIGH_to_HIGH
2024-11-26,-4.3838,4,4,4,4,4,100.0,100.0,0.0,0.0,100.0,0.0,100.0,0.0,0.0,0.594955,4,AUDJPY_AMR; CADJPY_AMR; EURJPY_AMR; GBPJPY_AMR,4,4,1,70.41343669250647,HIGH,HIGH,HIGH_to_HIGH
2024-11-27,1.9446,5,5,4,5,5,100.0,80.0,20.0,0.0,40.0,60.0,80.0,20.0,0.0,0.734239,5,AUDJPY_AMR; CADJPY_AMR; CADJPY_ARB; EURJPY_AMR; GBPJPY_AMR,5,4,1,84.75452196382429,HIGH,HIGH,HIGH_to_HIGH
2024-11-28,-0.7698,4,4,3,5,5,100.0,100.0,0.0,0.0,0.0,100.0,100.0,0.0,0.0,0.718007,4,AUDJPY_AMR; CADJPY_AMR; EURJPY_AMR; GBPJPY_AMR,5,4,1,83.20413436692506,HIGH,HIGH,HIGH_to_HIGH
2024-11-29,-1.2384,4,4,6,6,6,100.0,100.0,0.0,0.0,100.0,0.0,100.0,0.0,0.0,0.384284,4,AUDJPY_AMR; CADJPY_AMR; EURJPY_AMR; GBPJPY_AMR,6,5,1,45.73643410852713,NORMAL,HIGH,HIGH_to_NORMAL
2024-12-02,-0.8927,6,6,6,6,6,83.3,66.7,16.7,16.7,66.7,33.3,83.3,16.7,0.0,0.747408,6,AUDJPY_AMR; CADJPY_AMR; CADJPY_ARB; EURJPY_AMR; GBPJPY_AMR; GBPUSD_MONDAY,5,4,1,86.82170542635659,HIGH,NORMAL,NORMAL_to_HIGH
2024-12-03,-1.0168,4,4,4,4,4,100.0,100.0,0.0,0.0,0.0,100.0,100.0,0.0,0.0,0.666809,4,AUDJPY_AMR; CADJPY_AMR; EURJPY_AMR; GBPJPY_AMR,4,4,1,78.0361757105943,HIGH,HIGH,HIGH_to_HIGH
2024-12-04,-0.1395,5,5,4,5,5,100.0,80.0,20.0,0.0,40.0,60.0,80.0,20.0,0.0,0.708321,5,AUDJPY_AMR; CADJPY_AMR; CADJPY_ARB; EURJPY_AMR; GBPJPY_AMR,5,4,1,81.91214470284238,HIGH,HIGH,HIGH_to_HIGH
2024-12-05,1.8194,3,3,3,4,4,100.0,100.0,0.0,0.0,66.7,33.3,100.0,0.0,0.0,0.80427,3,AUDJPY_AMR; CADJPY_AMR; EURJPY_AMR,4,3,0,90.31007751937985,HIGH,HIGH,HIGH_to_HIGH
2024-12-06,0.7102,4,4,5,5,5,100.0,100.0,0.0,0.0,50.0,50.0,100.0,0.0,0.0,0.560334,4,AUDJPY_AMR; CADJPY_AMR; EURJPY_AMR; GBPJPY_AMR,5,4,1,66.27906976744185,NORMAL,HIGH,HIGH_to_NORMAL
2024-12-09,2.0565,4,4,4,4,4,75.0,75.0,0.0,25.0,100.0,0.0,100.0,0.0,0.0,0.714424,4,CADJPY_AMR; EURJPY_AMR; GBPJPY_AMR; GBPUSD_MONDAY,3,3,1,82.94573643410853,HIGH,NORMAL,NORMAL_to_HIGH
2024-12-10,-1.0873,1,1,1,1,1,100.0,100.0,0.0,0.0,100.0,0.0,100.0,0.0,0.0,0.683877,1,AUDJPY_AMR,1,1,0,79.32816537467701,HIGH,HIGH,HIGH_to_HIGH
2024-12-11,-3.3726,3,3,3,3,3,100.0,100.0,0.0,0.0,100.0,0.0,100.0,0.0,0.0,0.243439,3,AUDJPY_AMR; EURJPY_AMR; GBPJPY_AMR,3,3,1,27.002583979328165,LOW,HIGH,HIGH_to_LOW
2024-12-12,0.6992,4,4,4,4,4,100.0,75.0,25.0,0.0,100.0,0.0,75.0,25.0,0.0,0.597876,4,AUDJPY_AMR; CADJPY_AMR; CADJPY_ARB; EURJPY_AMR,4,3,0,70.54263565891473,HIGH,LOW,LOW_to_HIGH
2024-12-13,2.4853,4,4,4,4,4,100.0,100.0,0.0,0.0,0.0,100.0,100.0,0.0,0.0,0.60585,4,AUDJPY_AMR; CADJPY_AMR; EURJPY_AMR; GBPJPY_AMR,4,4,1,72.09302325581395,HIGH,HIGH,HIGH_to_HIGH
2024-12-16,-0.3731,5,5,5,5,5,80.0,80.0,0.0,20.0,60.0,40.0,100.0,0.0,0.0,0.467677,5,AUDJPY_AMR; CADJPY_AMR; EURJPY_AMR; GBPJPY_AMR; GBPUSD_MONDAY,4,4,1,55.55555555555556,NORMAL,HIGH,HIGH_to_NORMAL
2024-12-17,0.0408,3,3,3,3,3,100.0,100.0,0.0,0.0,0.0,100.0,100.0,0.0,0.0,0.435401,3,AUDJPY_AMR; CADJPY_AMR; EURJPY_AMR,3,3,0,51.80878552971576,NORMAL,NORMAL,NORMAL_to_NORMAL
2024-12-18,-0.9738,4,4,4,4,4,100.0,75.0,25.0,0.0,0.0,100.0,75.0,25.0,0.0,0.471042,4,AUDJPY_AMR; CADJPY_AMR; CADJPY_ARB; EURJPY_AMR,4,3,0,56.58914728682171,NORMAL,NORMAL,NORMAL_to_NORMAL
2024-12-19,-0.0062,3,3,2,3,3,100.0,66.7,33.3,0.0,66.7,33.3,66.7,33.3,0.0,0.905353,3,CADJPY_AMR; CADJPY_ARB; EURJPY_AMR,3,2,0,95.34883720930233,HIGH,NORMAL,NORMAL_to_HIGH
2024-12-20,0.9017,4,4,5,5,5,100.0,100.0,0.0,0.0,25.0,75.0,100.0,0.0,0.0,0.79315,4,AUDJPY_AMR; CADJPY_AMR; EURJPY_AMR; GBPJPY_AMR,5,4,1,89.66408268733849,HIGH,HIGH,HIGH_to_HIGH
2024-12-23,0.4821,5,5,5,5,5,80.0,80.0,0.0,20.0,40.0,60.0,100.0,0.0,0.0,0.728488,5,AUDJPY_AMR; CADJPY_AMR; EURJPY_AMR; GBPJPY_AMR; GBPUSD_MONDAY,4,4,1,83.97932816537468,HIGH,HIGH,HIGH_to_HIGH
2024-12-24,-0.0313,3,3,3,3,3,100.0,100.0,0.0,0.0,66.7,33.3,100.0,0.0,0.0,0.481611,3,AUDJPY_AMR; CADJPY_AMR; EURJPY_AMR,3,3,0,57.49354005167958,NORMAL,HIGH,HIGH_to_NORMAL
2024-12-26,-1.011,4,4,4,4,4,100.0,100.0,0.0,0.0,0.0,100.0,100.0,0.0,0.0,0.697807,4,AUDJPY_AMR; CADJPY_AMR; EURJPY_AMR; GBPJPY_AMR,4,4,1,81.13695090439276,HIGH,NORMAL,NORMAL_to_HIGH
2024-12-27,2.3846,4,4,4,4,4,100.0,100.0,0.0,0.0,100.0,0.0,100.0,0.0,0.0,0.269308,4,AUDJPY_AMR; CADJPY_AMR; EURJPY_AMR; GBPJPY_AMR,4,4,1,32.041343669250644,LOW,HIGH,HIGH_to_LOW
2024-12-30,-2.313,3,3,3,3,3,66.7,33.3,33.3,33.3,66.7,33.3,66.7,33.3,0.0,0.560542,3,AUDJPY_AMR; CADJPY_ARB; GBPUSD_MONDAY,2,1,0,66.40826873385012,NORMAL,LOW,LOW_to_NORMAL
2024-12-31,-0.4312,2,2,2,2,2,100.0,100.0,0.0,0.0,100.0,0.0,100.0,0.0,0.0,0.705626,2,CADJPY_AMR; EURJPY_AMR,2,2,0,81.65374677002583,HIGH,NORMAL,NORMAL_to_HIGH
2025-01-01,0.6372,1,1,0,1,1,100.0,100.0,0.0,0.0,100.0,0.0,100.0,0.0,0.0,0.653755,1,EURJPY_AMR,1,1,0,76.61498708010336,HIGH,HIGH,HIGH_to_HIGH
2025-01-02,2.8817,5,5,5,6,6,100.0,80.0,20.0,0.0,40.0,60.0,80.0,20.0,0.0,0.652559,5,AUDJPY_AMR; CADJPY_AMR; CADJPY_ARB; EURJPY_AMR; GBPJPY_AMR,6,5,1,76.35658914728683,HIGH,HIGH,HIGH_to_HIGH
2025-01-06,-3.6857,6,6,5,6,6,83.3,66.7,16.7,16.7,33.3,66.7,83.3,16.7,0.0,0.602036,6,AUDJPY_AMR; CADJPY_AMR; CADJPY_ARB; EURJPY_AMR; GBPJPY_AMR; GBPUSD_MONDAY,5,4,1,71.44702842377261,HIGH,HIGH,HIGH_to_HIGH
2025-01-07,-0.8055,4,4,4,5,5,100.0,100.0,0.0,0.0,0.0,100.0,100.0,0.0,0.0,0.631943,4,AUDJPY_AMR; CADJPY_AMR; EURJPY_AMR; GBPJPY_AMR,5,4,1,74.8062015503876,HIGH,HIGH,HIGH_to_HIGH
2025-01-08,1.7217,3,3,3,4,4,100.0,100.0,0.0,0.0,0.0,100.0,100.0,0.0,0.0,0.565024,3,AUDJPY_AMR; CADJPY_AMR; EURJPY_AMR,4,3,0,66.9250645994832,HIGH,HIGH,HIGH_to_HIGH
2025-01-09,-4.3911,4,4,4,5,5,100.0,100.0,0.0,0.0,100.0,0.0,100.0,0.0,0.0,0.485945,4,AUDJPY_AMR; CADJPY_AMR; EURJPY_AMR; GBPJPY_AMR,5,4,1,58.139534883720934,NORMAL,HIGH,HIGH_to_NORMAL
2025-01-10,2.2018,4,4,5,5,5,100.0,100.0,0.0,0.0,100.0,0.0,100.0,0.0,0.0,0.140721,4,AUDJPY_AMR; CADJPY_AMR; EURJPY_AMR; GBPJPY_AMR,5,4,1,13.565891472868216,LOW,NORMAL,NORMAL_to_LOW
2025-01-13,0.6002,5,5,5,5,5,80.0,80.0,0.0,20.0,60.0,40.0,100.0,0.0,0.0,0.733511,5,AUDJPY_AMR; CADJPY_AMR; EURJPY_AMR; GBPJPY_AMR; GBPUSD_MONDAY,4,4,1,84.49612403100775,HIGH,LOW,LOW_to_HIGH
2025-01-14,-1.4879,3,3,3,3,3,100.0,100.0,0.0,0.0,0.0,100.0,100.0,0.0,0.0,0.82724,3,AUDJPY_AMR; CADJPY_AMR; EURJPY_AMR,3,3,0,91.08527131782945,HIGH,HIGH,HIGH_to_HIGH
2025-01-15,-0.6228,4,4,3,4,4,100.0,75.0,25.0,0.0,75.0,25.0,75.0,25.0,0.0,0.470701,4,AUDJPY_AMR; CADJPY_AMR; CADJPY_ARB; EURJPY_AMR,4,3,0,56.33074935400517,NORMAL,HIGH,HIGH_to_NORMAL
2025-01-16,0.6277,4,4,5,5,5,100.0,100.0,0.0,0.0,100.0,0.0,100.0,0.0,0.0,0.494654,4,AUDJPY_AMR; CADJPY_AMR; EURJPY_AMR; GBPJPY_AMR,5,4,1,59.30232558139535,NORMAL,NORMAL,NORMAL_to_NORMAL
2025-01-17,2.8503,5,5,5,5,5,100.0,80.0,20.0,0.0,20.0,80.0,80.0,20.0,0.0,0.504076,5,AUDJPY_AMR; CADJPY_AMR; CADJPY_ARB; EURJPY_AMR; GBPJPY_AMR,5,4,1,60.3359173126615,NORMAL,NORMAL,NORMAL_to_NORMAL
2025-01-20,3.8182,4,4,4,4,4,75.0,50.0,25.0,25.0,75.0,25.0,75.0,25.0,0.0,0.636859,4,CADJPY_AMR; CADJPY_ARB; EURJPY_AMR; GBPUSD_MONDAY,3,2,0,75.45219638242894,HIGH,NORMAL,NORMAL_to_HIGH
2025-01-21,-3.2336,3,3,3,3,3,100.0,100.0,0.0,0.0,100.0,0.0,100.0,0.0,0.0,0.776727,3,AUDJPY_AMR; CADJPY_AMR; EURJPY_AMR,3,3,0,88.50129198966408,HIGH,HIGH,HIGH_to_HIGH
2025-01-22,1.0686,2,2,2,2,2,100.0,100.0,0.0,0.0,100.0,0.0,100.0,0.0,0.0,0.571385,2,CADJPY_AMR; EURJPY_AMR,2,2,0,67.82945736434108,HIGH,HIGH,HIGH_to_HIGH
2025-01-23,0.7391,4,4,4,4,4,100.0,75.0,25.0,0.0,100.0,0.0,75.0,25.0,0.0,0.369031,4,AUDJPY_AMR; CADJPY_AMR; CADJPY_ARB; EURJPY_AMR,4,3,0,44.44444444444444,NORMAL,HIGH,HIGH_to_NORMAL
2025-01-24,-4.3757,4,4,4,4,4,100.0,100.0,0.0,0.0,0.0,100.0,100.0,0.0,0.0,0.411621,4,AUDJPY_AMR; CADJPY_AMR; EURJPY_AMR; GBPJPY_AMR,4,4,1,48.44961240310077,NORMAL,NORMAL,NORMAL_to_NORMAL
2025-01-27,-4.1051,5,5,5,5,5,80.0,80.0,0.0,20.0,100.0,0.0,100.0,0.0,0.0,0.734037,5,AUDJPY_AMR; CADJPY_AMR; EURJPY_AMR; GBPJPY_AMR; GBPUSD_MONDAY,4,4,1,84.62532299741602,HIGH,NORMAL,NORMAL_to_HIGH
2025-01-28,0.8809,4,4,4,4,4,100.0,100.0,0.0,0.0,50.0,50.0,100.0,0.0,0.0,0.833513,4,AUDJPY_AMR; CADJPY_AMR; EURJPY_AMR; GBPJPY_AMR,4,4,1,91.343669250646,HIGH,HIGH,HIGH_to_HIGH
2025-01-29,3.6651,5,5,4,5,5,100.0,80.0,20.0,0.0,20.0,80.0,80.0,20.0,0.0,0.45477,5,AUDJPY_AMR; CADJPY_AMR; CADJPY_ARB; EURJPY_AMR; GBPJPY_AMR,5,4,1,54.90956072351422,NORMAL,HIGH,HIGH_to_NORMAL
2025-01-30,-2.6307,4,4,5,5,5,100.0,100.0,0.0,0.0,75.0,25.0,100.0,0.0,0.0,0.724821,4,AUDJPY_AMR; CADJPY_AMR; EURJPY_AMR; GBPJPY_AMR,5,4,1,83.59173126614988,HIGH,NORMAL,NORMAL_to_HIGH
2025-01-31,1.5373,2,2,2,2,2,100.0,50.0,50.0,0.0,100.0,0.0,50.0,50.0,0.0,0.877083,2,CADJPY_ARB; EURJPY_AMR,2,1,0,93.7984496124031,HIGH,HIGH,HIGH_to_HIGH
2025-02-03,1.8867,5,5,4,5,5,80.0,80.0,0.0,20.0,100.0,0.0,100.0,0.0,0.0,0.9897,5,AUDJPY_AMR; CADJPY_AMR; EURJPY_AMR; GBPJPY_AMR; GBPUSD_MONDAY,4,4,1,99.48320413436691,HIGH,HIGH,HIGH_to_HIGH
2025-02-04,0.2582,3,3,2,4,4,100.0,66.7,33.3,0.0,0.0,100.0,66.7,33.3,0.0,0.976694,3,AUDJPY_AMR; CADJPY_AMR; CADJPY_ARB,4,3,0,98.57881136950904,HIGH,HIGH,HIGH_to_HIGH
2025-02-05,-0.4716,2,2,2,4,4,100.0,100.0,0.0,0.0,50.0,50.0,100.0,0.0,0.0,0.453801,2,AUDJPY_AMR; GBPJPY_AMR,4,4,1,54.65116279069767,NORMAL,HIGH,HIGH_to_NORMAL
2025-02-06,-3.1942,3,3,4,5,5,100.0,100.0,0.0,0.0,100.0,0.0,100.0,0.0,0.0,0.61469,3,AUDJPY_AMR; CADJPY_AMR; GBPJPY_AMR,5,5,1,73.1266149870801,HIGH,NORMAL,NORMAL_to_HIGH
2025-02-07,1.9473,3,3,4,4,4,100.0,100.0,0.0,0.0,100.0,0.0,100.0,0.0,0.0,0.768052,3,AUDJPY_AMR; CADJPY_AMR; GBPJPY_AMR,4,4,1,87.85529715762273,HIGH,HIGH,HIGH_to_HIGH
2025-02-10,2.6099,5,5,5,5,5,80.0,80.0,0.0,20.0,100.0,0.0,100.0,0.0,0.0,0.954567,5,AUDJPY_AMR; CADJPY_AMR; EURJPY_AMR; GBPJPY_AMR; GBPUSD_MONDAY,4,4,1,97.80361757105943,HIGH,HIGH,HIGH_to_HIGH
2025-02-11,-1.0078,4,4,4,4,4,100.0,100.0,0.0,0.0,100.0,0.0,100.0,0.0,0.0,0.340084,4,AUDJPY_AMR; CADJPY_AMR; EURJPY_AMR; GBPJPY_AMR,4,4,1,40.82687338501292,NORMAL,HIGH,HIGH_to_NORMAL
2025-02-12,-3.173,3,3,3,3,3,100.0,100.0,0.0,0.0,0.0,100.0,100.0,0.0,0.0,0.54389,3,AUDJPY_AMR; CADJPY_AMR; EURJPY_AMR,3,3,0,64.98708010335918,NORMAL,NORMAL,NORMAL_to_NORMAL
2025-02-13,-0.4671,2,2,2,2,2,100.0,100.0,0.0,0.0,50.0,50.0,100.0,0.0,0.0,0.689658,2,CADJPY_AMR; EURJPY_AMR,2,2,0,80.10335917312662,HIGH,NORMAL,NORMAL_to_HIGH
2025-02-14,2.5737,4,4,4,4,4,100.0,100.0,0.0,0.0,25.0,75.0,100.0,0.0,0.0,0.802731,4,AUDJPY_AMR; CADJPY_AMR; EURJPY_AMR; GBPJPY_AMR,4,4,1,90.18087855297158,HIGH,HIGH,HIGH_to_HIGH
2025-02-17,-0.4415,6,6,5,6,6,83.3,66.7,16.7,16.7,83.3,16.7,83.3,16.7,0.0,0.563214,6,AUDJPY_AMR; CADJPY_AMR; CADJPY_ARB; EURJPY_AMR; GBPJPY_AMR; GBPUSD_MONDAY,5,4,1,66.66666666666666,NORMAL,HIGH,HIGH_to_NORMAL
2025-02-18,2.3424,4,4,4,5,5,100.0,100.0,0.0,0.0,50.0,50.0,100.0,0.0,0.0,0.301772,4,AUDJPY_AMR; CADJPY_AMR; EURJPY_AMR; GBPJPY_AMR,5,4,1,35.400516795865634,NORMAL,NORMAL,NORMAL_to_NORMAL
2025-02-19,1.7297,3,3,3,4,4,100.0,100.0,0.0,0.0,66.7,33.3,100.0,0.0,0.0,0.550577,3,AUDJPY_AMR; CADJPY_AMR; EURJPY_AMR,4,3,0,65.63307493540051,NORMAL,NORMAL,NORMAL_to_NORMAL
2025-02-20,-3.7958,5,5,5,6,6,100.0,80.0,20.0,0.0,80.0,20.0,80.0,20.0,0.0,0.482736,5,AUDJPY_AMR; CADJPY_AMR; CADJPY_ARB; EURJPY_AMR; GBPJPY_AMR,6,4,1,57.751937984496124,NORMAL,NORMAL,NORMAL_to_NORMAL
2025-02-21,0.9501,4,4,5,5,5,100.0,100.0,0.0,0.0,25.0,75.0,100.0,0.0,0.0,0.773247,4,AUDJPY_AMR; CADJPY_AMR; EURJPY_AMR; GBPJPY_AMR,5,4,1,87.98449612403101,HIGH,NORMAL,NORMAL_to_HIGH
2025-02-24,-2.5107,5,5,5,5,5,80.0,80.0,0.0,20.0,20.0,80.0,100.0,0.0,0.0,0.709403,5,AUDJPY_AMR; CADJPY_AMR; EURJPY_AMR; GBPJPY_AMR; GBPUSD_MONDAY,4,4,1,82.29974160206717,HIGH,HIGH,HIGH_to_HIGH
2025-02-25,2.5354,4,4,4,4,4,100.0,100.0,0.0,0.0,0.0,100.0,100.0,0.0,0.0,0.672889,4,AUDJPY_AMR; CADJPY_AMR; EURJPY_AMR; GBPJPY_AMR,4,4,1,78.42377260981912,HIGH,HIGH,HIGH_to_HIGH
2025-02-26,2.4748,4,4,4,4,4,100.0,100.0,0.0,0.0,25.0,75.0,100.0,0.0,0.0,0.80617,4,AUDJPY_AMR; CADJPY_AMR; EURJPY_AMR; GBPJPY_AMR,4,4,1,90.43927648578811,HIGH,HIGH,HIGH_to_HIGH
2025-02-27,0.8401,4,4,4,4,4,100.0,100.0,0.0,0.0,0.0,100.0,100.0,0.0,0.0,0.813346,4,AUDJPY_AMR; CADJPY_AMR; EURJPY_AMR; GBPJPY_AMR,4,4,1,90.56847545219638,HIGH,HIGH,HIGH_to_HIGH
2025-02-28,-1.5055,3,3,3,3,3,100.0,100.0,0.0,0.0,100.0,0.0,100.0,0.0,0.0,0.92166,3,AUDJPY_AMR; CADJPY_AMR; EURJPY_AMR,3,3,0,96.64082687338501,HIGH,HIGH,HIGH_to_HIGH
2025-03-03,3.4693,5,5,5,5,5,80.0,80.0,0.0,20.0,20.0,80.0,100.0,0.0,0.0,0.864708,5,AUDJPY_AMR; CADJPY_AMR; EURJPY_AMR; GBPJPY_AMR; GBPUSD_MONDAY,4,4,1,93.15245478036177,HIGH,HIGH,HIGH_to_HIGH
2025-03-04,1.2743,2,2,2,2,2,100.0,100.0,0.0,0.0,100.0,0.0,100.0,0.0,0.0,0.977167,2,AUDJPY_AMR; EURJPY_AMR,2,2,0,98.70801033591732,HIGH,HIGH,HIGH_to_HIGH
2025-03-06,-0.8571,4,4,4,4,4,100.0,100.0,0.0,0.0,0.0,100.0,100.0,0.0,0.0,0.887651,4,AUDJPY_AMR; CADJPY_AMR; EURJPY_AMR; GBPJPY_AMR,4,4,1,94.44444444444444,HIGH,HIGH,HIGH_to_HIGH
2025-03-07,2.8012,4,4,4,4,4,100.0,75.0,25.0,0.0,0.0,100.0,75.0,25.0,0.0,0.951906,4,CADJPY_AMR; CADJPY_ARB; EURJPY_AMR; GBPJPY_AMR,4,3,1,97.5452196382429,HIGH,HIGH,HIGH_to_HIGH
2025-03-10,0.7112,3,3,3,3,3,66.7,66.7,0.0,33.3,100.0,0.0,100.0,0.0,0.0,0.908318,3,AUDJPY_AMR; EURJPY_AMR; GBPUSD_MONDAY,2,2,0,95.73643410852713,HIGH,HIGH,HIGH_to_HIGH
2025-03-11,1.8186,3,3,3,3,3,100.0,100.0,0.0,0.0,100.0,0.0,100.0,0.0,0.0,0.885485,3,AUDJPY_AMR; CADJPY_AMR; EURJPY_AMR,3,3,0,94.31524547803618,HIGH,HIGH,HIGH_to_HIGH
2025-03-12,0.6063,1,1,1,1,1,100.0,100.0,0.0,0.0,0.0,100.0,100.0,0.0,0.0,0.885014,1,EURJPY_AMR,1,1,0,94.18604651162791,HIGH,HIGH,HIGH_to_HIGH
2025-03-13,-0.9619,4,4,3,4,4,100.0,75.0,25.0,0.0,25.0,75.0,75.0,25.0,0.0,0.744456,4,AUDJPY_AMR; CADJPY_AMR; CADJPY_ARB; EURJPY_AMR,4,3,0,86.43410852713178,HIGH,HIGH,HIGH_to_HIGH
2025-03-14,-3.1619,3,3,4,4,4,100.0,100.0,0.0,0.0,0.0,100.0,100.0,0.0,0.0,0.781332,3,AUDJPY_AMR; CADJPY_AMR; EURJPY_AMR,4,3,0,89.01808785529715,HIGH,HIGH,HIGH_to_HIGH
2025-03-17,5.093,6,6,6,6,6,83.3,66.7,16.7,16.7,33.3,66.7,83.3,16.7,0.0,0.681135,6,AUDJPY_AMR; CADJPY_AMR; CADJPY_ARB; EURJPY_AMR; GBPJPY_AMR; GBPUSD_MONDAY,5,4,1,79.06976744186046,HIGH,HIGH,HIGH_to_HIGH
2025-03-18,-3.2194,3,3,3,3,3,100.0,66.7,33.3,0.0,33.3,66.7,66.7,33.3,0.0,0.532108,3,AUDJPY_AMR; CADJPY_ARB; EURJPY_AMR,3,2,0,63.82428940568475,NORMAL,HIGH,HIGH_to_NORMAL
2025-03-19,1.7415,3,3,3,3,3,100.0,100.0,0.0,0.0,0.0,100.0,100.0,0.0,0.0,0.611188,3,AUDJPY_AMR; CADJPY_AMR; EURJPY_AMR,3,3,0,72.60981912144703,HIGH,NORMAL,NORMAL_to_HIGH
2025-03-20,-4.2575,4,4,4,4,4,100.0,75.0,25.0,0.0,75.0,25.0,75.0,25.0,0.0,0.740943,4,AUDJPY_AMR; CADJPY_AMR; CADJPY_ARB; EURJPY_AMR,4,3,0,85.78811369509044,HIGH,HIGH,HIGH_to_HIGH
2025-03-21,-0.2669,5,5,5,5,5,100.0,80.0,20.0,0.0,60.0,40.0,80.0,20.0,0.0,0.617824,5,AUDJPY_AMR; CADJPY_AMR; CADJPY_ARB; EURJPY_AMR; GBPJPY_AMR,5,4,1,73.25581395348837,HIGH,HIGH,HIGH_to_HIGH
2025-03-24,-3.0186,4,4,4,4,4,75.0,75.0,0.0,25.0,25.0,75.0,100.0,0.0,0.0,0.760261,4,AUDJPY_AMR; CADJPY_AMR; EURJPY_AMR; GBPUSD_MONDAY,3,3,0,87.33850129198967,HIGH,HIGH,HIGH_to_HIGH
2025-03-25,1.3719,5,5,4,5,5,100.0,80.0,20.0,0.0,0.0,100.0,80.0,20.0,0.0,0.440431,5,AUDJPY_AMR; CADJPY_AMR; CADJPY_ARB; EURJPY_AMR; GBPJPY_AMR,5,4,1,52.58397932816538,NORMAL,HIGH,HIGH_to_NORMAL
2025-03-26,-2.6618,4,4,4,5,5,100.0,75.0,25.0,0.0,25.0,75.0,75.0,25.0,0.0,0.407047,4,AUDJPY_AMR; CADJPY_ARB; EURJPY_AMR; GBPJPY_AMR,5,3,1,48.19121447028424,NORMAL,NORMAL,NORMAL_to_NORMAL
2025-03-27,2.6116,4,4,4,5,5,100.0,100.0,0.0,0.0,100.0,0.0,100.0,0.0,0.0,0.897926,4,AUDJPY_AMR; CADJPY_AMR; EURJPY_AMR; GBPJPY_AMR,5,4,1,95.09043927648578,HIGH,NORMAL,NORMAL_to_HIGH
2025-03-28,2.4984,4,4,5,5,5,100.0,100.0,0.0,0.0,100.0,0.0,100.0,0.0,0.0,0.467582,4,AUDJPY_AMR; CADJPY_AMR; EURJPY_AMR; GBPJPY_AMR,5,4,1,55.42635658914728,NORMAL,HIGH,HIGH_to_NORMAL
2025-03-31,-1.7183,4,4,4,4,4,75.0,75.0,0.0,25.0,100.0,0.0,100.0,0.0,0.0,0.7411,4,AUDJPY_AMR; CADJPY_AMR; EURJPY_AMR; GBPUSD_MONDAY,3,3,0,85.91731266149871,HIGH,NORMAL,NORMAL_to_HIGH
2025-04-01,0.0576,3,3,3,3,3,100.0,100.0,0.0,0.0,100.0,0.0,100.0,0.0,0.0,0.710923,3,AUDJPY_AMR; CADJPY_AMR; EURJPY_AMR,3,3,0,82.42894056847545,HIGH,HIGH,HIGH_to_HIGH
2025-04-02,-0.4195,2,2,2,2,2,100.0,100.0,0.0,0.0,0.0,100.0,100.0,0.0,0.0,0.822588,2,AUDJPY_AMR; EURJPY_AMR,2,2,0,90.69767441860465,HIGH,HIGH,HIGH_to_HIGH
2025-04-03,-2.3888,4,4,3,4,4,100.0,100.0,0.0,0.0,100.0,0.0,100.0,0.0,0.0,0.996768,4,AUDJPY_AMR; CADJPY_AMR; EURJPY_AMR; GBPJPY_AMR,4,4,1,99.87080103359173,HIGH,HIGH,HIGH_to_HIGH
2025-04-04,0.4932,2,2,3,3,3,100.0,50.0,50.0,0.0,0.0,100.0,50.0,50.0,0.0,0.951086,2,CADJPY_ARB; EURJPY_AMR,3,2,0,97.41602067183463,HIGH,HIGH,HIGH_to_HIGH
2025-04-07,3.5552,5,5,5,5,5,80.0,80.0,0.0,20.0,100.0,0.0,100.0,0.0,0.0,0.998885,5,AUDJPY_AMR; CADJPY_AMR; EURJPY_AMR; GBPJPY_AMR; GBPUSD_MONDAY,4,4,1,100.0,HIGH,HIGH,HIGH_to_HIGH
2025-04-08,-1.0216,1,1,1,1,1,100.0,0.0,100.0,0.0,100.0,0.0,0.0,100.0,0.0,0.983793,1,CADJPY_ARB,1,0,0,99.2248062015504,HIGH,HIGH,HIGH_to_HIGH
2025-04-09,1.8795,3,3,3,3,3,100.0,100.0,0.0,0.0,100.0,0.0,100.0,0.0,0.0,0.96792,3,AUDJPY_AMR; CADJPY_AMR; EURJPY_AMR,3,3,0,98.3204134366925,HIGH,HIGH,HIGH_to_HIGH
2025-04-10,-0.3916,2,2,2,2,2,100.0,100.0,0.0,0.0,100.0,0.0,100.0,0.0,0.0,0.991468,2,AUDJPY_AMR; CADJPY_AMR,2,2,0,99.74160206718346,HIGH,HIGH,HIGH_to_HIGH
2025-04-11,-0.7878,4,4,4,4,4,100.0,75.0,25.0,0.0,75.0,25.0,75.0,25.0,0.0,0.982284,4,AUDJPY_AMR; CADJPY_AMR; CADJPY_ARB; EURJPY_AMR,4,3,0,99.09560723514211,HIGH,HIGH,HIGH_to_HIGH
2025-04-14,3.2702,5,5,5,5,5,80.0,80.0,0.0,20.0,80.0,20.0,100.0,0.0,0.0,0.977574,5,AUDJPY_AMR; CADJPY_AMR; EURJPY_AMR; GBPJPY_AMR; GBPUSD_MONDAY,4,4,1,98.83720930232558,HIGH,HIGH,HIGH_to_HIGH
2025-04-15,-0.4725,2,2,2,2,2,100.0,100.0,0.0,0.0,0.0,100.0,100.0,0.0,0.0,0.875594,2,AUDJPY_AMR; CADJPY_AMR,2,2,0,93.54005167958657,HIGH,HIGH,HIGH_to_HIGH
2025-04-16,-1.0243,4,4,4,4,4,100.0,75.0,25.0,0.0,50.0,50.0,75.0,25.0,0.0,0.765772,4,AUDJPY_AMR; CADJPY_AMR; CADJPY_ARB; EURJPY_AMR,4,3,0,87.59689922480621,HIGH,HIGH,HIGH_to_HIGH
2025-04-17,-1.4903,3,3,3,3,3,100.0,100.0,0.0,0.0,0.0,100.0,100.0,0.0,0.0,0.925063,3,AUDJPY_AMR; CADJPY_AMR; EURJPY_AMR,3,3,0,96.89922480620154,HIGH,HIGH,HIGH_to_HIGH
2025-04-18,1.3017,2,2,2,2,2,100.0,100.0,0.0,0.0,50.0,50.0,100.0,0.0,0.0,0.879838,2,CADJPY_AMR; GBPJPY_AMR,2,2,1,94.05684754521964,HIGH,HIGH,HIGH_to_HIGH
2025-04-21,3.4653,5,5,5,5,5,80.0,80.0,0.0,20.0,100.0,0.0,100.0,0.0,0.0,0.383148,5,AUDJPY_AMR; CADJPY_AMR; EURJPY_AMR; GBPJPY_AMR; GBPUSD_MONDAY,4,4,1,45.47803617571059,NORMAL,HIGH,HIGH_to_NORMAL
2025-04-22,1.4741,5,5,5,5,5,100.0,80.0,20.0,0.0,0.0,100.0,80.0,20.0,0.0,0.631659,5,AUDJPY_AMR; CADJPY_AMR; CADJPY_ARB; EURJPY_AMR; GBPJPY_AMR,5,4,1,74.67700258397933,HIGH,NORMAL,NORMAL_to_HIGH
2025-04-23,-0.6919,4,4,3,4,4,100.0,100.0,0.0,0.0,0.0,100.0,100.0,0.0,0.0,0.869304,4,AUDJPY_AMR; CADJPY_AMR; EURJPY_AMR; GBPJPY_AMR,4,4,1,93.4108527131783,HIGH,HIGH,HIGH_to_HIGH
2025-04-24,0.6333,1,1,1,2,2,100.0,100.0,0.0,0.0,100.0,0.0,100.0,0.0,0.0,0.839333,1,EURJPY_AMR,2,2,0,91.86046511627907,HIGH,HIGH,HIGH_to_HIGH
2025-04-25,-0.5039,2,2,3,3,3,100.0,100.0,0.0,0.0,0.0,100.0,100.0,0.0,0.0,0.556991,2,CADJPY_AMR; EURJPY_AMR,3,3,0,65.89147286821705,NORMAL,HIGH,HIGH_to_NORMAL
2025-04-28,1.9147,3,3,3,3,3,66.7,66.7,0.0,33.3,100.0,0.0,100.0,0.0,0.0,0.747656,3,AUDJPY_AMR; EURJPY_AMR; GBPUSD_MONDAY,2,2,0,87.08010335917312,HIGH,NORMAL,NORMAL_to_HIGH
2025-04-30,1.3916,3,3,2,3,3,100.0,66.7,33.3,0.0,66.7,33.3,66.7,33.3,0.0,0.649354,3,CADJPY_AMR; CADJPY_ARB; EURJPY_AMR,3,2,0,76.09819121447028,HIGH,HIGH,HIGH_to_HIGH
2025-05-01,1.2443,2,2,2,3,3,100.0,50.0,50.0,0.0,100.0,0.0,50.0,50.0,0.0,0.611754,2,CADJPY_ARB; EURJPY_AMR,3,1,0,72.7390180878553,HIGH,HIGH,HIGH_to_HIGH
2025-05-02,2.0432,4,4,5,5,5,100.0,100.0,0.0,0.0,25.0,75.0,100.0,0.0,0.0,0.745144,4,AUDJPY_AMR; CADJPY_AMR; EURJPY_AMR; GBPJPY_AMR,5,4,1,86.56330749354005,HIGH,HIGH,HIGH_to_HIGH
2025-05-05,-0.7741,5,5,5,5,5,80.0,80.0,0.0,20.0,100.0,0.0,100.0,0.0,0.0,0.790398,5,AUDJPY_AMR; CADJPY_AMR; EURJPY_AMR; GBPJPY_AMR; GBPUSD_MONDAY,4,4,1,89.40568475452196,HIGH,HIGH,HIGH_to_HIGH
2025-05-06,-0.4584,2,2,2,2,2,100.0,100.0,0.0,0.0,100.0,0.0,100.0,0.0,0.0,0.428498,2,AUDJPY_AMR; EURJPY_AMR,2,2,0,50.90439276485789,NORMAL,HIGH,HIGH_to_NORMAL
2025-05-07,-2.4971,4,4,3,4,4,100.0,100.0,0.0,0.0,0.0,100.0,100.0,0.0,0.0,0.836712,4,AUDJPY_AMR; CADJPY_AMR; EURJPY_AMR; GBPJPY_AMR,4,4,1,91.60206718346254,HIGH,NORMAL,NORMAL_to_HIGH
2025-05-08,-1.0582,1,1,2,2,2,100.0,100.0,0.0,0.0,0.0,100.0,100.0,0.0,0.0,0.857135,1,AUDJPY_AMR,2,2,0,92.76485788113695,HIGH,HIGH,HIGH_to_HIGH
2025-05-09,-2.6217,4,4,4,4,4,100.0,100.0,0.0,0.0,100.0,0.0,100.0,0.0,0.0,0.737181,4,AUDJPY_AMR; CADJPY_AMR; EURJPY_AMR; GBPJPY_AMR,4,4,1,85.27131782945736,HIGH,HIGH,HIGH_to_HIGH
2025-05-12,-5.1898,5,5,5,5,5,80.0,80.0,0.0,20.0,20.0,80.0,100.0,0.0,0.0,0.71147,5,AUDJPY_AMR; CADJPY_AMR; EURJPY_AMR; GBPJPY_AMR; GBPUSD_MONDAY,4,4,1,82.68733850129199,HIGH,HIGH,HIGH_to_HIGH
2025-05-13,-0.9187,4,4,4,4,4,100.0,100.0,0.0,0.0,75.0,25.0,100.0,0.0,0.0,0.548646,4,AUDJPY_AMR; CADJPY_AMR; EURJPY_AMR; GBPJPY_AMR,4,4,1,65.24547803617571,NORMAL,HIGH,HIGH_to_NORMAL
2025-05-14,4.1065,5,5,5,5,5,100.0,80.0,20.0,0.0,40.0,60.0,80.0,20.0,0.0,0.484333,5,AUDJPY_AMR; CADJPY_AMR; CADJPY_ARB; EURJPY_AMR; GBPJPY_AMR,5,4,1,58.01033591731266,NORMAL,NORMAL,NORMAL_to_NORMAL
2025-05-15,-0.7645,5,5,4,5,5,100.0,80.0,20.0,0.0,80.0,20.0,80.0,20.0,0.0,0.663769,5,AUDJPY_AMR; CADJPY_AMR; CADJPY_ARB; EURJPY_AMR; GBPJPY_AMR,5,4,1,77.77777777777779,HIGH,NORMAL,NORMAL_to_HIGH
2025-05-16,-4.3568,4,4,5,5,5,100.0,100.0,0.0,0.0,100.0,0.0,100.0,0.0,0.0,0.534901,4,AUDJPY_AMR; CADJPY_AMR; EURJPY_AMR; GBPJPY_AMR,5,4,1,64.34108527131784,NORMAL,HIGH,HIGH_to_NORMAL
2025-05-19,1.7913,5,5,4,5,5,80.0,80.0,0.0,20.0,100.0,0.0,100.0,0.0,0.0,0.543262,5,AUDJPY_AMR; CADJPY_AMR; EURJPY_AMR; GBPJPY_AMR; GBPUSD_MONDAY,4,4,1,64.85788113695091,NORMAL,NORMAL,NORMAL_to_NORMAL
2025-05-20,1.3658,4,4,4,5,5,100.0,75.0,25.0,0.0,0.0,100.0,75.0,25.0,0.0,0.337594,4,AUDJPY_AMR; CADJPY_ARB; EURJPY_AMR; GBPJPY_AMR,5,4,1,40.18087855297158,NORMAL,NORMAL,NORMAL_to_NORMAL
2025-05-21,2.545,4,4,4,5,5,100.0,100.0,0.0,0.0,100.0,0.0,100.0,0.0,0.0,0.531134,4,AUDJPY_AMR; CADJPY_AMR; EURJPY_AMR; GBPJPY_AMR,5,4,1,63.695090439276484,NORMAL,NORMAL,NORMAL_to_NORMAL
2025-05-22,2.6277,4,4,4,5,5,100.0,100.0,0.0,0.0,0.0,100.0,100.0,0.0,0.0,0.780842,4,AUDJPY_AMR; CADJPY_AMR; EURJPY_AMR; GBPJPY_AMR,5,4,1,88.88888888888889,HIGH,NORMAL,NORMAL_to_HIGH
2025-05-23,0.5665,1,1,2,2,2,100.0,100.0,0.0,0.0,0.0,100.0,100.0,0.0,0.0,0.517628,1,EURJPY_AMR,2,1,0,62.144702842377264,NORMAL,HIGH,HIGH_to_NORMAL
2025-05-26,1.1573,5,5,4,5,5,80.0,80.0,0.0,20.0,80.0,20.0,100.0,0.0,0.0,0.697339,5,AUDJPY_AMR; CADJPY_AMR; EURJPY_AMR; GBPJPY_AMR; GBPUSD_MONDAY,4,4,1,81.0077519379845,HIGH,NORMAL,NORMAL_to_HIGH
2025-05-27,1.3493,4,4,4,5,5,100.0,75.0,25.0,0.0,100.0,0.0,75.0,25.0,0.0,0.189815,4,AUDJPY_AMR; CADJPY_AMR; CADJPY_ARB; GBPJPY_AMR,5,4,1,18.6046511627907,LOW,HIGH,HIGH_to_LOW
2025-05-28,2.3466,4,4,4,5,5,100.0,100.0,0.0,0.0,100.0,0.0,100.0,0.0,0.0,0.230465,4,AUDJPY_AMR; CADJPY_AMR; EURJPY_AMR; GBPJPY_AMR,5,4,1,25.32299741602067,LOW,LOW,LOW_to_LOW
2025-05-29,-0.8842,4,4,5,5,5,100.0,100.0,0.0,0.0,25.0,75.0,100.0,0.0,0.0,0.49263,4,AUDJPY_AMR; CADJPY_AMR; EURJPY_AMR; GBPJPY_AMR,5,4,1,58.91472868217055,NORMAL,LOW,LOW_to_NORMAL
2025-05-30,-1.0649,4,4,4,4,4,100.0,100.0,0.0,0.0,100.0,0.0,100.0,0.0,0.0,0.43214,4,AUDJPY_AMR; CADJPY_AMR; EURJPY_AMR; GBPJPY_AMR,4,4,1,51.162790697674424,NORMAL,NORMAL,NORMAL_to_NORMAL
2025-06-02,0.3443,3,3,2,3,3,66.7,33.3,33.3,33.3,66.7,33.3,66.7,33.3,0.0,0.669214,3,CADJPY_ARB; EURJPY_AMR; GBPUSD_MONDAY,2,1,0,78.29457364341084,HIGH,NORMAL,NORMAL_to_HIGH
2025-06-03,2.4852,4,4,5,5,5,100.0,100.0,0.0,0.0,75.0,25.0,100.0,0.0,0.0,0.357998,4,AUDJPY_AMR; CADJPY_AMR; EURJPY_AMR; GBPJPY_AMR,5,4,1,43.281653746770026,NORMAL,HIGH,HIGH_to_NORMAL
2025-06-04,0.5731,1,1,1,1,1,100.0,100.0,0.0,0.0,0.0,100.0,100.0,0.0,0.0,0.449173,1,EURJPY_AMR,1,1,0,54.00516795865633,NORMAL,NORMAL,NORMAL_to_NORMAL
2025-06-05,4.2365,5,5,5,5,5,100.0,80.0,20.0,0.0,100.0,0.0,80.0,20.0,0.0,0.448554,5,AUDJPY_AMR; CADJPY_AMR; CADJPY_ARB; EURJPY_AMR; GBPJPY_AMR,5,4,1,53.875968992248055,NORMAL,NORMAL,NORMAL_to_NORMAL
2025-06-06,2.6825,4,4,4,4,4,100.0,75.0,25.0,0.0,100.0,0.0,75.0,25.0,0.0,0.799684,4,AUDJPY_AMR; CADJPY_AMR; CADJPY_ARB; EURJPY_AMR,4,3,0,90.05167958656331,HIGH,NORMAL,NORMAL_to_HIGH
2025-06-09,2.728,5,5,5,5,5,80.0,80.0,0.0,20.0,60.0,40.0,100.0,0.0,0.0,0.338759,5,AUDJPY_AMR; CADJPY_AMR; EURJPY_AMR; GBPJPY_AMR; GBPUSD_MONDAY,4,4,1,40.43927648578811,NORMAL,HIGH,HIGH_to_NORMAL
2025-06-10,1.7697,3,3,3,3,3,100.0,100.0,0.0,0.0,66.7,33.3,100.0,0.0,0.0,0.329976,3,AUDJPY_AMR; CADJPY_AMR; EURJPY_AMR,3,3,0,38.63049095607235,NORMAL,NORMAL,NORMAL_to_NORMAL
2025-06-11,-0.0485,3,3,3,3,3,100.0,100.0,0.0,0.0,66.7,33.3,100.0,0.0,0.0,0.323552,3,AUDJPY_AMR; CADJPY_AMR; EURJPY_AMR,3,3,0,37.98449612403101,NORMAL,NORMAL,NORMAL_to_NORMAL
2025-06-12,-3.295,3,3,3,3,3,100.0,100.0,0.0,0.0,100.0,0.0,100.0,0.0,0.0,0.579664,3,AUDJPY_AMR; CADJPY_AMR; EURJPY_AMR,3,3,0,68.47545219638242,HIGH,NORMAL,NORMAL_to_HIGH
2025-06-13,-2.8565,4,4,4,4,4,100.0,100.0,0.0,0.0,100.0,0.0,100.0,0.0,0.0,0.475201,4,AUDJPY_AMR; CADJPY_AMR; EURJPY_AMR; GBPJPY_AMR,4,4,1,56.97674418604651,NORMAL,HIGH,HIGH_to_NORMAL
2025-06-16,2.3793,4,4,3,4,4,75.0,75.0,0.0,25.0,50.0,50.0,100.0,0.0,0.0,0.893417,4,AUDJPY_AMR; CADJPY_AMR; EURJPY_AMR; GBPUSD_MONDAY,3,3,0,94.83204134366925,HIGH,NORMAL,NORMAL_to_HIGH
2025-06-17,1.9119,3,3,3,4,4,100.0,100.0,0.0,0.0,66.7,33.3,100.0,0.0,0.0,0.525562,3,AUDJPY_AMR; EURJPY_AMR; GBPJPY_AMR,4,4,1,63.30749354005169,NORMAL,HIGH,HIGH_to_NORMAL
2025-06-18,1.1663,2,2,3,3,3,100.0,100.0,0.0,0.0,0.0,100.0,100.0,0.0,0.0,0.505184,2,AUDJPY_AMR; EURJPY_AMR,3,3,0,60.594315245478036,NORMAL,NORMAL,NORMAL_to_NORMAL
2025-06-19,-0.8926,4,4,4,4,4,100.0,100.0,0.0,0.0,100.0,0.0,100.0,0.0,0.0,0.503272,4,AUDJPY_AMR; CADJPY_AMR; EURJPY_AMR; GBPJPY_AMR,4,4,1,60.07751937984496,NORMAL,NORMAL,NORMAL_to_NORMAL
2025-06-20,0.035,3,3,3,3,3,100.0,100.0,0.0,0.0,33.3,66.7,100.0,0.0,0.0,0.566906,3,AUDJPY_AMR; CADJPY_AMR; EURJPY_AMR,3,3,0,67.18346253229974,HIGH,NORMAL,NORMAL_to_HIGH
2025-06-23,-0.1615,5,5,5,5,5,80.0,60.0,20.0,20.0,80.0,20.0,80.0,20.0,0.0,0.63131,5,AUDJPY_AMR; CADJPY_AMR; CADJPY_ARB; EURJPY_AMR; GBPUSD_MONDAY,4,3,0,74.54780361757106,HIGH,HIGH,HIGH_to_HIGH
2025-06-24,-1.0917,4,4,4,4,4,100.0,100.0,0.0,0.0,50.0,50.0,100.0,0.0,0.0,0.685699,4,AUDJPY_AMR; CADJPY_AMR; EURJPY_AMR; GBPJPY_AMR,4,4,1,79.45736434108527,HIGH,HIGH,HIGH_to_HIGH
2025-06-25,1.664,3,3,3,3,3,100.0,100.0,0.0,0.0,33.3,66.7,100.0,0.0,0.0,0.438633,3,AUDJPY_AMR; CADJPY_AMR; EURJPY_AMR,3,3,0,52.32558139534884,NORMAL,HIGH,HIGH_to_NORMAL
2025-06-26,-2.0041,5,5,5,5,5,100.0,80.0,20.0,0.0,80.0,20.0,80.0,20.0,0.0,0.341933,5,AUDJPY_AMR; CADJPY_AMR; CADJPY_ARB; EURJPY_AMR; GBPJPY_AMR,5,4,1,41.08527131782946,NORMAL,NORMAL,NORMAL_to_NORMAL
2025-06-27,2.5122,4,4,4,4,4,100.0,100.0,0.0,0.0,100.0,0.0,100.0,0.0,0.0,0.362941,4,AUDJPY_AMR; CADJPY_AMR; EURJPY_AMR; GBPJPY_AMR,4,4,1,43.798449612403104,NORMAL,NORMAL,NORMAL_to_NORMAL
2025-06-30,-1.4215,4,4,4,4,4,75.0,50.0,25.0,25.0,75.0,25.0,75.0,25.0,0.0,0.711442,4,CADJPY_ARB; EURJPY_AMR; GBPJPY_AMR; GBPUSD_MONDAY,3,2,1,82.55813953488372,HIGH,NORMAL,NORMAL_to_HIGH
2025-07-01,-2.7847,4,4,4,4,4,100.0,100.0,0.0,0.0,100.0,0.0,100.0,0.0,0.0,0.419683,4,AUDJPY_AMR; CADJPY_AMR; EURJPY_AMR; GBPJPY_AMR,4,4,1,49.74160206718346,NORMAL,HIGH,HIGH_to_NORMAL
2025-07-02,0.5894,1,1,1,1,1,100.0,100.0,0.0,0.0,100.0,0.0,100.0,0.0,0.0,0.588253,1,CADJPY_AMR,1,1,0,69.63824289405684,HIGH,NORMAL,NORMAL_to_HIGH
2025-07-03,0.0253,3,3,3,3,3,100.0,100.0,0.0,0.0,66.7,33.3,100.0,0.0,0.0,0.385161,3,CADJPY_AMR; EURJPY_AMR; GBPJPY_AMR,3,3,1,45.99483204134367,NORMAL,HIGH,HIGH_to_NORMAL
2025-07-04,-1.7485,3,3,3,3,3,100.0,100.0,0.0,0.0,100.0,0.0,100.0,0.0,0.0,0.145928,3,AUDJPY_AMR; EURJPY_AMR; GBPJPY_AMR,3,3,1,13.824289405684754,LOW,NORMAL,NORMAL_to_LOW
2025-07-07,3.2595,5,5,4,5,5,80.0,60.0,20.0,20.0,100.0,0.0,80.0,20.0,0.0,0.373954,5,AUDJPY_AMR; CADJPY_AMR; CADJPY_ARB; EURJPY_AMR; GBPUSD_MONDAY,4,3,0,44.57364341085272,NORMAL,LOW,LOW_to_NORMAL
2025-07-08,0.9336,4,4,4,5,5,100.0,100.0,0.0,0.0,25.0,75.0,100.0,0.0,0.0,0.604643,4,AUDJPY_AMR; CADJPY_AMR; EURJPY_AMR; GBPJPY_AMR,5,4,1,71.70542635658916,HIGH,NORMAL,NORMAL_to_HIGH
2025-07-09,1.1583,2,2,2,3,3,100.0,100.0,0.0,0.0,50.0,50.0,100.0,0.0,0.0,0.45076,2,AUDJPY_AMR; CADJPY_AMR,3,3,0,54.134366925064604,NORMAL,HIGH,HIGH_to_NORMAL
2025-07-10,-0.5839,2,2,3,3,3,100.0,100.0,0.0,0.0,100.0,0.0,100.0,0.0,0.0,0.278122,2,AUDJPY_AMR; CADJPY_AMR,3,3,0,32.945736434108525,LOW,NORMAL,NORMAL_to_LOW
2025-07-11,2.1458,4,4,4,4,4,100.0,75.0,25.0,0.0,75.0,25.0,75.0,25.0,0.0,0.514533,4,AUDJPY_AMR; CADJPY_AMR; CADJPY_ARB; EURJPY_AMR,4,3,0,61.49870801033591,NORMAL,LOW,LOW_to_NORMAL
2025-07-14,2.2256,5,5,3,5,5,80.0,80.0,0.0,20.0,100.0,0.0,100.0,0.0,0.0,0.600643,5,AUDJPY_AMR; CADJPY_AMR; EURJPY_AMR; GBPJPY_AMR; GBPUSD_MONDAY,4,4,1,70.93023255813954,HIGH,NORMAL,NORMAL_to_HIGH
2025-07-16,0.6184,4,4,4,4,4,100.0,100.0,0.0,0.0,25.0,75.0,100.0,0.0,0.0,0.309723,4,AUDJPY_AMR; CADJPY_AMR; EURJPY_AMR; GBPJPY_AMR,4,4,1,36.82170542635659,NORMAL,HIGH,HIGH_to_NORMAL
2025-07-17,-2.6954,4,4,4,4,4,100.0,100.0,0.0,0.0,0.0,100.0,100.0,0.0,0.0,0.516008,4,AUDJPY_AMR; CADJPY_AMR; EURJPY_AMR; GBPJPY_AMR,4,4,1,61.627906976744185,NORMAL,NORMAL,NORMAL_to_NORMAL
2025-07-18,-1.5729,4,4,4,4,4,100.0,75.0,25.0,0.0,25.0,75.0,75.0,25.0,0.0,0.30365,4,AUDJPY_AMR; CADJPY_AMR; CADJPY_ARB; EURJPY_AMR,4,3,0,35.78811369509044,NORMAL,NORMAL,NORMAL_to_NORMAL
2025-07-21,0.1758,5,5,1,5,5,80.0,80.0,0.0,20.0,100.0,0.0,100.0,0.0,0.0,0.643385,5,AUDJPY_AMR; CADJPY_AMR; EURJPY_AMR; GBPJPY_AMR; GBPUSD_MONDAY,4,4,1,75.83979328165374,HIGH,NORMAL,NORMAL_to_HIGH
2025-07-23,1.1841,2,2,2,4,4,100.0,100.0,0.0,0.0,50.0,50.0,100.0,0.0,0.0,0.58286,2,AUDJPY_AMR; EURJPY_AMR,4,4,0,68.9922480620155,HIGH,HIGH,HIGH_to_HIGH
2025-07-24,-1.1022,1,1,1,3,3,100.0,100.0,0.0,0.0,100.0,0.0,100.0,0.0,0.0,0.493035,1,EURJPY_AMR,3,3,0,59.04392764857881,NORMAL,HIGH,HIGH_to_NORMAL
2025-07-25,0.1487,3,3,5,5,5,100.0,66.7,33.3,0.0,33.3,66.7,66.7,33.3,0.0,0.401929,3,AUDJPY_AMR; CADJPY_ARB; EURJPY_AMR,5,4,0,47.9328165374677,NORMAL,NORMAL,NORMAL_to_NORMAL
2025-07-28,-3.4352,5,5,5,5,5,80.0,80.0,0.0,20.0,20.0,80.0,100.0,0.0,0.0,0.312222,5,AUDJPY_AMR; CADJPY_AMR; EURJPY_AMR; GBPJPY_AMR; GBPUSD_MONDAY,4,4,1,37.08010335917313,NORMAL,NORMAL,NORMAL_to_NORMAL
2025-07-29,1.8083,4,4,3,4,4,100.0,75.0,25.0,0.0,50.0,50.0,75.0,25.0,0.0,0.333911,4,AUDJPY_AMR; CADJPY_AMR; CADJPY_ARB; EURJPY_AMR,4,3,0,39.922480620155035,NORMAL,NORMAL,NORMAL_to_NORMAL
2025-07-30,-3.2921,3,3,4,4,4,100.0,100.0,0.0,0.0,100.0,0.0,100.0,0.0,0.0,0.273464,3,CADJPY_AMR; EURJPY_AMR; GBPJPY_AMR,4,3,1,32.299741602067186,LOW,NORMAL,NORMAL_to_LOW
2025-07-31,0.6022,1,1,1,1,1,100.0,100.0,0.0,0.0,0.0,100.0,100.0,0.0,0.0,0.493447,1,EURJPY_AMR,1,1,0,59.17312661498708,NORMAL,LOW,LOW_to_NORMAL
2025-08-01,2.3114,2,2,2,2,2,100.0,50.0,50.0,0.0,50.0,50.0,50.0,50.0,0.0,0.581344,2,CADJPY_ARB; EURJPY_AMR,2,1,0,68.6046511627907,HIGH,NORMAL,NORMAL_to_HIGH
2025-08-04,-1.4567,4,4,4,4,4,75.0,75.0,0.0,25.0,25.0,75.0,100.0,0.0,0.0,0.836063,4,AUDJPY_AMR; CADJPY_AMR; EURJPY_AMR; GBPUSD_MONDAY,3,3,0,91.47286821705426,HIGH,HIGH,HIGH_to_HIGH
2025-08-05,1.0973,2,2,2,2,2,100.0,100.0,0.0,0.0,100.0,0.0,100.0,0.0,0.0,0.427143,2,AUDJPY_AMR; CADJPY_AMR,2,2,0,50.775193798449614,NORMAL,HIGH,HIGH_to_NORMAL
2025-08-06,0.5022,4,4,4,4,4,100.0,75.0,25.0,0.0,0.0,100.0,75.0,25.0,0.0,0.192631,4,AUDJPY_AMR; CADJPY_AMR; CADJPY_ARB; EURJPY_AMR,4,3,0,18.863049095607234,LOW,NORMAL,NORMAL_to_LOW
2025-08-07,0.0328,3,3,3,3,3,100.0,100.0,0.0,0.0,0.0,100.0,100.0,0.0,0.0,0.365928,3,AUDJPY_AMR; CADJPY_AMR; EURJPY_AMR,3,3,0,44.18604651162791,NORMAL,LOW,LOW_to_NORMAL
2025-08-08,0.3904,4,4,4,4,4,100.0,75.0,25.0,0.0,25.0,75.0,75.0,25.0,0.0,0.519473,4,AUDJPY_AMR; CADJPY_AMR; CADJPY_ARB; EURJPY_AMR,4,3,0,62.661498708010335,NORMAL,NORMAL,NORMAL_to_NORMAL
2025-08-11,1.7825,4,4,4,4,4,75.0,75.0,0.0,25.0,100.0,0.0,100.0,0.0,0.0,0.308383,4,AUDJPY_AMR; CADJPY_AMR; GBPJPY_AMR; GBPUSD_MONDAY,3,3,1,36.56330749354005,NORMAL,NORMAL,NORMAL_to_NORMAL
2025-08-12,-2.1901,2,2,2,2,2,100.0,100.0,0.0,0.0,0.0,100.0,100.0,0.0,0.0,0.102575,2,AUDJPY_AMR; EURJPY_AMR,2,2,0,9.819121447028424,LOW,NORMAL,NORMAL_to_LOW
2025-08-13,1.5919,3,3,3,3,3,100.0,100.0,0.0,0.0,33.3,66.7,100.0,0.0,0.0,0.250068,3,AUDJPY_AMR; CADJPY_AMR; EURJPY_AMR,3,3,0,28.552971576227392,LOW,LOW,LOW_to_LOW
2025-08-14,-5.3889,5,5,5,5,5,100.0,80.0,20.0,0.0,80.0,20.0,80.0,20.0,0.0,0.215571,5,AUDJPY_AMR; CADJPY_AMR; CADJPY_ARB; EURJPY_AMR; GBPJPY_AMR,5,4,1,22.48062015503876,LOW,LOW,LOW_to_LOW
2025-08-15,-4.4031,4,4,4,4,4,100.0,100.0,0.0,0.0,100.0,0.0,100.0,0.0,0.0,0.195674,4,AUDJPY_AMR; CADJPY_AMR; EURJPY_AMR; GBPJPY_AMR,4,4,1,19.379844961240313,LOW,LOW,LOW_to_LOW
2025-08-18,0.2943,5,5,5,5,5,80.0,80.0,0.0,20.0,60.0,40.0,100.0,0.0,0.0,0.169693,5,AUDJPY_AMR; CADJPY_AMR; EURJPY_AMR; GBPJPY_AMR; GBPUSD_MONDAY,4,4,1,16.40826873385013,LOW,LOW,LOW_to_LOW
2025-08-19,1.8586,3,3,3,3,3,100.0,100.0,0.0,0.0,66.7,33.3,100.0,0.0,0.0,0.29391,3,CADJPY_AMR; EURJPY_AMR; GBPJPY_AMR,3,3,1,34.366925064599485,NORMAL,LOW,LOW_to_NORMAL
2025-08-20,-0.5483,2,2,2,2,2,100.0,100.0,0.0,0.0,50.0,50.0,100.0,0.0,0.0,0.207097,2,CADJPY_AMR; EURJPY_AMR,2,2,0,20.930232558139537,LOW,NORMAL,NORMAL_to_LOW
2025-08-21,0.5281,1,1,1,1,1,100.0,100.0,0.0,0.0,100.0,0.0,100.0,0.0,0.0,0.320005,1,EURJPY_AMR,1,1,0,37.5968992248062,NORMAL,LOW,LOW_to_NORMAL
2025-08-22,0.7719,4,4,4,4,4,100.0,75.0,25.0,0.0,100.0,0.0,75.0,25.0,0.0,0.239961,4,CADJPY_AMR; CADJPY_ARB; EURJPY_AMR; GBPJPY_AMR,4,3,1,26.22739018087855,LOW,NORMAL,NORMAL_to_LOW
2025-08-25,-2.9335,5,5,5,5,5,80.0,80.0,0.0,20.0,20.0,80.0,100.0,0.0,0.0,0.411869,5,AUDJPY_AMR; CADJPY_AMR; EURJPY_AMR; GBPJPY_AMR; GBPUSD_MONDAY,4,4,1,48.57881136950905,NORMAL,LOW,LOW_to_NORMAL
2025-08-26,2.5768,4,4,4,4,4,100.0,100.0,0.0,0.0,100.0,0.0,100.0,0.0,0.0,0.432487,4,AUDJPY_AMR; CADJPY_AMR; EURJPY_AMR; GBPJPY_AMR,4,4,1,51.291989664082685,NORMAL,NORMAL,NORMAL_to_NORMAL
2025-08-27,0.7295,2,2,1,2,2,100.0,50.0,50.0,0.0,50.0,50.0,50.0,50.0,0.0,0.234244,2,CADJPY_ARB; EURJPY_AMR,2,1,0,26.098191214470283,LOW,NORMAL,NORMAL_to_LOW
2025-08-28,2.4057,4,4,4,5,5,100.0,100.0,0.0,0.0,100.0,0.0,100.0,0.0,0.0,0.215648,4,AUDJPY_AMR; CADJPY_AMR; EURJPY_AMR; GBPJPY_AMR,5,4,1,22.60981912144703,LOW,LOW,LOW_to_LOW
2025-08-29,1.1644,2,2,3,3,3,100.0,100.0,0.0,0.0,100.0,0.0,100.0,0.0,0.0,0.17292,2,AUDJPY_AMR; EURJPY_AMR,3,2,0,16.925064599483207,LOW,LOW,LOW_to_LOW
2025-09-01,-0.0797,3,3,3,3,3,66.7,66.7,0.0,33.3,66.7,33.3,100.0,0.0,0.0,0.269179,3,AUDJPY_AMR; EURJPY_AMR; GBPUSD_MONDAY,2,2,0,31.912144702842376,LOW,LOW,LOW_to_LOW
2025-09-02,-0.3625,5,5,4,5,5,100.0,80.0,20.0,0.0,80.0,20.0,80.0,20.0,0.0,0.076272,5,AUDJPY_AMR; CADJPY_AMR; CADJPY_ARB; EURJPY_AMR; GBPJPY_AMR,5,4,1,7.10594315245478,LOW,LOW,LOW_to_LOW
2025-09-03,-1.6852,3,3,3,4,4,100.0,100.0,0.0,0.0,33.3,66.7,100.0,0.0,0.0,0.231937,3,AUDJPY_AMR; CADJPY_AMR; EURJPY_AMR,4,3,0,25.710594315245476,LOW,LOW,LOW_to_LOW
2025-09-04,0.5477,1,1,1,2,2,100.0,100.0,0.0,0.0,100.0,0.0,100.0,0.0,0.0,0.149665,1,AUDJPY_AMR,2,1,0,14.599483204134367,LOW,LOW,LOW_to_LOW
2025-09-05,2.2079,4,4,5,5,5,100.0,100.0,0.0,0.0,100.0,0.0,100.0,0.0,0.0,0.206102,4,AUDJPY_AMR; CADJPY_AMR; EURJPY_AMR; GBPJPY_AMR,5,4,1,20.801033591731265,LOW,LOW,LOW_to_LOW
2025-09-08,1.2831,5,5,1,5,5,80.0,80.0,0.0,20.0,20.0,80.0,100.0,0.0,0.0,0.776776,5,AUDJPY_AMR; CADJPY_AMR; EURJPY_AMR; GBPJPY_AMR; GBPUSD_MONDAY,4,4,1,88.63049095607235,HIGH,LOW,LOW_to_HIGH
2025-09-09,1.6319,1,1,4,5,5,100.0,0.0,100.0,0.0,0.0,100.0,0.0,100.0,0.0,0.307565,1,CADJPY_ARB,5,4,0,36.304909560723516,NORMAL,HIGH,HIGH_to_NORMAL
2025-09-10,0.1433,3,3,3,4,4,100.0,66.7,33.3,0.0,100.0,0.0,66.7,33.3,0.0,0.251165,3,CADJPY_ARB; EURJPY_AMR; GBPJPY_AMR,4,3,1,29.069767441860467,LOW,NORMAL,NORMAL_to_LOW
2025-09-11,0.7143,1,1,2,2,2,100.0,100.0,0.0,0.0,100.0,0.0,100.0,0.0,0.0,0.317339,1,GBPJPY_AMR,2,1,1,37.338501291989665,NORMAL,LOW,LOW_to_NORMAL
2025-09-12,-1.6052,4,4,4,4,4,100.0,75.0,25.0,0.0,25.0,75.0,75.0,25.0,0.0,0.168253,4,AUDJPY_AMR; CADJPY_AMR; CADJPY_ARB; EURJPY_AMR,4,3,0,16.27906976744186,LOW,NORMAL,NORMAL_to_LOW
2025-09-15,1.2547,5,5,5,5,5,80.0,80.0,0.0,20.0,100.0,0.0,100.0,0.0,0.0,0.275986,5,AUDJPY_AMR; CADJPY_AMR; EURJPY_AMR; GBPJPY_AMR; GBPUSD_MONDAY,4,4,1,32.68733850129199,LOW,LOW,LOW_to_LOW
2025-09-16,2.1153,2,2,1,2,2,100.0,50.0,50.0,0.0,0.0,100.0,50.0,50.0,0.0,0.087771,2,CADJPY_ARB; EURJPY_AMR,2,1,0,7.622739018087856,LOW,LOW,LOW_to_LOW
2025-09-17,1.8055,3,3,4,4,4,100.0,100.0,0.0,0.0,100.0,0.0,100.0,0.0,0.0,0.37853,3,CADJPY_AMR; EURJPY_AMR; GBPJPY_AMR,4,3,1,45.21963824289406,NORMAL,LOW,LOW_to_NORMAL
2025-09-18,0.4366,2,2,2,2,2,100.0,50.0,50.0,0.0,50.0,50.0,50.0,50.0,0.0,0.35674,2,CADJPY_ARB; EURJPY_AMR,2,1,0,43.15245478036176,NORMAL,NORMAL,NORMAL_to_NORMAL
2025-09-19,2.2619,4,4,4,4,4,100.0,100.0,0.0,0.0,50.0,50.0,100.0,0.0,0.0,0.249272,4,AUDJPY_AMR; CADJPY_AMR; EURJPY_AMR; GBPJPY_AMR,4,4,1,28.036175710594314,LOW,NORMAL,NORMAL_to_LOW
2025-09-22,2.9152,5,5,5,5,5,80.0,80.0,0.0,20.0,80.0,20.0,100.0,0.0,0.0,0.344272,5,AUDJPY_AMR; CADJPY_AMR; EURJPY_AMR; GBPJPY_AMR; GBPUSD_MONDAY,4,4,1,41.98966408268734,NORMAL,LOW,LOW_to_NORMAL
2025-09-23,1.7906,3,3,3,3,3,100.0,100.0,0.0,0.0,66.7,33.3,100.0,0.0,0.0,0.047473,3,AUDJPY_AMR; EURJPY_AMR; GBPJPY_AMR,3,3,1,3.7467700258397936,LOW,NORMAL,NORMAL_to_LOW
2025-09-24,1.1311,3,3,2,3,3,100.0,66.7,33.3,0.0,66.7,33.3,66.7,33.3,0.0,0.215987,3,CADJPY_AMR; CADJPY_ARB; EURJPY_AMR,3,2,0,22.868217054263564,LOW,LOW,LOW_to_LOW
2025-09-25,0.9787,2,2,3,3,3,100.0,100.0,0.0,0.0,100.0,0.0,100.0,0.0,0.0,0.136643,2,CADJPY_AMR; EURJPY_AMR,3,2,0,13.178294573643413,LOW,LOW,LOW_to_LOW
2025-09-26,1.7259,3,3,3,3,3,100.0,100.0,0.0,0.0,66.7,33.3,100.0,0.0,0.0,0.513084,3,AUDJPY_AMR; EURJPY_AMR; GBPJPY_AMR,3,3,1,61.36950904392765,NORMAL,LOW,LOW_to_NORMAL
2025-09-29,-0.4393,4,4,3,4,4,75.0,50.0,25.0,25.0,75.0,25.0,75.0,25.0,0.0,0.218755,4,CADJPY_ARB; EURJPY_AMR; GBPJPY_AMR; GBPUSD_MONDAY,3,2,1,23.772609819121445,LOW,NORMAL,NORMAL_to_LOW
2025-09-30,0.0562,3,3,4,4,4,100.0,100.0,0.0,0.0,0.0,100.0,100.0,0.0,0.0,0.263476,3,AUDJPY_AMR; CADJPY_AMR; EURJPY_AMR,4,3,0,30.749354005167955,LOW,LOW,LOW_to_LOW
2025-10-01,4.1987,5,5,5,5,5,100.0,80.0,20.0,0.0,60.0,40.0,80.0,20.0,0.0,0.265508,5,AUDJPY_AMR; CADJPY_AMR; CADJPY_ARB; EURJPY_AMR; GBPJPY_AMR,5,4,1,30.87855297157623,LOW,LOW,LOW_to_LOW
2025-10-02,2.3823,4,4,4,4,4,100.0,100.0,0.0,0.0,75.0,25.0,100.0,0.0,0.0,0.212279,4,AUDJPY_AMR; CADJPY_AMR; EURJPY_AMR; GBPJPY_AMR,4,4,1,22.093023255813954,LOW,LOW,LOW_to_LOW
2025-10-03,-1.1575,5,5,5,5,5,100.0,80.0,20.0,0.0,60.0,40.0,80.0,20.0,0.0,0.195111,5,AUDJPY_AMR; CADJPY_AMR; CADJPY_ARB; EURJPY_AMR; GBPJPY_AMR,5,4,1,19.12144702842377,LOW,LOW,LOW_to_LOW
2025-10-06,-1.9353,6,6,1,6,6,83.3,66.7,16.7,16.7,33.3,66.7,83.3,16.7,0.0,0.866385,6,AUDJPY_AMR; CADJPY_AMR; CADJPY_ARB; EURJPY_AMR; GBPJPY_AMR; GBPUSD_MONDAY,5,4,1,93.28165374677002,HIGH,LOW,LOW_to_HIGH
2025-10-07,0.5934,1,1,4,6,6,100.0,100.0,0.0,0.0,0.0,100.0,100.0,0.0,0.0,0.211516,1,AUDJPY_AMR,6,5,0,21.705426356589147,LOW,HIGH,HIGH_to_LOW
2025-10-08,-1.5444,3,3,4,5,5,100.0,100.0,0.0,0.0,0.0,100.0,100.0,0.0,0.0,0.517369,3,AUDJPY_AMR; CADJPY_AMR; GBPJPY_AMR,5,4,1,62.01550387596899,NORMAL,LOW,LOW_to_NORMAL
2025-10-09,1.8002,3,3,4,4,4,100.0,100.0,0.0,0.0,33.3,66.7,100.0,0.0,0.0,0.445031,3,AUDJPY_AMR; CADJPY_AMR; GBPJPY_AMR,4,4,1,53.35917312661499,NORMAL,NORMAL,NORMAL_to_NORMAL
2025-10-10,2.4061,4,4,4,4,4,100.0,100.0,0.0,0.0,0.0,100.0,100.0,0.0,0.0,0.483987,4,AUDJPY_AMR; CADJPY_AMR; EURJPY_AMR; GBPJPY_AMR,4,4,1,57.88113695090439,NORMAL,NORMAL,NORMAL_to_NORMAL
2025-10-13,0.5998,2,2,2,2,2,50.0,50.0,0.0,50.0,50.0,50.0,100.0,0.0,0.0,0.842754,2,EURJPY_AMR; GBPUSD_MONDAY,1,1,0,92.11886304909561,HIGH,NORMAL,NORMAL_to_HIGH
2025-10-14,3.8164,5,5,4,5,5,100.0,80.0,20.0,0.0,60.0,40.0,80.0,20.0,0.0,0.227393,5,AUDJPY_AMR; CADJPY_AMR; CADJPY_ARB; EURJPY_AMR; GBPJPY_AMR,5,4,1,25.064599483204137,LOW,HIGH,HIGH_to_LOW
2025-10-15,-2.1874,2,2,2,3,3,100.0,100.0,0.0,0.0,100.0,0.0,100.0,0.0,0.0,0.591656,2,CADJPY_AMR; EURJPY_AMR,3,2,0,70.02583979328165,HIGH,LOW,LOW_to_HIGH
2025-10-16,-0.1584,5,5,6,6,6,100.0,80.0,20.0,0.0,100.0,0.0,80.0,20.0,0.0,0.601651,5,AUDJPY_AMR; CADJPY_AMR; CADJPY_ARB; EURJPY_AMR; GBPJPY_AMR,6,4,1,71.18863049095607,HIGH,HIGH,HIGH_to_HIGH
2025-10-17,0.5858,4,4,4,4,4,100.0,75.0,25.0,0.0,75.0,25.0,75.0,25.0,0.0,0.547091,4,AUDJPY_AMR; CADJPY_AMR; CADJPY_ARB; EURJPY_AMR,4,3,0,65.11627906976744,NORMAL,HIGH,HIGH_to_NORMAL
2025-10-20,-1.0737,5,5,5,5,5,80.0,80.0,0.0,20.0,40.0,60.0,100.0,0.0,0.0,0.744326,5,AUDJPY_AMR; CADJPY_AMR; EURJPY_AMR; GBPJPY_AMR; GBPUSD_MONDAY,4,4,1,86.30490956072352,HIGH,NORMAL,NORMAL_to_HIGH
2025-10-21,2.9161,4,4,4,4,4,100.0,75.0,25.0,0.0,75.0,25.0,75.0,25.0,0.0,0.324412,4,AUDJPY_AMR; CADJPY_AMR; CADJPY_ARB; EURJPY_AMR,4,3,0,38.11369509043928,NORMAL,HIGH,HIGH_to_NORMAL
2025-10-22,2.2179,5,5,4,5,5,100.0,80.0,20.0,0.0,100.0,0.0,80.0,20.0,0.0,0.295519,5,AUDJPY_AMR; CADJPY_AMR; CADJPY_ARB; EURJPY_AMR; GBPJPY_AMR,5,4,1,34.75452196382429,NORMAL,NORMAL,NORMAL_to_NORMAL
2025-10-23,-3.3058,3,3,4,4,4,100.0,100.0,0.0,0.0,0.0,100.0,100.0,0.0,0.0,0.330977,3,AUDJPY_AMR; CADJPY_AMR; EURJPY_AMR,4,3,0,38.88888888888889,NORMAL,NORMAL,NORMAL_to_NORMAL
2025-10-24,0.0096,3,3,3,3,3,100.0,100.0,0.0,0.0,66.7,33.3,100.0,0.0,0.0,0.250824,3,AUDJPY_AMR; CADJPY_AMR; EURJPY_AMR,3,3,0,28.811369509043928,LOW,NORMAL,NORMAL_to_LOW
2025-10-27,1.7049,6,6,3,6,6,83.3,66.7,16.7,16.7,33.3,66.7,83.3,16.7,0.0,0.436131,6,AUDJPY_AMR; CADJPY_AMR; CADJPY_ARB; EURJPY_AMR; GBPJPY_AMR; GBPUSD_MONDAY,5,4,1,52.0671834625323,NORMAL,LOW,LOW_to_NORMAL
2025-10-28,-3.2553,3,3,6,6,6,100.0,66.7,33.3,0.0,66.7,33.3,66.7,33.3,0.0,0.252457,3,CADJPY_AMR; CADJPY_ARB; EURJPY_AMR,6,5,0,29.328165374677003,LOW,NORMAL,NORMAL_to_LOW
2025-10-29,3.9642,5,5,4,5,5,100.0,80.0,20.0,0.0,100.0,0.0,80.0,20.0,0.0,0.538668,5,AUDJPY_AMR; CADJPY_AMR; CADJPY_ARB; EURJPY_AMR; GBPJPY_AMR,5,4,1,64.47028423772609,NORMAL,LOW,LOW_to_NORMAL
2025-10-30,1.0345,3,3,3,4,4,100.0,66.7,33.3,0.0,66.7,33.3,66.7,33.3,0.0,0.747484,3,AUDJPY_AMR; CADJPY_ARB; EURJPY_AMR,4,2,0,86.95090439276485,HIGH,NORMAL,NORMAL_to_HIGH
2025-10-31,2.3648,4,4,5,5,5,100.0,100.0,0.0,0.0,100.0,0.0,100.0,0.0,0.0,0.481524,4,AUDJPY_AMR; CADJPY_AMR; EURJPY_AMR; GBPJPY_AMR,5,4,1,57.36434108527132,NORMAL,HIGH,HIGH_to_NORMAL
2025-11-03,1.5962,4,4,4,4,4,75.0,75.0,0.0,25.0,75.0,25.0,100.0,0.0,0.0,0.446614,4,AUDJPY_AMR; CADJPY_AMR; EURJPY_AMR; GBPUSD_MONDAY,3,3,0,53.48837209302325,NORMAL,NORMAL,NORMAL_to_NORMAL
2025-11-04,3.7548,5,5,4,5,5,100.0,80.0,20.0,0.0,40.0,60.0,80.0,20.0,0.0,0.195501,5,AUDJPY_AMR; CADJPY_AMR; CADJPY_ARB; EURJPY_AMR; GBPJPY_AMR,5,4,1,19.25064599483204,LOW,NORMAL,NORMAL_to_LOW
2025-11-05,-1.0509,4,4,5,5,5,100.0,100.0,0.0,0.0,50.0,50.0,100.0,0.0,0.0,0.409395,4,AUDJPY_AMR; CADJPY_AMR; EURJPY_AMR; GBPJPY_AMR,5,4,1,48.320413436692505,NORMAL,LOW,LOW_to_NORMAL
2025-11-06,1.5633,3,3,3,3,3,100.0,100.0,0.0,0.0,66.7,33.3,100.0,0.0,0.0,0.166262,3,AUDJPY_AMR; CADJPY_AMR; EURJPY_AMR,3,3,0,15.762273901808785,LOW,NORMAL,NORMAL_to_LOW
2025-11-07,3.5396,4,4,4,4,4,100.0,75.0,25.0,0.0,50.0,50.0,75.0,25.0,0.0,0.582753,4,AUDJPY_AMR; CADJPY_AMR; CADJPY_ARB; EURJPY_AMR,4,3,0,68.86304909560724,HIGH,LOW,LOW_to_HIGH
2025-11-10,1.2522,5,5,4,5,5,80.0,60.0,20.0,20.0,40.0,60.0,80.0,20.0,0.0,0.719252,5,AUDJPY_AMR; CADJPY_AMR; CADJPY_ARB; EURJPY_AMR; GBPUSD_MONDAY,4,3,0,83.4625322997416,HIGH,HIGH,HIGH_to_HIGH
2025-11-11,-1.7622,3,3,3,4,4,100.0,100.0,0.0,0.0,0.0,100.0,100.0,0.0,0.0,0.197412,3,AUDJPY_AMR; CADJPY_AMR; EURJPY_AMR,4,3,0,19.767441860465116,LOW,HIGH,HIGH_to_LOW
2025-11-12,-0.103,3,3,3,4,4,100.0,100.0,0.0,0.0,66.7,33.3,100.0,0.0,0.0,0.172401,3,AUDJPY_AMR; CADJPY_AMR; EURJPY_AMR,4,3,0,16.666666666666664,LOW,LOW,LOW_to_LOW
2025-11-13,1.585,3,3,3,4,4,100.0,100.0,0.0,0.0,66.7,33.3,100.0,0.0,0.0,0.241222,3,AUDJPY_AMR; CADJPY_AMR; EURJPY_AMR,4,3,0,26.356589147286826,LOW,LOW,LOW_to_LOW
2025-11-14,-1.6792,3,3,4,4,4,100.0,100.0,0.0,0.0,33.3,66.7,100.0,0.0,0.0,0.497043,3,AUDJPY_AMR; EURJPY_AMR; GBPJPY_AMR,4,3,1,59.43152454780362,NORMAL,LOW,LOW_to_NORMAL
2025-11-17,2.2106,5,5,5,5,5,80.0,80.0,0.0,20.0,60.0,40.0,100.0,0.0,0.0,0.621327,5,AUDJPY_AMR; CADJPY_AMR; EURJPY_AMR; GBPJPY_AMR; GBPUSD_MONDAY,4,4,1,73.51421188630492,HIGH,NORMAL,NORMAL_to_HIGH
2025-11-19,0.5691,1,1,1,1,1,100.0,100.0,0.0,0.0,100.0,0.0,100.0,0.0,0.0,0.212084,1,EURJPY_AMR,1,1,0,21.834625322997418,LOW,HIGH,HIGH_to_LOW
2025-11-20,-1.5042,3,3,3,3,3,100.0,66.7,33.3,0.0,33.3,66.7,66.7,33.3,0.0,0.635099,3,CADJPY_AMR; CADJPY_ARB; GBPJPY_AMR,3,2,1,75.06459948320413,HIGH,LOW,LOW_to_HIGH
2025-11-21,0.616,1,1,1,1,1,100.0,100.0,0.0,0.0,100.0,0.0,100.0,0.0,0.0,0.692929,1,EURJPY_AMR,1,1,0,80.36175710594316,HIGH,HIGH,HIGH_to_HIGH
2025-11-24,0.2719,4,4,3,4,4,75.0,75.0,0.0,25.0,25.0,75.0,100.0,0.0,0.0,0.774076,4,AUDJPY_AMR; CADJPY_AMR; EURJPY_AMR; GBPUSD_MONDAY,3,3,0,88.11369509043928,HIGH,HIGH,HIGH_to_HIGH
2025-11-25,0.6999,4,4,4,5,5,100.0,75.0,25.0,0.0,25.0,75.0,75.0,25.0,0.0,0.28878,4,AUDJPY_AMR; CADJPY_ARB; EURJPY_AMR; GBPJPY_AMR,5,4,1,33.850129198966414,NORMAL,HIGH,HIGH_to_NORMAL
2025-11-26,1.7317,3,3,4,4,4,100.0,100.0,0.0,0.0,66.7,33.3,100.0,0.0,0.0,0.441138,3,AUDJPY_AMR; CADJPY_AMR; EURJPY_AMR,4,3,0,52.71317829457365,NORMAL,NORMAL,NORMAL_to_NORMAL
2025-11-27,-2.8072,4,4,4,4,4,100.0,100.0,0.0,0.0,100.0,0.0,100.0,0.0,0.0,0.294528,4,AUDJPY_AMR; CADJPY_AMR; EURJPY_AMR; GBPJPY_AMR,4,4,1,34.62532299741602,NORMAL,NORMAL,NORMAL_to_NORMAL
2025-11-28,1.4089,3,3,3,3,3,100.0,100.0,0.0,0.0,100.0,0.0,100.0,0.0,0.0,0.021724,3,AUDJPY_AMR; CADJPY_AMR; EURJPY_AMR,3,3,0,0.7751937984496124,LOW,NORMAL,NORMAL_to_LOW
2025-12-01,2.2724,5,5,5,5,5,80.0,80.0,0.0,20.0,100.0,0.0,100.0,0.0,0.0,0.454208,5,AUDJPY_AMR; CADJPY_AMR; EURJPY_AMR; GBPJPY_AMR; GBPUSD_MONDAY,4,4,1,54.78036175710594,NORMAL,LOW,LOW_to_NORMAL
2025-12-02,-2.1692,5,5,4,5,5,100.0,80.0,20.0,0.0,60.0,40.0,80.0,20.0,0.0,0.192462,5,AUDJPY_AMR; CADJPY_AMR; CADJPY_ARB; EURJPY_AMR; GBPJPY_AMR,5,4,1,18.733850129198967,LOW,NORMAL,NORMAL_to_LOW
2025-12-03,1.0663,2,2,2,3,3,100.0,100.0,0.0,0.0,50.0,50.0,100.0,0.0,0.0,0.203772,2,AUDJPY_AMR; EURJPY_AMR,3,2,0,20.54263565891473,LOW,LOW,LOW_to_LOW
2025-12-04,-2.2954,2,2,3,3,3,100.0,100.0,0.0,0.0,50.0,50.0,100.0,0.0,0.0,0.218521,2,AUDJPY_AMR; EURJPY_AMR,3,2,0,23.51421188630491,LOW,LOW,LOW_to_LOW
2025-12-05,1.1751,5,5,5,5,5,100.0,80.0,20.0,0.0,80.0,20.0,80.0,20.0,0.0,0.228226,5,AUDJPY_AMR; CADJPY_AMR; CADJPY_ARB; EURJPY_AMR; GBPJPY_AMR,5,4,1,25.1937984496124,LOW,LOW,LOW_to_LOW
2025-12-08,2.4243,5,5,5,5,5,80.0,80.0,0.0,20.0,100.0,0.0,100.0,0.0,0.0,0.423026,5,AUDJPY_AMR; CADJPY_AMR; EURJPY_AMR; GBPJPY_AMR; GBPUSD_MONDAY,4,4,1,50.258397932816536,NORMAL,LOW,LOW_to_NORMAL
2025-12-09,1.0991,2,2,2,2,2,100.0,100.0,0.0,0.0,0.0,100.0,100.0,0.0,0.0,0.246502,2,CADJPY_AMR; EURJPY_AMR,2,2,0,27.77777777777778,LOW,NORMAL,NORMAL_to_LOW
2025-12-10,0.6152,4,4,4,4,4,100.0,100.0,0.0,0.0,100.0,0.0,100.0,0.0,0.0,0.333644,4,AUDJPY_AMR; CADJPY_AMR; EURJPY_AMR; GBPJPY_AMR,4,4,1,39.79328165374677,NORMAL,LOW,LOW_to_NORMAL
2025-12-11,-2.5697,4,4,4,4,4,100.0,100.0,0.0,0.0,100.0,0.0,100.0,0.0,0.0,0.680696,4,AUDJPY_AMR; CADJPY_AMR; EURJPY_AMR; GBPJPY_AMR,4,4,1,78.9405684754522,HIGH,NORMAL,NORMAL_to_HIGH
2025-12-12,-0.5286,2,2,2,2,2,100.0,100.0,0.0,0.0,0.0,100.0,100.0,0.0,0.0,0.422039,2,AUDJPY_AMR; EURJPY_AMR,2,2,0,49.87080103359173,NORMAL,HIGH,HIGH_to_NORMAL
2025-12-15,0.5997,5,5,4,5,5,80.0,60.0,20.0,20.0,80.0,20.0,80.0,20.0,0.0,0.486192,5,AUDJPY_AMR; CADJPY_AMR; CADJPY_ARB; EURJPY_AMR; GBPUSD_MONDAY,4,3,0,58.268733850129195,NORMAL,NORMAL,NORMAL_to_NORMAL
2025-12-16,2.29,4,4,4,5,5,100.0,100.0,0.0,0.0,100.0,0.0,100.0,0.0,0.0,0.300748,4,AUDJPY_AMR; CADJPY_AMR; EURJPY_AMR; GBPJPY_AMR,5,4,1,35.27131782945737,NORMAL,NORMAL,NORMAL_to_NORMAL
2025-12-17,1.6752,3,3,3,4,4,100.0,100.0,0.0,0.0,100.0,0.0,100.0,0.0,0.0,0.510125,3,AUDJPY_AMR; CADJPY_AMR; EURJPY_AMR,4,3,0,61.111111111111114,NORMAL,NORMAL,NORMAL_to_NORMAL
2025-12-18,-0.9854,4,4,4,5,5,100.0,100.0,0.0,0.0,75.0,25.0,100.0,0.0,0.0,0.331035,4,AUDJPY_AMR; CADJPY_AMR; EURJPY_AMR; GBPJPY_AMR,5,4,1,39.01808785529715,NORMAL,NORMAL,NORMAL_to_NORMAL
2025-12-19,0.7978,4,4,5,5,5,100.0,100.0,0.0,0.0,50.0,50.0,100.0,0.0,0.0,0.39474,4,AUDJPY_AMR; CADJPY_AMR; EURJPY_AMR; GBPJPY_AMR,5,4,1,46.89922480620155,NORMAL,NORMAL,NORMAL_to_NORMAL
2025-12-22,2.4916,4,4,4,4,4,75.0,75.0,0.0,25.0,100.0,0.0,100.0,0.0,0.0,0.584624,4,AUDJPY_AMR; CADJPY_AMR; EURJPY_AMR; GBPUSD_MONDAY,3,3,0,69.37984496124031,HIGH,NORMAL,NORMAL_to_HIGH
2025-12-23,-4.3099,4,4,4,4,4,100.0,100.0,0.0,0.0,100.0,0.0,100.0,0.0,0.0,0.501635,4,AUDJPY_AMR; CADJPY_AMR; EURJPY_AMR; GBPJPY_AMR,4,4,1,59.81912144702842,NORMAL,HIGH,HIGH_to_NORMAL
2025-12-24,-2.6863,4,4,4,4,4,100.0,100.0,0.0,0.0,100.0,0.0,100.0,0.0,0.0,0.583285,4,AUDJPY_AMR; CADJPY_AMR; EURJPY_AMR; GBPJPY_AMR,4,4,1,69.25064599483204,HIGH,NORMAL,NORMAL_to_HIGH
2025-12-26,-0.4743,4,4,4,4,4,100.0,100.0,0.0,0.0,25.0,75.0,100.0,0.0,0.0,0.443291,4,AUDJPY_AMR; CADJPY_AMR; EURJPY_AMR; GBPJPY_AMR,4,4,1,52.84237726098191,NORMAL,HIGH,HIGH_to_NORMAL
2025-12-29,2.283,5,5,5,5,5,80.0,80.0,0.0,20.0,100.0,0.0,100.0,0.0,0.0,0.322363,5,AUDJPY_AMR; CADJPY_AMR; EURJPY_AMR; GBPJPY_AMR; GBPUSD_MONDAY,4,4,1,37.85529715762274,NORMAL,NORMAL,NORMAL_to_NORMAL
2025-12-30,2.3798,4,4,4,4,4,100.0,100.0,0.0,0.0,25.0,75.0,100.0,0.0,0.0,0.42263,4,AUDJPY_AMR; CADJPY_AMR; EURJPY_AMR; GBPJPY_AMR,4,4,1,50.129198966408275,NORMAL,NORMAL,NORMAL_to_NORMAL
2025-12-31,2.4295,4,4,4,4,4,100.0,100.0,0.0,0.0,100.0,0.0,100.0,0.0,0.0,0.268298,4,AUDJPY_AMR; CADJPY_AMR; EURJPY_AMR; GBPJPY_AMR,4,4,1,31.3953488372093,LOW,NORMAL,NORMAL_to_LOW
2026-01-02,-1.5442,3,3,3,3,3,100.0,66.7,33.3,0.0,33.3,66.7,66.7,33.3,0.0,0.25928,3,AUDJPY_AMR; CADJPY_ARB; EURJPY_AMR,3,2,0,30.23255813953488,LOW,LOW,LOW_to_LOW
2026-01-05,3.2696,5,5,5,5,5,80.0,80.0,0.0,20.0,100.0,0.0,100.0,0.0,0.0,0.460155,5,AUDJPY_AMR; CADJPY_AMR; EURJPY_AMR; GBPJPY_AMR; GBPUSD_MONDAY,4,4,1,55.03875968992248,NORMAL,LOW,LOW_to_NORMAL
2026-01-06,0.0554,3,3,3,3,3,100.0,100.0,0.0,0.0,0.0,100.0,100.0,0.0,0.0,0.347301,3,AUDJPY_AMR; CADJPY_AMR; EURJPY_AMR,3,3,0,42.63565891472868,NORMAL,NORMAL,NORMAL_to_NORMAL
2026-01-07,3.9029,5,5,4,5,5,100.0,80.0,20.0,0.0,40.0,60.0,80.0,20.0,0.0,0.307742,5,AUDJPY_AMR; CADJPY_AMR; CADJPY_ARB; EURJPY_AMR; GBPJPY_AMR,5,4,1,36.434108527131784,NORMAL,NORMAL,NORMAL_to_NORMAL
2026-01-08,1.2351,5,5,6,6,6,100.0,80.0,20.0,0.0,40.0,60.0,80.0,20.0,0.0,0.166967,5,AUDJPY_AMR; CADJPY_AMR; CADJPY_ARB; EURJPY_AMR; GBPJPY_AMR,6,4,1,15.891472868217054,LOW,NORMAL,NORMAL_to_LOW
2026-01-09,-0.6695,2,2,2,2,2,100.0,50.0,50.0,0.0,50.0,50.0,50.0,50.0,0.0,0.252511,2,CADJPY_ARB; EURJPY_AMR,2,1,0,29.457364341085274,LOW,LOW,LOW_to_LOW
2026-01-12,0.7444,4,4,4,4,4,75.0,75.0,0.0,25.0,50.0,50.0,100.0,0.0,0.0,0.305165,4,AUDJPY_AMR; CADJPY_AMR; EURJPY_AMR; GBPUSD_MONDAY,3,3,0,36.04651162790697,NORMAL,LOW,LOW_to_NORMAL
2026-01-13,0.5653,4,4,4,4,4,100.0,100.0,0.0,0.0,75.0,25.0,100.0,0.0,0.0,0.259573,4,AUDJPY_AMR; CADJPY_AMR; EURJPY_AMR; GBPJPY_AMR,4,4,1,30.361757105943155,LOW,NORMAL,NORMAL_to_LOW
2026-01-14,0.717,4,4,4,4,4,100.0,100.0,0.0,0.0,0.0,100.0,100.0,0.0,0.0,0.340499,4,AUDJPY_AMR; CADJPY_AMR; EURJPY_AMR; GBPJPY_AMR,4,4,1,40.95607235142119,NORMAL,LOW,LOW_to_NORMAL
2026-01-15,0.5795,1,1,1,1,1,100.0,100.0,0.0,0.0,100.0,0.0,100.0,0.0,0.0,0.575226,1,CADJPY_AMR,1,1,0,68.21705426356588,HIGH,NORMAL,NORMAL_to_HIGH
2026-01-16,1.5092,3,3,3,3,3,100.0,100.0,0.0,0.0,33.3,66.7,100.0,0.0,0.0,0.209154,3,AUDJPY_AMR; CADJPY_AMR; EURJPY_AMR,3,3,0,21.31782945736434,LOW,HIGH,HIGH_to_LOW
2026-01-19,5.2671,6,6,5,6,6,83.3,66.7,16.7,16.7,100.0,0.0,83.3,16.7,0.0,0.474665,6,AUDJPY_AMR; CADJPY_AMR; CADJPY_ARB; EURJPY_AMR; GBPJPY_AMR; GBPUSD_MONDAY,5,4,1,56.84754521963824,NORMAL,LOW,LOW_to_NORMAL
2026-01-20,3.4309,5,5,5,6,6,100.0,80.0,20.0,0.0,80.0,20.0,80.0,20.0,0.0,0.218709,5,AUDJPY_AMR; CADJPY_AMR; CADJPY_ARB; EURJPY_AMR; GBPJPY_AMR,6,4,1,23.643410852713178,LOW,NORMAL,NORMAL_to_LOW
2026-01-21,1.0795,2,2,2,3,3,100.0,100.0,0.0,0.0,50.0,50.0,100.0,0.0,0.0,0.345814,2,AUDJPY_AMR; EURJPY_AMR,3,2,0,42.377260981912144,NORMAL,LOW,LOW_to_NORMAL
2026-01-22,-1.5958,3,3,3,4,4,100.0,100.0,0.0,0.0,33.3,66.7,100.0,0.0,0.0,0.601924,3,AUDJPY_AMR; CADJPY_AMR; EURJPY_AMR,4,3,0,71.31782945736434,HIGH,NORMAL,NORMAL_to_HIGH
2026-01-23,-2.7354,4,4,5,5,5,100.0,75.0,25.0,0.0,25.0,75.0,75.0,25.0,0.0,0.331093,4,AUDJPY_AMR; CADJPY_AMR; CADJPY_ARB; EURJPY_AMR,5,3,0,39.14728682170542,NORMAL,HIGH,HIGH_to_NORMAL
2026-01-26,1.1682,5,5,3,5,5,80.0,80.0,0.0,20.0,100.0,0.0,100.0,0.0,0.0,0.962793,5,AUDJPY_AMR; CADJPY_AMR; EURJPY_AMR; GBPJPY_AMR; GBPUSD_MONDAY,4,4,1,98.19121447028424,HIGH,NORMAL,NORMAL_to_HIGH
2026-01-27,1.1885,2,2,2,4,4,100.0,100.0,0.0,0.0,0.0,100.0,100.0,0.0,0.0,0.695726,2,CADJPY_AMR; EURJPY_AMR,4,4,0,80.49095607235142,HIGH,HIGH,HIGH_to_HIGH
2026-01-28,-2.1579,2,2,3,4,4,100.0,100.0,0.0,0.0,50.0,50.0,100.0,0.0,0.0,0.910066,2,CADJPY_AMR; EURJPY_AMR,4,4,0,95.99483204134367,HIGH,HIGH,HIGH_to_HIGH
2026-01-29,1.169,2,2,2,3,3,100.0,100.0,0.0,0.0,100.0,0.0,100.0,0.0,0.0,0.91045,2,AUDJPY_AMR; CADJPY_AMR,3,3,0,96.12403100775194,HIGH,HIGH,HIGH_to_HIGH
2026-01-30,-3.2573,3,3,4,4,4,100.0,100.0,0.0,0.0,33.3,66.7,100.0,0.0,0.0,0.901179,3,AUDJPY_AMR; CADJPY_AMR; EURJPY_AMR,4,4,0,95.21963824289405,HIGH,HIGH,HIGH_to_HIGH
2026-02-02,-0.37,6,6,5,6,6,83.3,66.7,16.7,16.7,16.7,83.3,83.3,16.7,0.0,0.914812,6,AUDJPY_AMR; CADJPY_AMR; CADJPY_ARB; EURJPY_AMR; GBPJPY_AMR; GBPUSD_MONDAY,5,4,1,96.2532299741602,HIGH,HIGH,HIGH_to_HIGH
2026-02-03,-2.8768,4,4,5,5,5,100.0,100.0,0.0,0.0,0.0,100.0,100.0,0.0,0.0,0.50404,4,AUDJPY_AMR; CADJPY_AMR; EURJPY_AMR; GBPJPY_AMR,5,4,1,60.20671834625323,NORMAL,HIGH,HIGH_to_NORMAL
2026-02-04,-3.5125,5,5,4,5,5,100.0,80.0,20.0,0.0,20.0,80.0,80.0,20.0,0.0,0.512458,5,AUDJPY_AMR; CADJPY_AMR; CADJPY_ARB; EURJPY_AMR; GBPJPY_AMR,5,4,1,61.240310077519375,NORMAL,NORMAL,NORMAL_to_NORMAL
2026-02-05,1.6085,3,3,3,4,4,100.0,100.0,0.0,0.0,33.3,66.7,100.0,0.0,0.0,0.618288,3,AUDJPY_AMR; CADJPY_AMR; EURJPY_AMR,4,3,0,73.38501291989664,HIGH,NORMAL,NORMAL_to_HIGH
2026-02-06,-2.5587,4,4,5,5,5,100.0,100.0,0.0,0.0,100.0,0.0,100.0,0.0,0.0,0.794124,4,AUDJPY_AMR; CADJPY_AMR; EURJPY_AMR; GBPJPY_AMR,5,4,1,89.79328165374677,HIGH,HIGH,HIGH_to_HIGH
2026-02-09,3.2142,5,5,5,5,5,80.0,80.0,0.0,20.0,100.0,0.0,100.0,0.0,0.0,0.736537,5,AUDJPY_AMR; CADJPY_AMR; EURJPY_AMR; GBPJPY_AMR; GBPUSD_MONDAY,4,4,1,85.14211886304909,HIGH,HIGH,HIGH_to_HIGH
2026-02-10,1.7584,3,3,3,3,3,100.0,100.0,0.0,0.0,66.7,33.3,100.0,0.0,0.0,0.737663,3,AUDJPY_AMR; CADJPY_AMR; EURJPY_AMR,3,3,0,85.40051679586563,HIGH,HIGH,HIGH_to_HIGH
2026-02-11,-2.2368,4,4,3,4,4,100.0,75.0,25.0,0.0,75.0,25.0,75.0,25.0,0.0,0.60473,4,CADJPY_AMR; CADJPY_ARB; EURJPY_AMR; GBPJPY_AMR,4,3,1,71.83462532299741,HIGH,HIGH,HIGH_to_HIGH
2026-02-12,1.7732,3,3,3,4,4,100.0,100.0,0.0,0.0,33.3,66.7,100.0,0.0,0.0,0.857342,3,AUDJPY_AMR; CADJPY_AMR; EURJPY_AMR,4,3,0,92.89405684754522,HIGH,HIGH,HIGH_to_HIGH
2026-02-13,0.845,4,4,5,5,5,100.0,100.0,0.0,0.0,0.0,100.0,100.0,0.0,0.0,0.909364,4,AUDJPY_AMR; CADJPY_AMR; EURJPY_AMR; GBPJPY_AMR,5,4,1,95.8656330749354,HIGH,HIGH,HIGH_to_HIGH
2026-02-16,-0.8558,5,5,5,5,5,80.0,80.0,0.0,20.0,60.0,40.0,100.0,0.0,0.0,0.767651,5,AUDJPY_AMR; CADJPY_AMR; EURJPY_AMR; GBPJPY_AMR; GBPUSD_MONDAY,4,4,1,87.72609819121448,HIGH,HIGH,HIGH_to_HIGH
2026-02-17,1.3009,5,5,4,5,5,100.0,80.0,20.0,0.0,40.0,60.0,80.0,20.0,0.0,0.250382,5,AUDJPY_AMR; CADJPY_AMR; CADJPY_ARB; EURJPY_AMR; GBPJPY_AMR,5,4,1,28.68217054263566,LOW,HIGH,HIGH_to_LOW
2026-02-18,1.6621,3,3,4,4,4,100.0,100.0,0.0,0.0,100.0,0.0,100.0,0.0,0.0,0.549662,3,AUDJPY_AMR; CADJPY_AMR; EURJPY_AMR,4,3,0,65.50387596899225,NORMAL,LOW,LOW_to_NORMAL
2026-02-19,-0.8946,4,4,4,4,4,100.0,100.0,0.0,0.0,25.0,75.0,100.0,0.0,0.0,0.591347,4,AUDJPY_AMR; CADJPY_AMR; EURJPY_AMR; GBPJPY_AMR,4,4,1,69.89664082687338,HIGH,NORMAL,NORMAL_to_HIGH
2026-02-20,1.4792,5,5,5,5,5,100.0,80.0,20.0,0.0,20.0,80.0,80.0,20.0,0.0,0.564807,5,AUDJPY_AMR; CADJPY_AMR; CADJPY_ARB; EURJPY_AMR; GBPJPY_AMR,5,4,1,66.79586563307494,HIGH,HIGH,HIGH_to_HIGH
2026-02-23,-2.5067,5,5,5,5,5,80.0,80.0,0.0,20.0,100.0,0.0,100.0,0.0,0.0,0.705999,5,AUDJPY_AMR; CADJPY_AMR; EURJPY_AMR; GBPJPY_AMR; GBPUSD_MONDAY,4,4,1,81.78294573643412,HIGH,HIGH,HIGH_to_HIGH
2026-02-24,-3.2254,3,3,3,3,3,100.0,100.0,0.0,0.0,0.0,100.0,100.0,0.0,0.0,0.539298,3,AUDJPY_AMR; CADJPY_AMR; EURJPY_AMR,3,3,0,64.59948320413437,NORMAL,HIGH,HIGH_to_NORMAL
2026-02-25,1.6131,3,3,3,3,3,100.0,100.0,0.0,0.0,66.7,33.3,100.0,0.0,0.0,0.412076,3,AUDJPY_AMR; CADJPY_AMR; EURJPY_AMR,3,3,0,48.837209302325576,NORMAL,NORMAL,NORMAL_to_NORMAL
2026-02-26,0.7791,4,4,4,4,4,100.0,100.0,0.0,0.0,100.0,0.0,100.0,0.0,0.0,0.528322,4,AUDJPY_AMR; CADJPY_AMR; EURJPY_AMR; GBPJPY_AMR,4,4,1,63.565891472868216,NORMAL,NORMAL,NORMAL_to_NORMAL
2026-02-27,0.6155,1,1,1,1,1,100.0,100.0,0.0,0.0,100.0,0.0,100.0,0.0,0.0,0.688015,1,EURJPY_AMR,1,1,0,79.84496124031007,HIGH,NORMAL,NORMAL_to_HIGH
2026-03-02,2.5847,6,6,5,6,6,83.3,66.7,16.7,16.7,83.3,16.7,83.3,16.7,0.0,0.845108,6,AUDJPY_AMR; CADJPY_AMR; CADJPY_ARB; EURJPY_AMR; GBPJPY_AMR; GBPUSD_MONDAY,5,4,1,92.37726098191214,HIGH,HIGH,HIGH_to_HIGH
2026-03-03,0.7996,4,4,4,5,5,100.0,100.0,0.0,0.0,0.0,100.0,100.0,0.0,0.0,0.689461,4,AUDJPY_AMR; CADJPY_AMR; EURJPY_AMR; GBPJPY_AMR,5,4,1,79.97416020671835,HIGH,HIGH,HIGH_to_HIGH
2026-03-04,-0.9097,4,4,4,5,5,100.0,100.0,0.0,0.0,100.0,0.0,100.0,0.0,0.0,0.836983,4,AUDJPY_AMR; CADJPY_AMR; EURJPY_AMR; GBPJPY_AMR,5,4,1,91.7312661498708,HIGH,HIGH,HIGH_to_HIGH
2026-03-05,-2.5876,4,4,4,5,5,100.0,100.0,0.0,0.0,100.0,0.0,100.0,0.0,0.0,0.559908,4,AUDJPY_AMR; CADJPY_AMR; EURJPY_AMR; GBPJPY_AMR,5,4,1,66.1498708010336,NORMAL,HIGH,HIGH_to_NORMAL
2026-03-06,-0.4814,2,2,3,3,3,100.0,100.0,0.0,0.0,0.0,100.0,100.0,0.0,0.0,0.698265,2,AUDJPY_AMR; EURJPY_AMR,3,2,0,81.26614987080103,HIGH,NORMAL,NORMAL_to_HIGH
2026-03-09,-0.9042,4,4,4,4,4,75.0,75.0,0.0,25.0,75.0,25.0,100.0,0.0,0.0,0.905533,4,AUDJPY_AMR; CADJPY_AMR; EURJPY_AMR; GBPUSD_MONDAY,3,3,0,95.47803617571059,HIGH,HIGH,HIGH_to_HIGH
2026-03-10,1.7796,3,3,3,3,3,100.0,100.0,0.0,0.0,66.7,33.3,100.0,0.0,0.0,0.702291,3,AUDJPY_AMR; CADJPY_AMR; EURJPY_AMR,3,3,0,81.52454780361758,HIGH,HIGH,HIGH_to_HIGH
2026-03-11,-4.4415,4,4,4,4,4,100.0,100.0,0.0,0.0,0.0,100.0,100.0,0.0,0.0,0.398725,4,AUDJPY_AMR; CADJPY_AMR; EURJPY_AMR; GBPJPY_AMR,4,4,1,47.286821705426355,NORMAL,HIGH,HIGH_to_NORMAL
2026-03-12,0.0099,3,3,3,3,3,100.0,100.0,0.0,0.0,66.7,33.3,100.0,0.0,0.0,0.422533,3,AUDJPY_AMR; CADJPY_AMR; EURJPY_AMR,3,3,0,50.0,NORMAL,NORMAL,NORMAL_to_NORMAL
2026-03-13,1.1056,2,2,2,2,2,100.0,100.0,0.0,0.0,50.0,50.0,100.0,0.0,0.0,0.567359,2,AUDJPY_AMR; EURJPY_AMR,2,2,0,67.31266149870801,HIGH,NORMAL,NORMAL_to_HIGH
2026-03-16,0.8289,4,4,4,4,4,75.0,50.0,25.0,25.0,50.0,50.0,75.0,25.0,0.0,0.509938,4,CADJPY_AMR; CADJPY_ARB; EURJPY_AMR; GBPUSD_MONDAY,3,2,0,60.98191214470285,NORMAL,HIGH,HIGH_to_NORMAL
2026-03-17,0.0254,3,3,3,3,3,100.0,100.0,0.0,0.0,0.0,100.0,100.0,0.0,0.0,0.417195,3,AUDJPY_AMR; CADJPY_AMR; EURJPY_AMR,3,3,0,49.6124031007752,NORMAL,NORMAL,NORMAL_to_NORMAL
2026-03-18,0.5232,4,4,4,4,4,100.0,75.0,25.0,0.0,50.0,50.0,75.0,25.0,0.0,0.202261,4,AUDJPY_AMR; CADJPY_AMR; CADJPY_ARB; EURJPY_AMR,4,3,0,20.28423772609819,LOW,NORMAL,NORMAL_to_LOW
2026-03-19,2.4835,4,4,4,4,4,100.0,100.0,0.0,0.0,0.0,100.0,100.0,0.0,0.0,0.520093,4,AUDJPY_AMR; CADJPY_AMR; EURJPY_AMR; GBPJPY_AMR,4,4,1,62.7906976744186,NORMAL,LOW,LOW_to_NORMAL
2026-03-20,-3.199,3,3,3,3,3,100.0,100.0,0.0,0.0,0.0,100.0,100.0,0.0,0.0,0.696652,3,AUDJPY_AMR; CADJPY_AMR; EURJPY_AMR,3,3,0,80.87855297157623,HIGH,NORMAL,NORMAL_to_HIGH
2026-03-23,1.9411,3,3,3,3,3,66.7,66.7,0.0,33.3,100.0,0.0,100.0,0.0,0.0,0.734835,3,CADJPY_AMR; EURJPY_AMR; GBPUSD_MONDAY,2,2,0,84.88372093023256,HIGH,HIGH,HIGH_to_HIGH
2026-03-24,-1.0703,4,4,4,4,4,100.0,100.0,0.0,0.0,75.0,25.0,100.0,0.0,0.0,0.622861,4,AUDJPY_AMR; CADJPY_AMR; EURJPY_AMR; GBPJPY_AMR,4,4,1,73.64341085271317,HIGH,HIGH,HIGH_to_HIGH
2026-03-25,1.3663,2,2,2,2,2,100.0,100.0,0.0,0.0,0.0,100.0,100.0,0.0,0.0,0.436452,2,EURJPY_AMR; GBPJPY_AMR,2,2,1,52.19638242894057,NORMAL,HIGH,HIGH_to_NORMAL
2026-03-26,-0.5632,2,2,1,2,2,100.0,50.0,50.0,0.0,0.0,100.0,50.0,50.0,0.0,0.13423,2,CADJPY_ARB; EURJPY_AMR,2,1,0,12.790697674418606,LOW,NORMAL,NORMAL_to_LOW
2026-03-27,-0.5091,2,2,3,3,3,100.0,100.0,0.0,0.0,100.0,0.0,100.0,0.0,0.0,0.501561,2,AUDJPY_AMR; EURJPY_AMR,3,2,0,59.68992248062015,NORMAL,LOW,LOW_to_NORMAL
2026-03-30,-3.1281,5,5,5,5,5,80.0,80.0,0.0,20.0,100.0,0.0,100.0,0.0,0.0,0.561655,5,AUDJPY_AMR; CADJPY_AMR; EURJPY_AMR; GBPJPY_AMR; GBPUSD_MONDAY,4,4,1,66.5374677002584,NORMAL,NORMAL,NORMAL_to_NORMAL
2026-03-31,-1.0198,4,4,4,4,4,100.0,100.0,0.0,0.0,0.0,100.0,100.0,0.0,0.0,0.331868,4,AUDJPY_AMR; CADJPY_AMR; EURJPY_AMR; GBPJPY_AMR,4,4,1,39.53488372093023,NORMAL,NORMAL,NORMAL_to_NORMAL
2026-04-01,0.743,4,4,4,4,4,100.0,100.0,0.0,0.0,25.0,75.0,100.0,0.0,0.0,0.571392,4,AUDJPY_AMR; CADJPY_AMR; EURJPY_AMR; GBPJPY_AMR,4,4,1,67.95865633074936,HIGH,NORMAL,NORMAL_to_HIGH
2026-04-02,0.5863,1,1,1,1,1,100.0,100.0,0.0,0.0,0.0,100.0,100.0,0.0,0.0,0.667565,1,EURJPY_AMR,1,1,0,78.16537467700259,HIGH,HIGH,HIGH_to_HIGH
2026-04-03,2.223,4,4,4,4,4,100.0,100.0,0.0,0.0,50.0,50.0,100.0,0.0,0.0,0.222077,4,AUDJPY_AMR; CADJPY_AMR; EURJPY_AMR; GBPJPY_AMR,4,4,1,24.289405684754524,LOW,HIGH,HIGH_to_LOW
2026-04-06,2.6147,5,5,5,5,5,80.0,80.0,0.0,20.0,80.0,20.0,100.0,0.0,0.0,0.390128,5,AUDJPY_AMR; CADJPY_AMR; EURJPY_AMR; GBPJPY_AMR; GBPUSD_MONDAY,4,4,1,46.51162790697674,NORMAL,LOW,LOW_to_NORMAL
2026-04-07,2.1602,4,4,4,4,4,100.0,100.0,0.0,0.0,75.0,25.0,100.0,0.0,0.0,0.112913,4,AUDJPY_AMR; CADJPY_AMR; EURJPY_AMR; GBPJPY_AMR,4,4,1,11.24031007751938,LOW,NORMAL,NORMAL_to_LOW
2026-04-08,-4.3172,4,4,4,4,4,100.0,100.0,0.0,0.0,25.0,75.0,100.0,0.0,0.0,0.599392,4,AUDJPY_AMR; CADJPY_AMR; EURJPY_AMR; GBPJPY_AMR,4,4,1,70.67183462532299,HIGH,LOW,LOW_to_HIGH
2026-04-09,0.2211,3,3,3,3,3,100.0,100.0,0.0,0.0,66.7,33.3,100.0,0.0,0.0,0.295902,3,CADJPY_AMR; EURJPY_AMR; GBPJPY_AMR,3,3,1,35.012919896640824,NORMAL,HIGH,HIGH_to_NORMAL
2026-04-13,3.1807,5,5,5,5,5,80.0,80.0,0.0,20.0,100.0,0.0,100.0,0.0,0.0,0.627581,5,AUDJPY_AMR; CADJPY_AMR; EURJPY_AMR; GBPJPY_AMR; GBPUSD_MONDAY,4,4,1,73.90180878552972,HIGH,NORMAL,NORMAL_to_HIGH
2026-04-14,-1.5669,3,3,3,3,3,100.0,66.7,33.3,0.0,66.7,33.3,66.7,33.3,0.0,0.186448,3,AUDJPY_AMR; CADJPY_ARB; EURJPY_AMR,3,2,0,18.47545219638243,LOW,HIGH,HIGH_to_LOW
2026-04-15,0.5865,1,1,1,1,1,100.0,100.0,0.0,0.0,100.0,0.0,100.0,0.0,0.0,0.212101,1,AUDJPY_AMR,1,1,0,21.963824289405682,LOW,LOW,LOW_to_LOW
2026-04-16,0.6859,2,2,1,2,2,100.0,50.0,50.0,0.0,100.0,0.0,50.0,50.0,0.0,0.119282,2,CADJPY_ARB; EURJPY_AMR,2,1,0,11.757105943152455,LOW,LOW,LOW_to_LOW
2026-04-17,-0.3426,5,5,6,6,6,100.0,80.0,20.0,0.0,80.0,20.0,80.0,20.0,0.0,0.167903,5,AUDJPY_AMR; CADJPY_AMR; CADJPY_ARB; EURJPY_AMR; GBPJPY_AMR,6,4,1,16.020671834625322,LOW,LOW,LOW_to_LOW
2026-04-20,1.6337,3,3,3,3,3,66.7,66.7,0.0,33.3,100.0,0.0,100.0,0.0,0.0,0.727813,3,AUDJPY_AMR; EURJPY_AMR; GBPUSD_MONDAY,2,2,0,83.72093023255815,HIGH,LOW,LOW_to_HIGH
2026-04-23,2.3808,4,4,4,4,4,100.0,100.0,0.0,0.0,100.0,0.0,100.0,0.0,0.0,0.05979,4,AUDJPY_AMR; CADJPY_AMR; EURJPY_AMR; GBPJPY_AMR,4,4,1,5.426356589147287,LOW,HIGH,HIGH_to_LOW
2026-04-24,1.1847,2,2,2,2,2,100.0,100.0,0.0,0.0,100.0,0.0,100.0,0.0,0.0,0.348788,2,AUDJPY_AMR; EURJPY_AMR,2,2,0,42.764857881136955,NORMAL,LOW,LOW_to_NORMAL
2026-04-27,1.388,3,3,3,3,3,66.7,66.7,0.0,33.3,100.0,0.0,100.0,0.0,0.0,0.31214,3,AUDJPY_AMR; EURJPY_AMR; GBPUSD_MONDAY,2,2,0,36.95090439276486,NORMAL,NORMAL,NORMAL_to_NORMAL
2026-04-28,-0.6678,2,2,2,2,2,100.0,100.0,0.0,0.0,100.0,0.0,100.0,0.0,0.0,0.033598,2,AUDJPY_AMR; EURJPY_AMR,2,2,0,1.937984496124031,LOW,NORMAL,NORMAL_to_LOW
2026-04-29,1.4907,3,3,3,3,3,100.0,100.0,0.0,0.0,100.0,0.0,100.0,0.0,0.0,0.130287,3,AUDJPY_AMR; CADJPY_AMR; EURJPY_AMR,3,3,0,12.532299741602069,LOW,LOW,LOW_to_LOW
2026-04-30,-0.5763,2,2,2,2,2,100.0,50.0,50.0,0.0,100.0,0.0,50.0,50.0,0.0,0.117333,2,CADJPY_ARB; EURJPY_AMR,2,1,0,11.498708010335918,LOW,LOW,LOW_to_LOW
2026-05-01,0.9404,4,4,4,4,4,100.0,100.0,0.0,0.0,0.0,100.0,100.0,0.0,0.0,0.702253,4,AUDJPY_AMR; CADJPY_AMR; EURJPY_AMR; GBPJPY_AMR,4,4,1,81.3953488372093,HIGH,LOW,LOW_to_HIGH
2026-05-04,-0.5846,4,4,4,4,4,75.0,75.0,0.0,25.0,75.0,25.0,100.0,0.0,0.0,0.592881,4,AUDJPY_AMR; CADJPY_AMR; EURJPY_AMR; GBPUSD_MONDAY,3,3,0,70.15503875968993,HIGH,HIGH,HIGH_to_HIGH
2026-05-06,1.8173,4,4,3,4,4,100.0,75.0,25.0,0.0,50.0,50.0,75.0,25.0,0.0,0.365448,4,AUDJPY_AMR; CADJPY_AMR; CADJPY_ARB; EURJPY_AMR,4,3,0,44.05684754521964,NORMAL,HIGH,HIGH_to_NORMAL
2026-05-07,2.4247,4,4,4,5,5,100.0,100.0,0.0,0.0,100.0,0.0,100.0,0.0,0.0,0.399008,4,AUDJPY_AMR; CADJPY_AMR; EURJPY_AMR; GBPJPY_AMR,5,4,1,47.41602067183462,NORMAL,NORMAL,NORMAL_to_NORMAL
2026-05-08,1.7801,3,3,4,4,4,100.0,100.0,0.0,0.0,100.0,0.0,100.0,0.0,0.0,0.470951,3,AUDJPY_AMR; CADJPY_AMR; EURJPY_AMR,4,3,0,56.45994832041343,NORMAL,NORMAL,NORMAL_to_NORMAL
2026-05-11,3.4276,5,5,5,5,5,80.0,80.0,0.0,20.0,100.0,0.0,100.0,0.0,0.0,0.737716,5,AUDJPY_AMR; CADJPY_AMR; EURJPY_AMR; GBPJPY_AMR; GBPUSD_MONDAY,4,4,1,85.52971576227391,HIGH,NORMAL,NORMAL_to_HIGH
2026-05-12,1.4909,3,3,3,3,3,100.0,100.0,0.0,0.0,66.7,33.3,100.0,0.0,0.0,0.086003,3,AUDJPY_AMR; CADJPY_AMR; EURJPY_AMR,3,3,0,7.493540051679587,LOW,HIGH,HIGH_to_LOW
2026-05-13,1.0774,2,2,2,2,2,100.0,100.0,0.0,0.0,50.0,50.0,100.0,0.0,0.0,0.088008,2,CADJPY_AMR; EURJPY_AMR,2,2,0,7.751937984496124,LOW,LOW,LOW_to_LOW
2026-05-14,-0.0368,3,3,3,3,3,100.0,100.0,0.0,0.0,100.0,0.0,100.0,0.0,0.0,0.249381,3,AUDJPY_AMR; CADJPY_AMR; EURJPY_AMR,3,3,0,28.165374677002585,LOW,LOW,LOW_to_LOW
2026-05-15,-2.2145,2,2,2,2,2,100.0,100.0,0.0,0.0,100.0,0.0,100.0,0.0,0.0,0.170412,2,AUDJPY_AMR; EURJPY_AMR,2,2,0,16.5374677002584,LOW,LOW,LOW_to_LOW
2026-05-18,3.3333,5,5,5,5,5,80.0,80.0,0.0,20.0,100.0,0.0,100.0,0.0,0.0,0.475443,5,AUDJPY_AMR; CADJPY_AMR; EURJPY_AMR; GBPJPY_AMR; GBPUSD_MONDAY,4,4,1,57.105943152454785,NORMAL,LOW,LOW_to_NORMAL
2026-05-19,1.6996,3,3,3,3,3,100.0,100.0,0.0,0.0,100.0,0.0,100.0,0.0,0.0,0.294419,3,AUDJPY_AMR; CADJPY_AMR; EURJPY_AMR,3,3,0,34.49612403100775,NORMAL,NORMAL,NORMAL_to_NORMAL
2026-05-20,-1.17,4,4,4,4,4,100.0,100.0,0.0,0.0,100.0,0.0,100.0,0.0,0.0,0.115218,4,AUDJPY_AMR; CADJPY_AMR; EURJPY_AMR; GBPJPY_AMR,4,4,1,11.369509043927648,LOW,NORMAL,NORMAL_to_LOW
2026-05-21,1.2466,2,2,2,2,2,100.0,100.0,0.0,0.0,100.0,0.0,100.0,0.0,0.0,0.217749,2,AUDJPY_AMR; GBPJPY_AMR,2,2,1,23.385012919896642,LOW,LOW,LOW_to_LOW
2026-05-22,1.0388,2,2,2,2,2,100.0,100.0,0.0,0.0,50.0,50.0,100.0,0.0,0.0,0.120953,2,CADJPY_AMR; EURJPY_AMR,2,2,0,11.886304909560723,LOW,LOW,LOW_to_LOW
2026-05-25,-0.3936,5,5,4,5,5,80.0,80.0,0.0,20.0,60.0,40.0,100.0,0.0,0.0,0.298006,5,AUDJPY_AMR; CADJPY_AMR; EURJPY_AMR; GBPJPY_AMR; GBPUSD_MONDAY,4,4,1,35.14211886304909,NORMAL,LOW,LOW_to_NORMAL
2026-05-26,1.8437,3,3,4,4,4,100.0,100.0,0.0,0.0,100.0,0.0,100.0,0.0,0.0,0.003279,3,AUDJPY_AMR; EURJPY_AMR; GBPJPY_AMR,4,4,1,0.12919896640826875,LOW,NORMAL,NORMAL_to_LOW
2026-05-27,0.5364,1,1,1,1,1,100.0,100.0,0.0,0.0,0.0,100.0,100.0,0.0,0.0,0.026321,1,AUDJPY_AMR,1,1,0,1.1627906976744187,LOW,LOW,LOW_to_LOW
2026-05-28,0.7028,4,4,4,4,4,100.0,100.0,0.0,0.0,100.0,0.0,100.0,0.0,0.0,0.112012,4,AUDJPY_AMR; CADJPY_AMR; EURJPY_AMR; GBPJPY_AMR,4,4,1,10.852713178294573,LOW,LOW,LOW_to_LOW
2026-05-29,-0.1019,3,3,3,3,3,100.0,100.0,0.0,0.0,66.7,33.3,100.0,0.0,0.0,0.033042,3,AUDJPY_AMR; EURJPY_AMR; GBPJPY_AMR,3,3,1,1.6795865633074936,LOW,LOW,LOW_to_LOW
2026-06-01,1.2257,3,3,3,3,3,66.7,66.7,0.0,33.3,100.0,0.0,100.0,0.0,0.0,0.303707,3,AUDJPY_AMR; EURJPY_AMR; GBPUSD_MONDAY,2,2,0,35.917312661498705,NORMAL,LOW,LOW_to_NORMAL
2026-06-02,0.5558,1,1,1,1,1,100.0,100.0,0.0,0.0,100.0,0.0,100.0,0.0,0.0,0.08917,1,CADJPY_AMR,1,1,0,7.881136950904392,LOW,NORMAL,NORMAL_to_LOW
2026-06-03,1.782,3,3,3,3,3,100.0,100.0,0.0,0.0,100.0,0.0,100.0,0.0,0.0,0.043104,3,AUDJPY_AMR; CADJPY_AMR; GBPJPY_AMR,3,3,1,2.9715762273901807,LOW,LOW,LOW_to_LOW
2026-06-04,0.9194,2,2,2,2,2,100.0,100.0,0.0,0.0,100.0,0.0,100.0,0.0,0.0,0.042784,2,AUDJPY_AMR; EURJPY_AMR,2,2,0,2.842377260981912,LOW,LOW,LOW_to_LOW
2026-06-05,0.5078,4,4,4,4,4,100.0,100.0,0.0,0.0,100.0,0.0,100.0,0.0,0.0,0.051034,4,AUDJPY_AMR; CADJPY_AMR; EURJPY_AMR; GBPJPY_AMR,4,4,1,4.263565891472868,LOW,LOW,LOW_to_LOW
2026-06-08,1.4926,3,3,3,3,3,66.7,66.7,0.0,33.3,66.7,33.3,100.0,0.0,0.0,0.651842,3,AUDJPY_AMR; EURJPY_AMR; GBPUSD_MONDAY,2,2,0,76.22739018087856,HIGH,LOW,LOW_to_HIGH
2026-06-09,2.284,5,5,4,5,5,100.0,80.0,20.0,0.0,100.0,0.0,80.0,20.0,0.0,0.09237,5,AUDJPY_AMR; CADJPY_AMR; CADJPY_ARB; EURJPY_AMR; GBPJPY_AMR,5,4,1,8.397932816537468,LOW,HIGH,HIGH_to_LOW
2026-06-10,0.5659,1,1,2,2,2,100.0,100.0,0.0,0.0,100.0,0.0,100.0,0.0,0.0,0.096687,1,EURJPY_AMR,2,1,0,9.043927648578812,LOW,LOW,LOW_to_LOW
2026-06-11,1.1309,2,2,2,2,2,100.0,100.0,0.0,0.0,100.0,0.0,100.0,0.0,0.0,0.111798,2,CADJPY_AMR; EURJPY_AMR,2,2,0,10.594315245478036,LOW,LOW,LOW_to_LOW
2026-06-12,0.0097,2,2,2,2,2,100.0,100.0,0.0,0.0,0.0,100.0,100.0,0.0,0.0,0.331762,2,CADJPY_AMR; EURJPY_AMR,2,2,0,39.276485788113696,NORMAL,LOW,LOW_to_NORMAL
2026-06-15,0.857,5,5,5,5,5,80.0,80.0,0.0,20.0,80.0,20.0,100.0,0.0,0.0,0.268799,5,AUDJPY_AMR; CADJPY_AMR; EURJPY_AMR; GBPJPY_AMR; GBPUSD_MONDAY,4,4,1,31.52454780361757,LOW,NORMAL,NORMAL_to_LOW
2026-06-16,-1.3564,4,4,4,4,4,100.0,100.0,0.0,0.0,100.0,0.0,100.0,0.0,0.0,0.025157,4,AUDJPY_AMR; CADJPY_AMR; EURJPY_AMR; GBPJPY_AMR,4,4,1,0.9043927648578811,LOW,LOW,LOW_to_LOW
2026-06-17,0.45,4,4,4,4,4,100.0,100.0,0.0,0.0,100.0,0.0,100.0,0.0,0.0,0.043414,4,AUDJPY_AMR; CADJPY_AMR; EURJPY_AMR; GBPJPY_AMR,4,4,1,3.229974160206718,LOW,LOW,LOW_to_LOW
2026-06-18,-0.4986,2,2,2,2,2,100.0,100.0,0.0,0.0,0.0,100.0,100.0,0.0,0.0,0.482706,2,AUDJPY_AMR; EURJPY_AMR,2,2,0,57.622739018087856,NORMAL,LOW,LOW_to_NORMAL
2026-06-19,-2.7419,4,4,4,4,4,100.0,100.0,0.0,0.0,100.0,0.0,100.0,0.0,0.0,0.424797,4,AUDJPY_AMR; CADJPY_AMR; EURJPY_AMR; GBPJPY_AMR,4,4,1,50.3875968992248,NORMAL,NORMAL,NORMAL_to_NORMAL
2026-06-22,0.651,4,4,4,4,4,75.0,75.0,0.0,25.0,100.0,0.0,100.0,0.0,0.0,0.506607,4,AUDJPY_AMR; EURJPY_AMR; GBPJPY_AMR; GBPUSD_MONDAY,3,3,1,60.72351421188631,NORMAL,NORMAL,NORMAL_to_NORMAL
2026-06-23,0.0199,3,3,3,3,3,100.0,100.0,0.0,0.0,100.0,0.0,100.0,0.0,0.0,0.110302,3,AUDJPY_AMR; EURJPY_AMR; GBPJPY_AMR,3,3,1,10.465116279069768,LOW,NORMAL,NORMAL_to_LOW
2026-06-24,-0.299,3,3,3,3,3,100.0,100.0,0.0,0.0,66.7,33.3,100.0,0.0,0.0,0.103437,3,AUDJPY_AMR; CADJPY_AMR; EURJPY_AMR,3,3,0,9.948320413436692,LOW,LOW,LOW_to_LOW
2026-06-25,1.5651,3,3,3,3,3,100.0,100.0,0.0,0.0,100.0,0.0,100.0,0.0,0.0,0.063824,3,AUDJPY_AMR; CADJPY_AMR; EURJPY_AMR,3,3,0,5.943152454780361,LOW,LOW,LOW_to_LOW
2026-06-26,-0.1197,3,3,3,3,3,100.0,100.0,0.0,0.0,100.0,0.0,100.0,0.0,0.0,0.231266,3,AUDJPY_AMR; CADJPY_AMR; EURJPY_AMR,3,3,0,25.581395348837212,LOW,LOW,LOW_to_LOW
2026-06-29,1.0539,5,5,5,5,5,80.0,60.0,20.0,20.0,100.0,0.0,80.0,20.0,0.0,0.221799,5,AUDJPY_AMR; CADJPY_AMR; CADJPY_ARB; EURJPY_AMR; GBPUSD_MONDAY,4,3,0,24.160206718346252,LOW,LOW,LOW_to_LOW
2026-06-30,1.5169,3,3,3,3,3,100.0,100.0,0.0,0.0,100.0,0.0,100.0,0.0,0.0,0.056294,3,AUDJPY_AMR; CADJPY_AMR; EURJPY_AMR,3,3,0,4.521963824289406,LOW,LOW,LOW_to_LOW
2026-07-01,-0.5813,2,2,2,2,2,100.0,100.0,0.0,0.0,100.0,0.0,100.0,0.0,0.0,0.060822,2,AUDJPY_AMR; EURJPY_AMR,2,2,0,5.555555555555555,LOW,LOW,LOW_to_LOW
2026-07-02,1.7654,5,5,5,5,5,100.0,80.0,20.0,0.0,60.0,40.0,80.0,20.0,0.0,0.067919,5,AUDJPY_AMR; CADJPY_AMR; CADJPY_ARB; EURJPY_AMR; GBPJPY_AMR,5,4,1,6.2015503875969,LOW,LOW,LOW_to_LOW
2026-07-03,-2.8626,4,4,4,4,4,100.0,100.0,0.0,0.0,25.0,75.0,100.0,0.0,0.0,0.250833,4,AUDJPY_AMR; CADJPY_AMR; EURJPY_AMR; GBPJPY_AMR,4,4,1,28.940568475452196,LOW,LOW,LOW_to_LOW
2026-07-06,3.1158,4,4,3,4,4,75.0,50.0,25.0,25.0,100.0,0.0,75.0,25.0,0.0,0.074221,4,CADJPY_ARB; EURJPY_AMR; GBPJPY_AMR; GBPUSD_MONDAY,3,2,1,6.718346253229974,LOW,LOW,LOW_to_LOW
2026-07-07,-1.8221,3,3,3,4,4,100.0,100.0,0.0,0.0,100.0,0.0,100.0,0.0,0.0,0.058871,3,AUDJPY_AMR; CADJPY_AMR; EURJPY_AMR,4,3,0,5.038759689922481,LOW,LOW,LOW_to_LOW
2026-07-08,-0.126,3,3,4,4,4,100.0,100.0,0.0,0.0,33.3,66.7,100.0,0.0,0.0,0.152315,3,AUDJPY_AMR; CADJPY_AMR; EURJPY_AMR,4,3,0,14.857881136950905,LOW,LOW,LOW_to_LOW
2026-07-09,0.4084,1,1,1,1,1,100.0,100.0,0.0,0.0,100.0,0.0,100.0,0.0,0.0,0.041245,1,CADJPY_AMR,1,1,0,2.3255813953488373,LOW,LOW,LOW_to_LOW
2026-07-10,0.4675,4,4,4,4,4,100.0,100.0,0.0,0.0,100.0,0.0,100.0,0.0,0.0,0.049614,4,AUDJPY_AMR; CADJPY_AMR; EURJPY_AMR; GBPJPY_AMR,4,4,1,4.0051679586563305,LOW,LOW,LOW_to_LOW
2026-07-13,3.9569,6,6,5,6,6,83.3,66.7,16.7,16.7,100.0,0.0,83.3,16.7,0.0,0.172949,6,AUDJPY_AMR; CADJPY_AMR; CADJPY_ARB; EURJPY_AMR; GBPJPY_AMR; GBPUSD_MONDAY,5,4,1,17.05426356589147,LOW,LOW,LOW_to_LOW
2026-07-14,0.4499,1,1,2,2,2,100.0,100.0,0.0,0.0,0.0,100.0,100.0,0.0,0.0,0.057685,1,EURJPY_AMR,2,1,0,4.909560723514212,LOW,LOW,LOW_to_LOW
2026-07-15,2.8881,3,3,2,3,3,100.0,66.7,33.3,0.0,100.0,0.0,66.7,33.3,0.0,0.05659,3,AUDJPY_AMR; CADJPY_ARB; EURJPY_AMR,3,2,0,4.651162790697675,LOW,LOW,LOW_to_LOW
2026-07-16,-0.6189,2,2,2,3,3,100.0,100.0,0.0,0.0,50.0,50.0,100.0,0.0,0.0,0.083556,2,AUDJPY_AMR; EURJPY_AMR,3,2,0,7.3643410852713185,LOW,LOW,LOW_to_LOW
2026-07-17,-1.3587,4,4,5,5,5,100.0,100.0,0.0,0.0,25.0,75.0,100.0,0.0,0.0,0.018337,4,AUDJPY_AMR; CADJPY_AMR; EURJPY_AMR; GBPJPY_AMR,5,4,1,0.2583979328165375,LOW,LOW,LOW_to_LOW
2026-07-20,-0.0948,4,4,4,4,4,75.0,75.0,0.0,25.0,100.0,0.0,100.0,0.0,0.0,0.248252,4,AUDJPY_AMR; EURJPY_AMR; GBPJPY_AMR; GBPUSD_MONDAY,3,3,1,27.906976744186046,LOW,LOW,LOW_to_LOW
2026-07-21,1.6261,3,3,3,3,3,100.0,100.0,0.0,0.0,100.0,0.0,100.0,0.0,0.0,0.057317,3,AUDJPY_AMR; CADJPY_AMR; EURJPY_AMR,3,3,0,4.7803617571059425,LOW,LOW,LOW_to_LOW
2026-07-22,0.5546,1,1,1,1,1,100.0,100.0,0.0,0.0,0.0,100.0,100.0,0.0,0.0,0.032216,1,AUDJPY_AMR,1,1,0,1.550387596899225,LOW,LOW,LOW_to_LOW
2026-07-23,0.8939,4,4,3,4,4,100.0,75.0,25.0,0.0,100.0,0.0,75.0,25.0,0.0,0.021492,4,AUDJPY_AMR; CADJPY_ARB; EURJPY_AMR; GBPJPY_AMR,4,3,1,0.6459948320413437,LOW,LOW,LOW_to_LOW
2026-07-24,-0.2055,3,3,4,4,4,100.0,100.0,0.0,0.0,33.3,66.7,100.0,0.0,0.0,0.063441,3,AUDJPY_AMR; CADJPY_AMR; EURJPY_AMR,4,3,0,5.813953488372093,LOW,LOW,LOW_to_LOW
2026-07-27,0.1849,5,5,5,5,5,80.0,80.0,0.0,20.0,60.0,40.0,100.0,0.0,0.0,0.135625,5,AUDJPY_AMR; CADJPY_AMR; EURJPY_AMR; GBPJPY_AMR; GBPUSD_MONDAY,4,4,1,12.919896640826872,LOW,LOW,LOW_to_LOW
2026-07-28,0.8815,2,2,2,2,2,100.0,100.0,0.0,0.0,50.0,50.0,100.0,0.0,0.0,0.025987,2,CADJPY_AMR; EURJPY_AMR,2,2,0,1.03359173126615,LOW,LOW,LOW_to_LOW
2026-07-29,-0.0833,3,3,3,3,3,100.0,100.0,0.0,0.0,100.0,0.0,100.0,0.0,0.0,0.028261,3,AUDJPY_AMR; EURJPY_AMR; GBPJPY_AMR,3,3,1,1.421188630490956,LOW,LOW,LOW_to_LOW
2026-07-31,1.917,3,3,3,3,3,100.0,100.0,0.0,0.0,0.0,100.0,100.0,0.0,0.0,0.943005,3,AUDJPY_AMR; CADJPY_AMR; EURJPY_AMR,3,3,0,97.28682170542635,HIGH,LOW,LOW_to_HIGH
2026-08-03,0.3883,5,5,2,5,5,80.0,80.0,0.0,20.0,100.0,0.0,100.0,0.0,0.0,0.958111,5,AUDJPY_AMR; CADJPY_AMR; EURJPY_AMR; GBPJPY_AMR; GBPUSD_MONDAY,4,4,1,98.06201550387597,HIGH,HIGH,HIGH_to_HIGH
2026-08-04,-1.0515,1,1,3,4,4,100.0,100.0,0.0,0.0,0.0,100.0,100.0,0.0,0.0,0.628715,1,CADJPY_AMR,4,4,0,74.03100775193798,HIGH,HIGH,HIGH_to_HIGH
2026-08-05,0.0751,3,3,4,4,4,100.0,100.0,0.0,0.0,100.0,0.0,100.0,0.0,0.0,0.312951,3,AUDJPY_AMR; CADJPY_AMR; EURJPY_AMR,4,4,0,37.2093023255814,NORMAL,HIGH,HIGH_to_NORMAL
2026-08-07,1.0317,2,2,2,2,2,100.0,100.0,0.0,0.0,50.0,50.0,100.0,0.0,0.0,0.137819,2,AUDJPY_AMR; EURJPY_AMR,2,2,0,13.307493540051679,LOW,NORMAL,NORMAL_to_LOW
2026-08-10,-2.0103,3,3,3,3,3,66.7,66.7,0.0,33.3,33.3,66.7,100.0,0.0,0.0,0.374784,3,CADJPY_AMR; EURJPY_AMR; GBPUSD_MONDAY,2,2,0,44.70284237726098,NORMAL,LOW,LOW_to_NORMAL
2026-08-11,-1.07,4,4,4,4,4,100.0,100.0,0.0,0.0,100.0,0.0,100.0,0.0,0.0,0.126799,4,AUDJPY_AMR; CADJPY_AMR; EURJPY_AMR; GBPJPY_AMR,4,4,1,12.4031007751938,LOW,NORMAL,NORMAL_to_LOW
2026-08-12,0.9582,2,2,2,2,2,100.0,100.0,0.0,0.0,50.0,50.0,100.0,0.0,0.0,0.018956,2,CADJPY_AMR; EURJPY_AMR,2,2,0,0.3875968992248062,LOW,LOW,LOW_to_LOW
2026-08-13,0.5107,1,1,1,1,1,100.0,100.0,0.0,0.0,100.0,0.0,100.0,0.0,0.0,0.042188,1,EURJPY_AMR,1,1,0,2.5839793281653747,LOW,LOW,LOW_to_LOW
