strategy,entry_time,r_multiple,prior_open_count,prior_jpy_open,prior_long_open,prior_short_open,prior_amr_open,prior_arb_open,prior_max_ccy_concentration,prior_n_factors,own_is_jpy,own_dir,own_mechanism,own_vol_pctile_atr
AUDJPY_AMR,2023-08-01 00:00:00+00:00,0.5468866101946809,0,0,0,0,0,0,0.0,0,True,BUY,AMR,0.2564938521317932
GBPJPY_AMR,2023-08-01 02:00:00+00:00,0.6415841584158474,1,1,0,1,1,0,1.0,2,True,SELL,AMR,0.1641876278254402
EURJPY_AMR,2023-08-01 02:00:00+00:00,0.5483405483405613,1,1,0,1,1,0,1.0,2,True,SELL,AMR,0.3056237965606533
CADJPY_AMR,2023-08-01 03:45:00+00:00,0.5573593073592563,0,0,0,0,0,0,0.0,0,True,SELL,AMR,0.3496799723793589
AUDJPY_AMR,2023-08-02 00:00:00+00:00,0.5505376344085644,1,1,1,0,1,0,1.0,2,True,BUY,AMR,0.3515595890775536
CADJPY_AMR,2023-08-02 00:00:00+00:00,0.5707257072569811,1,1,1,0,1,0,1.0,2,True,BUY,AMR,0.4747696066714472
GBPJPY_AMR,2023-08-02 00:30:00+00:00,0.7519582245430322,0,0,0,0,0,0,0.0,0,True,BUY,AMR,0.5014874233047358
EURJPY_AMR,2023-08-02 04:00:00+00:00,0.5712936732765701,0,0,0,0,0,0,0.0,0,True,SELL,AMR,0.6925038178075825
CADJPY_ARB,2023-08-02 08:00:00+00:00,1.7451923076922613,0,0,0,0,0,0,0.0,0,True,SELL,ARB,
AUDJPY_AMR,2023-08-03 00:00:00+00:00,0.5434782608695726,1,1,0,1,0,1,1.0,2,True,BUY,AMR,0.5382179166444883
EURJPY_AMR,2023-08-03 02:45:00+00:00,0.538461538461469,1,1,0,1,0,1,1.0,2,True,SELL,AMR,0.2618285638403824
AUDJPY_AMR,2023-08-04 00:00:00+00:00,0.5842462180490258,1,1,1,0,1,0,1.0,2,True,BUY,AMR,0.673311332304253
EURJPY_AMR,2023-08-04 00:00:00+00:00,0.568111646288854,1,1,1,0,1,0,1.0,2,True,BUY,AMR,0.4554544850939512
GBPJPY_AMR,2023-08-04 02:15:00+00:00,-1.0845260599514317,0,0,0,0,0,0,0.0,0,True,SELL,AMR,0.323448165953943
CADJPY_AMR,2023-08-04 03:15:00+00:00,0.577535243292492,1,1,0,1,1,0,1.0,2,True,SELL,AMR,0.423259766818049
EURJPY_AMR,2023-08-07 03:45:00+00:00,0.5774104683195419,0,0,0,0,0,0,0.0,0,True,BUY,AMR,0.5689794834340349
EURJPY_AMR,2023-08-08 01:00:00+00:00,0.4778972520908067,1,1,1,0,1,0,1.0,2,True,BUY,AMR,0.1909966137706659
CADJPY_AMR,2023-08-08 01:00:00+00:00,0.4703623710102966,1,1,1,0,1,0,1.0,2,True,BUY,AMR,0.2767508565054577
AUDJPY_AMR,2023-08-08 03:00:00+00:00,-1.2130971551264,1,1,0,1,1,0,1.0,2,True,SELL,AMR,0.085338265822111
GBPJPY_AMR,2023-08-08 03:00:00+00:00,-1.0841889117042287,1,1,0,1,1,0,1.0,2,True,SELL,AMR,0.1420754867327153
AUDJPY_AMR,2023-08-09 02:15:00+00:00,0.5434782608695027,1,1,1,0,1,0,1.0,2,True,BUY,AMR,0.3962048224836323
CADJPY_AMR,2023-08-09 02:15:00+00:00,0.5629397967161986,1,1,1,0,1,0,1.0,2,True,BUY,AMR,0.5115528643136005
EURJPY_AMR,2023-08-09 04:30:00+00:00,0.6071428571428854,0,0,0,0,0,0,0.0,0,True,SELL,AMR,0.4970453489144147
CADJPY_AMR,2023-08-10 03:00:00+00:00,-1.1476608187134425,0,0,0,0,0,0,0.0,0,True,SELL,AMR,0.2633256314237909
EURJPY_AMR,2023-08-10 05:00:00+00:00,-1.1088682546090305,1,1,0,1,1,0,1.0,2,True,SELL,AMR,0.2403824447247858
CADJPY_ARB,2023-08-10 07:00:00+00:00,1.083333333333368,0,0,0,0,0,0,0.0,0,True,BUY,ARB,0.364130724529509
CADJPY_AMR,2023-08-11 03:15:00+00:00,0.5594025797691304,1,1,1,0,0,1,1.0,2,True,SELL,AMR,0.2545215520675643
EURJPY_AMR,2023-08-14 01:15:00+00:00,0.5593653354847034,0,0,0,0,0,0,0.0,0,True,BUY,AMR,0.2316712037713299
AUDJPY_AMR,2023-08-14 02:45:00+00:00,0.3960396039603996,1,1,1,0,1,0,1.0,2,True,BUY,AMR,0.1473891520732421
CADJPY_AMR,2023-08-14 03:15:00+00:00,0.5633802816901696,0,0,0,0,0,0,0.0,0,True,SELL,AMR,0.4225692507901097
AUDJPY_AMR,2023-08-15 03:45:00+00:00,-1.2667319621285429,0,0,0,0,0,0,0.0,0,True,BUY,AMR,0.1926198967371054
EURJPY_AMR,2023-08-15 04:00:00+00:00,0.5343760182469137,0,0,0,0,0,0,0.0,0,True,BUY,AMR,0.2075559391806652
AUDJPY_AMR,2023-08-16 03:30:00+00:00,0.5911879531511506,0,0,0,0,0,0,0.0,0,True,BUY,AMR,0.2910922446372491
EURJPY_AMR,2023-08-16 04:15:00+00:00,0.497320471597124,1,1,1,0,1,0,1.0,2,True,SELL,AMR,0.182829825376801
CADJPY_ARB,2023-08-16 08:00:00+00:00,-1.0813008130081516,0,0,0,0,0,0,0.0,0,True,SELL,ARB,0.2579303726608732
AUDJPY_AMR,2023-08-17 02:30:00+00:00,-1.1608222490932698,0,0,0,0,0,0,0.0,0,True,BUY,AMR,0.3700963432160536
EURJPY_AMR,2023-08-17 03:00:00+00:00,0.5072463768114704,1,1,1,0,1,0,1.0,2,True,SELL,AMR,0.2256423876236637
CADJPY_ARB,2023-08-17 07:00:00+00:00,-1.071684587813634,0,0,0,0,0,0,0.0,0,True,BUY,ARB,0.2112278082849069
AUDJPY_AMR,2023-08-18 03:00:00+00:00,0.5273472296454232,0,0,0,0,0,0,0.0,0,True,SELL,AMR,0.451069888752861
EURJPY_AMR,2023-08-18 04:30:00+00:00,0.5825242718446113,0,0,0,0,0,0,0.0,0,True,BUY,AMR,0.5522076887324879
AUDJPY_AMR,2023-08-21 02:45:00+00:00,0.5426002133820753,0,0,0,0,0,0,0.0,0,True,SELL,AMR,0.3645339862670996
EURJPY_AMR,2023-08-21 04:45:00+00:00,-1.0580128917536908,0,0,0,0,0,0,0.0,0,True,SELL,AMR,0.5133258083792577
CADJPY_AMR,2023-08-22 03:00:00+00:00,0.4319906596613713,1,1,0,1,1,0,1.0,2,True,SELL,AMR,0.2719836400817996
EURJPY_AMR,2023-08-22 03:00:00+00:00,0.5635259144371062,1,1,0,1,1,0,1.0,2,True,SELL,AMR,0.1298187371356483
EURJPY_AMR,2023-08-23 00:00:00+00:00,-1.111111111111363,0,0,0,0,0,0,0.0,0,True,BUY,AMR,0.3169643449970121
AUDJPY_AMR,2023-08-23 03:15:00+00:00,0.456112437019377,1,1,1,0,1,0,1.0,2,True,SELL,AMR,0.1630648852930217
CADJPY_AMR,2023-08-23 03:45:00+00:00,0.4966329966329956,2,2,1,1,2,0,1.0,3,True,BUY,AMR,0.2470852256128329
EURJPY_AMR,2023-08-24 02:15:00+00:00,0.5849408836341321,0,0,0,0,0,0,0.0,0,True,BUY,AMR,0.2311931478653476
CADJPY_ARB,2023-08-24 07:00:00+00:00,0.069418386491557,0,0,0,0,0,0,0.0,0,True,BUY,ARB,0.4564162712587301
EURJPY_AMR,2023-08-25 05:15:00+00:00,0.5748287863478285,1,1,1,0,0,1,1.0,2,True,BUY,AMR,0.4119381183188367
GBPUSD_MONDAY,2023-08-28 00:00:00+00:00,0.1374928389146398,0,0,0,0,0,0,0.0,0,False,BUY,MONDAY,0.9108657385181628
EURJPY_AMR,2023-08-28 02:00:00+00:00,-1.0623556581986322,3,2,1,2,2,0,0.667,4,True,SELL,AMR,0.2640594914016334
CADJPY_AMR,2023-08-28 02:00:00+00:00,0.5938069216757517,3,2,1,2,2,0,0.667,4,True,SELL,AMR,0.4229145088040794
GBPJPY_AMR,2023-08-28 02:00:00+00:00,0.7371360191463219,3,2,1,2,2,0,0.667,5,True,SELL,AMR,0.3567159818321868
CADJPY_AMR,2023-08-29 03:00:00+00:00,0.4713804713804825,1,1,0,1,1,0,1.0,2,True,BUY,AMR,0.1838897299019998
AUDJPY_AMR,2023-08-29 03:15:00+00:00,0.4079031230082664,2,2,1,1,2,0,1.0,3,True,BUY,AMR,0.0799622079097248
AUDJPY_AMR,2023-08-30 03:00:00+00:00,0.5407124681933979,0,0,0,0,0,0,0.0,0,True,SELL,AMR,0.269415021025177
EURJPY_AMR,2023-08-30 05:45:00+00:00,0.5906696764484604,0,0,0,0,0,0,0.0,0,True,SELL,AMR,0.4555208817475599
AUDJPY_AMR,2023-08-31 00:00:00+00:00,0.5646205646205246,0,0,0,0,0,0,0.0,0,True,BUY,AMR,0.3669824878905626
EURJPY_AMR,2023-08-31 02:00:00+00:00,0.562500000000062,2,2,2,0,2,0,1.0,3,True,BUY,AMR,0.2573003120642719
CADJPY_AMR,2023-08-31 02:00:00+00:00,-1.094492753623102,2,2,2,0,2,0,1.0,3,True,BUY,AMR,0.36666401083579
EURJPY_AMR,2023-09-01 00:00:00+00:00,0.5185185185184988,0,0,0,0,0,0,0.0,0,True,BUY,AMR,0.6457340150056438
CADJPY_AMR,2023-09-01 03:15:00+00:00,0.5325140809011691,0,0,0,0,0,0,0.0,0,True,SELL,AMR,0.3867155339547977
AUDJPY_AMR,2023-09-04 00:00:00+00:00,0.4811473513762348,1,0,1,0,0,0,1.0,2,True,BUY,AMR,0.4825411188587853
GBPUSD_MONDAY,2023-09-04 00:00:00+00:00,0.3396797245840062,1,1,1,0,1,0,1.0,2,False,BUY,MONDAY,0.7938870219235078
GBPJPY_AMR,2023-09-04 02:00:00+00:00,0.6466951973370824,2,1,2,0,1,0,0.5,4,True,BUY,AMR,0.1762862227416398
EURJPY_AMR,2023-09-04 02:00:00+00:00,0.5182306126226697,2,1,2,0,1,0,1.0,3,True,BUY,AMR,0.2359073102715623
CADJPY_AMR,2023-09-04 02:30:00+00:00,0.4694132334580845,3,2,3,0,2,0,0.667,4,True,BUY,AMR,0.4557007409768146
CADJPY_ARB,2023-09-04 08:00:00+00:00,1.7755102040816513,1,0,1,0,0,0,1.0,2,True,BUY,ARB,0.4151516767073626
GBPJPY_AMR,2023-09-05 00:00:00+00:00,0.7227053140096841,4,4,4,0,3,1,1.0,4,True,BUY,AMR,0.0391909479667454
CADJPY_AMR,2023-09-05 00:00:00+00:00,0.5073325406262851,4,4,4,0,3,1,1.0,5,True,BUY,AMR,0.0117122141662018
EURJPY_AMR,2023-09-05 00:00:00+00:00,0.5684007707129501,4,4,4,0,3,1,1.0,4,True,BUY,AMR,0.0854657725250647
AUDJPY_AMR,2023-09-05 00:00:00+00:00,0.4379141457792995,4,4,4,0,3,1,1.0,4,True,BUY,AMR,0.0091286527918241
EURJPY_AMR,2023-09-06 00:00:00+00:00,0.5751811594202977,0,0,0,0,0,0,0.0,0,True,BUY,AMR,0.2425204169709846
CADJPY_AMR,2023-09-06 02:00:00+00:00,0.5730659025788487,2,2,2,0,2,0,1.0,3,True,BUY,AMR,0.4046822298356041
AUDJPY_AMR,2023-09-06 02:00:00+00:00,0.5711610486891587,2,2,2,0,2,0,1.0,3,True,BUY,AMR,0.2932479906318199
GBPJPY_AMR,2023-09-06 02:00:00+00:00,0.717213114754099,2,2,2,0,2,0,1.0,3,True,BUY,AMR,0.2684267842439374
CADJPY_ARB,2023-09-06 08:00:00+00:00,-1.0487804878048868,1,1,1,0,1,0,1.0,2,True,SELL,ARB,0.3879085141547155
CADJPY_AMR,2023-09-07 03:30:00+00:00,0.5301123972488534,1,1,0,1,1,0,1.0,2,True,SELL,AMR,0.2409900937508299
EURJPY_AMR,2023-09-07 03:30:00+00:00,0.5802666666666666,1,1,0,1,1,0,1.0,2,True,SELL,AMR,0.1814222163202974
CADJPY_AMR,2023-09-08 02:45:00+00:00,0.4541768045417665,3,3,0,3,3,0,1.0,4,True,SELL,AMR,0.1569463256579821
EURJPY_AMR,2023-09-08 02:45:00+00:00,0.5181536216018657,3,3,0,3,3,0,1.0,4,True,SELL,AMR,0.0948277006838855
AUDJPY_AMR,2023-09-08 02:45:00+00:00,0.443704936217479,3,3,0,3,3,0,1.0,4,True,SELL,AMR,0.1021051791132165
GBPJPY_AMR,2023-09-08 02:45:00+00:00,0.683461117195992,3,3,0,3,3,0,1.0,4,True,SELL,AMR,0.0770538394114053
GBPUSD_MONDAY,2023-09-11 00:00:00+00:00,0.3688159182342059,4,4,4,0,4,0,1.0,5,False,BUY,MONDAY,0.593748333066624
EURJPY_AMR,2023-09-11 00:00:00+00:00,0.649696364695093,4,3,4,0,3,0,0.75,5,True,BUY,AMR,0.6589469490737667
GBPJPY_AMR,2023-09-11 00:00:00+00:00,0.7827721389828696,4,3,4,0,3,0,0.75,6,True,BUY,AMR,0.7027543892268054
CADJPY_AMR,2023-09-11 00:00:00+00:00,0.6467403396870022,4,3,4,0,3,0,0.75,5,True,BUY,AMR,0.8116617533795448
AUDJPY_AMR,2023-09-11 00:00:00+00:00,0.6392975957745962,4,3,4,0,3,0,0.75,5,True,BUY,AMR,0.5488635758769361
AUDJPY_AMR,2023-09-12 02:45:00+00:00,0.4512489927477893,3,3,3,0,3,0,1.0,4,True,SELL,AMR,0.1474556874434449
AUDJPY_AMR,2023-09-13 00:00:00+00:00,0.4899387576553841,1,1,1,0,1,0,1.0,2,True,BUY,AMR,0.1874966732314898
EURJPY_AMR,2023-09-13 00:30:00+00:00,0.6240858117991319,1,1,1,0,1,0,1.0,2,True,SELL,AMR,0.3921784742049001
CADJPY_AMR,2023-09-13 02:30:00+00:00,-1.2343522561860918,2,2,1,1,2,0,1.0,3,True,SELL,AMR,0.1508113563328287
GBPJPY_AMR,2023-09-14 00:00:00+00:00,-1.1036252807187337,1,1,1,0,1,0,1.0,2,True,BUY,AMR,0.1958352147467396
EURJPY_AMR,2023-09-14 00:00:00+00:00,-1.1199528440907467,1,1,1,0,1,0,1.0,2,True,BUY,AMR,0.2248589071110816
AUDJPY_AMR,2023-09-14 00:30:00+00:00,0.5029890744176577,2,2,2,0,2,0,1.0,3,True,BUY,AMR,0.2299595464949167
AUDJPY_AMR,2023-09-15 02:45:00+00:00,0.5078597339782183,0,0,0,0,0,0,0.0,0,True,BUY,AMR,0.1093043061691595
EURJPY_AMR,2023-09-15 04:15:00+00:00,0.5564924114670464,0,0,0,0,0,0,0.0,0,True,BUY,AMR,0.3090365845561383
GBPUSD_MONDAY,2023-09-18 00:00:00+00:00,0.0140327796963218,2,2,2,0,2,0,1.0,3,False,BUY,MONDAY,0.4353763268789673
EURJPY_AMR,2023-09-18 00:00:00+00:00,0.6042106910855262,2,1,2,0,1,0,0.5,4,True,BUY,AMR,0.2996879357280393
CADJPY_AMR,2023-09-18 00:00:00+00:00,0.5741187277529516,2,1,2,0,1,0,0.5,4,True,BUY,AMR,0.4258226436140546
AUDJPY_AMR,2023-09-18 00:30:00+00:00,0.5496453900709566,3,2,3,0,2,0,0.667,5,True,BUY,AMR,0.4585218502155746
EURJPY_AMR,2023-09-19 00:00:00+00:00,0.5471956224350814,2,2,2,0,2,0,1.0,3,True,BUY,AMR,0.2832481242945355
AUDJPY_AMR,2023-09-19 00:00:00+00:00,0.5448286184703505,2,2,2,0,2,0,1.0,3,True,BUY,AMR,0.0920184169904721
CADJPY_AMR,2023-09-19 00:00:00+00:00,0.5676909786498543,2,2,2,0,2,0,1.0,3,True,BUY,AMR,0.3152205667543091
GBPJPY_AMR,2023-09-19 03:15:00+00:00,0.6431372549017571,0,0,0,0,0,0,0.0,0,True,SELL,AMR,0.0259369438763313
CADJPY_ARB,2023-09-19 08:00:00+00:00,1.896739130434735,0,0,0,0,0,0,0.0,0,True,BUY,ARB,0.102148531215013
CADJPY_AMR,2023-09-20 00:00:00+00:00,-1.17395029991458,1,1,1,0,1,0,1.0,2,True,BUY,AMR,0.172297028125249
EURJPY_AMR,2023-09-20 00:00:00+00:00,0.5156537753223316,1,1,1,0,1,0,1.0,2,True,BUY,AMR,0.1289157426465706
AUDJPY_AMR,2023-09-20 02:45:00+00:00,0.5190058479532128,2,2,2,0,2,0,1.0,3,True,SELL,AMR,0.0347048490977803
AUDJPY_AMR,2023-09-21 03:15:00+00:00,-1.111111111111069,0,0,0,0,0,0,0.0,0,True,BUY,AMR,0.6508622983978283
EURJPY_AMR,2023-09-21 03:30:00+00:00,-1.0669301061990673,1,1,1,0,1,0,1.0,2,True,BUY,AMR,0.3252904853595378
GBPJPY_AMR,2023-09-22 02:45:00+00:00,0.6620689655171622,0,0,0,0,0,0,0.0,0,True,SELL,AMR,0.1673882440436665
AUDJPY_AMR,2023-09-22 03:15:00+00:00,0.5244252873563394,0,0,0,0,0,0,0.0,0,True,BUY,AMR,0.239687017618566
EURJPY_AMR,2023-09-22 04:15:00+00:00,0.570725707257041,0,0,0,0,0,0,0.0,0,True,BUY,AMR,0.39148794900737
GBPUSD_MONDAY,2023-09-25 00:00:00+00:00,-0.2123808374562562,1,1,1,0,1,0,1.0,2,False,BUY,MONDAY,0.57033125300048
AUDJPY_AMR,2023-09-25 00:00:00+00:00,0.5575660099182745,1,0,1,0,0,0,1.0,2,True,BUY,AMR,0.3169611965720977
EURJPY_AMR,2023-09-26 03:00:00+00:00,0.5401970130282043,0,0,0,0,0,0,0.0,0,True,BUY,AMR,0.0816147666157625
CADJPY_AMR,2023-09-26 03:15:00+00:00,0.4888888888888704,3,3,3,0,3,0,1.0,4,True,BUY,AMR,0.1458051151302685
AUDJPY_AMR,2023-09-26 03:15:00+00:00,0.4860155891792919,3,3,3,0,3,0,1.0,4,True,BUY,AMR,0.1042875392558684
GBPJPY_AMR,2023-09-26 03:15:00+00:00,0.7032967032965688,3,3,3,0,3,0,1.0,4,True,BUY,AMR,0.0631623681903901
GBPJPY_AMR,2023-09-27 02:30:00+00:00,0.692663582286884,0,0,0,0,0,0,0.0,0,True,BUY,AMR,0.0989402108953757
AUDJPY_AMR,2023-09-27 03:00:00+00:00,0.5223068552775015,1,1,1,0,1,0,1.0,2,True,SELL,AMR,0.2296135625698621
EURJPY_AMR,2023-09-27 03:30:00+00:00,0.6013326832438997,2,2,2,0,2,0,1.0,3,True,BUY,AMR,0.2523869596972312
CADJPY_AMR,2023-09-27 03:30:00+00:00,0.4635928445452726,2,2,2,0,2,0,1.0,3,True,BUY,AMR,0.2687966430297718
EURJPY_AMR,2023-09-28 05:30:00+00:00,0.5879508751571604,0,0,0,0,0,0,0.0,0,True,BUY,AMR,0.2463581435495651
EURJPY_AMR,2023-09-29 03:45:00+00:00,-1.1315136476426235,0,0,0,0,0,0,0.0,0,True,SELL,AMR,0.1977823517694708
GBPUSD_MONDAY,2023-10-02 00:00:00+00:00,-0.8342702074045366,0,0,0,0,0,0,0.0,0,False,BUY,MONDAY,0.8419480450205367
AUDJPY_AMR,2023-10-02 02:00:00+00:00,0.5610692073574031,1,0,1,0,0,0,1.0,2,True,SELL,AMR,0.5549981370096343
EURJPY_AMR,2023-10-02 03:15:00+00:00,-1.13608642620692,2,1,1,1,1,0,0.5,4,True,SELL,AMR,0.495890047141624
EURJPY_AMR,2023-10-03 03:00:00+00:00,-1.1180124223603516,0,0,0,0,0,0,0.0,0,True,BUY,AMR,0.2826372750813359
CADJPY_AMR,2023-10-03 03:15:00+00:00,0.5079365079364887,2,2,2,0,2,0,1.0,3,True,BUY,AMR,0.251108809391018
AUDJPY_AMR,2023-10-03 03:15:00+00:00,0.5627198124267361,2,2,2,0,2,0,1.0,3,True,BUY,AMR,0.2243173471017192
CADJPY_ARB,2023-10-03 07:00:00+00:00,1.509025270758117,1,1,1,0,1,0,1.0,2,True,SELL,ARB,0.3052193847630218
AUDJPY_AMR,2023-10-04 02:30:00+00:00,0.6013071895425027,0,0,0,0,0,0,0.0,0,True,SELL,AMR,0.6579283547133656
CADJPY_AMR,2023-10-05 03:00:00+00:00,-1.092227509630571,0,0,0,0,0,0,0.0,0,True,BUY,AMR,0.3984808647385334
GBPJPY_AMR,2023-10-05 03:45:00+00:00,0.7539022611232781,2,2,2,0,2,0,1.0,3,True,BUY,AMR,0.3244043666498446
EURJPY_AMR,2023-10-05 03:45:00+00:00,0.6158524995248223,2,2,2,0,2,0,1.0,3,True,BUY,AMR,0.3720602881614767
AUDJPY_AMR,2023-10-06 02:30:00+00:00,0.4614998745924029,0,0,0,0,0,0,0.0,0,True,SELL,AMR,0.0877734603715335
EURJPY_AMR,2023-10-06 03:15:00+00:00,0.5237315875612859,1,1,0,1,1,0,1.0,2,True,SELL,AMR,0.2098532633955248
CADJPY_AMR,2023-10-06 03:15:00+00:00,0.4981320049812688,1,1,0,1,1,0,1.0,2,True,SELL,AMR,0.2839747164900539
CADJPY_ARB,2023-10-06 07:00:00+00:00,1.9069767441860792,0,0,0,0,0,0,0.0,0,True,BUY,ARB,0.4009703044196833
AUDJPY_AMR,2023-10-09 00:00:00+00:00,0.642917116468748,4,3,4,0,3,0,0.75,5,True,BUY,AMR,0.9035902485761432
GBPJPY_AMR,2023-10-09 00:00:00+00:00,0.7816550348953328,4,3,4,0,3,0,0.75,6,True,BUY,AMR,0.7926770963372202
CADJPY_AMR,2023-10-09 00:00:00+00:00,0.6190906353507825,4,3,4,0,3,0,0.75,5,True,BUY,AMR,0.7016572384670544
GBPUSD_MONDAY,2023-10-09 00:00:00+00:00,0.2940902745463016,4,4,4,0,4,0,1.0,5,False,BUY,MONDAY,0.9701818957699898
EURJPY_AMR,2023-10-09 00:00:00+00:00,0.6486919380672702,4,3,4,0,3,0,0.75,5,True,BUY,AMR,0.8536219374543523
AUDJPY_AMR,2023-10-10 03:15:00+00:00,0.5789356490759462,2,2,2,0,2,0,1.0,3,True,SELL,AMR,0.2333794645233406
CADJPY_AMR,2023-10-10 03:30:00+00:00,0.5760743321718809,3,3,2,1,3,0,1.0,4,True,SELL,AMR,0.4650891031259129
CADJPY_ARB,2023-10-10 07:00:00+00:00,0.0675675675675671,4,4,2,2,4,0,1.0,5,True,BUY,ARB,0.3364610545396385
AUDJPY_AMR,2023-10-11 03:30:00+00:00,0.4834960483495578,2,2,2,0,1,1,1.0,3,True,SELL,AMR,0.1942167456219726
CADJPY_AMR,2023-10-12 00:00:00+00:00,0.580270793036787,1,1,1,0,0,1,1.0,2,True,BUY,AMR,0.5420418027779991
AUDJPY_AMR,2023-10-12 03:00:00+00:00,0.4455583402952025,1,1,1,0,0,1,1.0,2,True,SELL,AMR,0.2823095757704796
EURJPY_AMR,2023-10-12 05:30:00+00:00,0.5882352941176904,1,1,1,0,0,1,1.0,2,True,SELL,AMR,0.2076887324878826
EURJPY_AMR,2023-10-13 02:45:00+00:00,-1.1807447774751456,2,2,1,1,1,1,1.0,3,True,SELL,AMR,0.0884005046145674
GBPJPY_AMR,2023-10-13 02:45:00+00:00,-1.2015018773469726,2,2,1,1,1,1,1.0,3,True,SELL,AMR,0.0507716008393317
CADJPY_AMR,2023-10-13 03:00:00+00:00,0.4510451045102858,3,3,1,2,2,1,1.0,4,True,SELL,AMR,0.1079993626005896
AUDJPY_AMR,2023-10-13 03:15:00+00:00,-1.2417118746232094,4,4,1,3,3,1,1.0,4,True,SELL,AMR,0.0402538989726938
GBPUSD_MONDAY,2023-10-16 00:00:00+00:00,0.5992144714277831,1,1,1,0,1,0,1.0,2,False,BUY,MONDAY,0.7174481250333387
CADJPY_AMR,2023-10-16 00:00:00+00:00,0.6041091689665807,1,0,1,0,0,0,1.0,2,True,BUY,AMR,0.6788038137731389
EURJPY_AMR,2023-10-16 00:15:00+00:00,0.5680990531683192,1,0,1,0,0,0,1.0,2,True,BUY,AMR,0.5259146139034593
AUDJPY_AMR,2023-10-16 01:00:00+00:00,-1.215053763440907,1,0,1,0,0,0,1.0,2,True,SELL,AMR,0.6136557193804226
GBPJPY_AMR,2023-10-16 01:15:00+00:00,-1.0860126408353914,2,1,1,1,1,0,0.5,4,True,SELL,AMR,0.7680283672873117
AUDJPY_AMR,2023-10-17 00:15:00+00:00,0.463320463320539,0,0,0,0,0,0,0.0,0,True,BUY,AMR,0.2963618459573109
EURJPY_AMR,2023-10-17 03:15:00+00:00,0.5228758169935112,0,0,0,0,0,0,0.0,0,True,SELL,AMR,0.0536750547772392
CADJPY_AMR,2023-10-18 01:00:00+00:00,0.4674945215484883,0,0,0,0,0,0,0.0,0,True,BUY,AMR,0.2459299391814729
EURJPY_AMR,2023-10-18 03:00:00+00:00,-1.1438784629128218,1,1,1,0,1,0,1.0,2,True,BUY,AMR,0.1194343005112542
GBPJPY_AMR,2023-10-18 03:15:00+00:00,0.7127233929048349,3,3,3,0,3,0,1.0,4,True,BUY,AMR,0.0936678265026959
AUDJPY_AMR,2023-10-18 03:15:00+00:00,0.5192905467178702,3,3,3,0,3,0,1.0,4,True,BUY,AMR,0.1019854154468515
EURJPY_AMR,2023-10-19 00:45:00+00:00,0.5622489959838823,0,0,0,0,0,0,0.0,0,True,BUY,AMR,0.2638868601022508
AUDJPY_AMR,2023-10-19 03:15:00+00:00,-1.0897009966777853,0,0,0,0,0,0,0.0,0,True,BUY,AMR,0.2984776707297599
CADJPY_ARB,2023-10-19 08:00:00+00:00,-1.0787401574802942,0,0,0,0,0,0,0.0,0,True,SELL,ARB,0.1381884096603934
CADJPY_AMR,2023-10-20 00:00:00+00:00,0.5828547117635047,0,0,0,0,0,0,0.0,0,True,BUY,AMR,0.4120787188271851
AUDJPY_AMR,2023-10-20 03:00:00+00:00,0.5743165632896878,1,1,1,0,1,0,1.0,2,True,BUY,AMR,0.4371373822323947
GBPJPY_AMR,2023-10-20 03:15:00+00:00,0.7196819085487076,2,2,2,0,2,0,1.0,3,True,BUY,AMR,0.3057982947754256
GBPUSD_MONDAY,2023-10-23 00:00:00+00:00,0.7149355166693454,0,0,0,0,0,0,0.0,0,False,BUY,MONDAY,0.6500240038406145
AUDJPY_AMR,2023-10-23 02:00:00+00:00,0.5352065562803311,1,0,1,0,0,0,1.0,2,True,SELL,AMR,0.22837600468409
EURJPY_AMR,2023-10-23 03:00:00+00:00,0.5266805266804704,2,1,1,1,1,0,0.5,4,True,BUY,AMR,0.1319168713896819
CADJPY_AMR,2023-10-24 02:30:00+00:00,0.5380577427820515,0,0,0,0,0,0,0.0,0,True,SELL,AMR,0.3040926353809789
AUDJPY_AMR,2023-10-24 03:15:00+00:00,-1.1092715231787833,1,1,0,1,1,0,1.0,2,True,SELL,AMR,0.1437163996380475
EURJPY_AMR,2023-10-25 03:15:00+00:00,0.5208898534997076,0,0,0,0,0,0,0.0,0,True,SELL,AMR,0.0380452825177611
AUDJPY_AMR,2023-10-25 03:30:00+00:00,0.6297795771480106,0,0,0,0,0,0,0.0,0,True,SELL,AMR,0.5388965774205567
AUDJPY_AMR,2023-10-26 01:00:00+00:00,0.6035021888680411,0,0,0,0,0,0,0.0,0,True,BUY,AMR,0.5962899877574919
CADJPY_ARB,2023-10-26 08:00:00+00:00,-1.0766283524904394,1,1,1,0,1,0,1.0,2,True,BUY,ARB,0.1366956336301114
AUDJPY_AMR,2023-10-27 02:45:00+00:00,0.5765765765765917,0,0,0,0,0,0,0.0,0,True,SELL,AMR,0.2367993825517645
EURJPY_AMR,2023-10-27 03:30:00+00:00,-1.1424439624003355,1,1,0,1,1,0,1.0,2,True,BUY,AMR,0.2118584423345063
GBPUSD_MONDAY,2023-10-30 00:00:00+00:00,0.3591433278418464,0,0,0,0,0,0,0.0,0,False,BUY,MONDAY,0.630874273217048
CADJPY_AMR,2023-10-30 01:45:00+00:00,0.5681954977729381,1,0,1,0,0,0,1.0,2,True,SELL,AMR,0.3993307306190742
AUDJPY_AMR,2023-10-30 02:00:00+00:00,-1.0818713450291602,2,1,1,1,1,0,0.5,4,True,SELL,AMR,0.4246021184861872
EURJPY_AMR,2023-10-30 02:45:00+00:00,0.5702549232814261,3,2,1,2,2,0,0.667,5,True,SELL,AMR,0.3536152977889914
EURJPY_AMR,2023-10-31 02:00:00+00:00,-1.1033771590613657,1,1,0,1,1,0,1.0,2,True,SELL,AMR,0.3013478520682557
CADJPY_AMR,2023-10-31 02:00:00+00:00,-1.1414565826331575,1,1,0,1,1,0,1.0,2,True,SELL,AMR,0.4458741667330624
AUDJPY_AMR,2023-10-31 02:15:00+00:00,0.5651011836579521,2,2,0,2,2,0,1.0,3,True,SELL,AMR,0.3167349763134082
GBPJPY_AMR,2023-10-31 02:45:00+00:00,0.7374301675977067,2,2,0,2,2,0,1.0,3,True,SELL,AMR,0.2350925655395893
CADJPY_ARB,2023-10-31 07:00:00+00:00,0.8443877551020343,0,0,0,0,0,0,0.0,0,True,BUY,ARB,0.6824652129871515
EURJPY_AMR,2023-11-01 00:45:00+00:00,-1.0938040844584584,1,1,1,0,0,1,1.0,2,True,BUY,AMR,0.6594781223026359
GBPJPY_AMR,2023-11-01 01:00:00+00:00,-1.0569730863335374,2,2,2,0,1,1,1.0,2,True,BUY,AMR,0.6946001221812
CADJPY_AMR,2023-11-01 01:00:00+00:00,-1.0803127221037243,2,2,2,0,1,1,1.0,3,True,BUY,AMR,0.7742278171726025
AUDJPY_AMR,2023-11-01 02:30:00+00:00,0.5998033431661691,3,3,3,0,2,1,1.0,3,True,BUY,AMR,0.6379012082823229
CADJPY_AMR,2023-11-02 02:45:00+00:00,-1.097926405369791,1,1,1,0,0,1,1.0,2,True,BUY,AMR,0.4514646907284944
EURJPY_AMR,2023-11-02 04:00:00+00:00,0.6088547383827667,2,2,2,0,1,1,1.0,2,True,BUY,AMR,0.4190027222627979
CADJPY_AMR,2023-11-03 02:15:00+00:00,0.534879974222677,2,2,2,0,1,1,1.0,3,True,BUY,AMR,0.2014314928425357
AUDJPY_AMR,2023-11-03 02:15:00+00:00,0.5700483091787224,2,2,2,0,1,1,1.0,2,True,BUY,AMR,0.1709692872731144
GBPJPY_AMR,2023-11-06 00:00:00+00:00,0.7239114570664491,3,2,3,0,2,0,0.667,5,True,BUY,AMR,0.2011208797046402
GBPUSD_MONDAY,2023-11-06 00:00:00+00:00,-0.0295717378676665,3,3,3,0,3,0,1.0,4,False,BUY,MONDAY,0.864991732010455
EURJPY_AMR,2023-11-06 00:00:00+00:00,0.5800837898806845,3,2,3,0,2,0,0.667,4,True,BUY,AMR,0.2828630237036053
AUDJPY_AMR,2023-11-06 00:00:00+00:00,0.5308831036243127,3,2,3,0,2,0,0.667,4,True,BUY,AMR,0.2276574226858998
CADJPY_AMR,2023-11-06 02:00:00+00:00,-1.0970768675568778,1,0,1,0,0,0,1.0,2,True,SELL,AMR,0.3138395346984304
CADJPY_AMR,2023-11-07 00:00:00+00:00,0.5367370315824731,0,0,0,0,0,0,0.0,0,True,BUY,AMR,0.1346904629113218
AUDJPY_AMR,2023-11-07 02:15:00+00:00,0.4082934609249226,0,0,0,0,0,0,0.0,0,True,SELL,AMR,0.0859503912279767
EURJPY_AMR,2023-11-07 05:30:00+00:00,-1.2191103789121729,0,0,0,0,0,0,0.0,0,True,SELL,AMR,0.0581634685611845
CADJPY_AMR,2023-11-08 00:00:00+00:00,0.5499488079566933,0,0,0,0,0,0,0.0,0,True,BUY,AMR,0.2353597322922476
AUDJPY_AMR,2023-11-08 01:15:00+00:00,0.4785833931563842,1,1,1,0,1,0,1.0,2,True,BUY,AMR,0.1752807792622558
AUDJPY_AMR,2023-11-09 00:00:00+00:00,0.5454827212149218,0,0,0,0,0,0,0.0,0,True,BUY,AMR,0.1902778517059669
EURJPY_AMR,2023-11-09 00:30:00+00:00,0.5881192026840067,1,1,1,0,1,0,1.0,2,True,BUY,AMR,0.1459398446318305
AUDJPY_AMR,2023-11-10 02:30:00+00:00,0.6007215370416961,0,0,0,0,0,0,0.0,0,True,BUY,AMR,0.4520013839357002
CADJPY_ARB,2023-11-10 07:00:00+00:00,-1.0909090909090966,1,1,1,0,1,0,1.0,2,True,BUY,ARB,0.0528869222157061
GBPUSD_MONDAY,2023-11-13 00:00:00+00:00,0.411364275668074,1,1,1,0,1,0,1.0,2,False,BUY,MONDAY,0.7026190857203819
AUDJPY_AMR,2023-11-13 00:00:00+00:00,0.5714285714286158,1,0,1,0,0,0,1.0,2,True,BUY,AMR,0.3539282482567733
EURJPY_AMR,2023-11-13 00:15:00+00:00,0.5519244734931654,2,1,2,0,1,0,0.5,4,True,BUY,AMR,0.2793041630701812
GBPJPY_AMR,2023-11-13 02:45:00+00:00,-1.1082251082251344,1,0,1,0,0,0,1.0,2,True,SELL,AMR,0.24239687641106
CADJPY_ARB,2023-11-13 07:00:00+00:00,-1.0619195046439849,1,0,1,0,0,0,1.0,2,True,BUY,ARB,0.0656288319027563
AUDJPY_AMR,2023-11-14 00:00:00+00:00,0.5258418872681274,0,0,0,0,0,0,0.0,0,True,BUY,AMR,0.0364613828711343
CADJPY_AMR,2023-11-14 02:00:00+00:00,0.4466230936820247,1,1,0,1,1,0,1.0,2,True,SELL,AMR,0.1959339229277879
EURJPY_AMR,2023-11-14 02:00:00+00:00,0.5214557305810426,1,1,0,1,1,0,1.0,2,True,SELL,AMR,0.1336299050527853
AUDJPY_AMR,2023-11-15 00:00:00+00:00,0.4546656093048578,0,0,0,0,0,0,0.0,0,True,BUY,AMR,0.4793607281630915
EURJPY_AMR,2023-11-15 01:45:00+00:00,-1.1190903650508348,0,0,0,0,0,0,0.0,0,True,SELL,AMR,0.4757851404289224
GBPJPY_AMR,2023-11-15 02:00:00+00:00,0.7031908488862125,2,2,0,2,2,0,1.0,3,True,SELL,AMR,0.403662779887912
CADJPY_AMR,2023-11-15 02:00:00+00:00,-1.117939713198842,2,2,0,2,2,0,1.0,3,True,SELL,AMR,0.3997158260961942
CADJPY_ARB,2023-11-15 08:00:00+00:00,-1.0549450549450423,0,0,0,0,0,0,0.0,0,True,BUY,ARB,0.1439462600629098
AUDJPY_AMR,2023-11-16 00:00:00+00:00,0.5578800557879955,2,2,2,0,1,1,1.0,2,True,BUY,AMR,0.2488555916325118
CADJPY_AMR,2023-11-16 00:00:00+00:00,-1.1150442477877551,2,2,2,0,1,1,1.0,3,True,BUY,AMR,0.2203410086845669
GBPJPY_AMR,2023-11-16 03:00:00+00:00,-1.0898939140144843,3,3,3,0,2,1,1.0,3,True,BUY,AMR,0.1926744402241759
EURJPY_AMR,2023-11-16 03:00:00+00:00,-1.1125448028675793,3,3,3,0,2,1,1.0,3,True,BUY,AMR,0.1685412655202177
AUDJPY_AMR,2023-11-17 02:45:00+00:00,-1.1564235113918544,0,0,0,0,0,0,0.0,0,True,BUY,AMR,0.3137674988023633
EURJPY_AMR,2023-11-17 04:15:00+00:00,0.5733788395905425,1,1,1,0,1,0,1.0,2,True,BUY,AMR,0.1861363787265121
CADJPY_AMR,2023-11-20 00:00:00+00:00,0.5974272640939323,2,1,2,0,1,0,0.5,4,True,BUY,AMR,0.5293469311874219
AUDJPY_AMR,2023-11-20 00:00:00+00:00,0.5673758865247681,2,1,2,0,1,0,0.5,4,True,BUY,AMR,0.2392478841752275
GBPUSD_MONDAY,2023-11-20 00:00:00+00:00,0.3915998160543665,2,2,2,0,2,0,1.0,3,False,BUY,MONDAY,0.6950445404598069
EURJPY_AMR,2023-11-20 01:15:00+00:00,0.6075424168333519,1,0,1,0,0,0,1.0,2,True,SELL,AMR,0.6433304561450103
CADJPY_AMR,2023-11-21 00:00:00+00:00,0.4421768707484749,0,0,0,0,0,0,0.0,0,True,BUY,AMR,0.346931187421985
EURJPY_AMR,2023-11-21 00:30:00+00:00,0.5454275974507407,1,1,1,0,1,0,1.0,2,True,BUY,AMR,0.2742845760573667
GBPJPY_AMR,2023-11-21 02:45:00+00:00,-1.0647307924984748,0,0,0,0,0,0,0.0,0,True,BUY,AMR,0.2860235331615713
CADJPY_AMR,2023-11-22 01:00:00+00:00,0.5955246500847058,1,1,1,0,1,0,1.0,2,True,BUY,AMR,0.5741640772315619
EURJPY_AMR,2023-11-22 01:00:00+00:00,0.603725112395676,1,1,1,0,1,0,1.0,2,True,BUY,AMR,0.5269636810304761
CADJPY_ARB,2023-11-22 07:00:00+00:00,1.0952380952380874,0,0,0,0,0,0,0.0,0,True,BUY,ARB,0.625259902969558
EURJPY_AMR,2023-11-23 00:15:00+00:00,0.5909303412809068,1,1,1,0,1,0,1.0,2,True,BUY,AMR,0.2114999004050196
AUDJPY_AMR,2023-11-23 00:15:00+00:00,0.54659910947332,1,1,1,0,1,0,1.0,2,True,BUY,AMR,0.097886836642359
CADJPY_AMR,2023-11-23 02:00:00+00:00,-1.1385459533607585,2,2,2,0,2,0,1.0,3,True,BUY,AMR,0.248625607521313
EURJPY_AMR,2023-11-24 00:00:00+00:00,0.5275779376497804,2,2,2,0,2,0,1.0,3,True,BUY,AMR,0.1229533231525131
GBPJPY_AMR,2023-11-24 00:00:00+00:00,0.6574363555159791,2,2,2,0,2,0,1.0,3,True,BUY,AMR,0.0316210257908576
AUDJPY_AMR,2023-11-24 00:00:00+00:00,0.5101449275361916,2,2,2,0,2,0,1.0,3,True,BUY,AMR,0.0256959599723212
CADJPY_AMR,2023-11-24 00:15:00+00:00,0.529579353108741,2,2,2,0,2,0,1.0,3,True,BUY,AMR,0.0755451092874405
CADJPY_ARB,2023-11-24 07:00:00+00:00,-1.0579710144927572,0,0,0,0,0,0,0.0,0,True,SELL,ARB,0.1161166497840806
AUDJPY_AMR,2023-11-27 00:00:00+00:00,0.5546218487395631,1,0,1,0,0,0,1.0,2,True,BUY,AMR,0.1814818757651567
GBPUSD_MONDAY,2023-11-27 00:00:00+00:00,0.1108124870787677,1,1,1,0,1,0,1.0,2,False,BUY,MONDAY,0.3695524617272097
EURJPY_AMR,2023-11-27 02:45:00+00:00,-1.066275372951778,1,0,1,0,0,0,1.0,2,True,BUY,AMR,0.3416373414779895
CADJPY_AMR,2023-11-27 03:00:00+00:00,-1.0857763300759464,3,2,3,0,2,0,0.667,4,True,BUY,AMR,0.5973362016306801
GBPJPY_AMR,2023-11-27 03:00:00+00:00,-1.0514870482890728,3,2,3,0,2,0,0.667,5,True,BUY,AMR,0.2802996095513825
GBPJPY_AMR,2023-11-28 00:00:00+00:00,0.6817339755464813,0,0,0,0,0,0,0.0,0,True,BUY,AMR,0.1613455868681771
EURJPY_AMR,2023-11-28 00:15:00+00:00,0.5373794847478094,1,1,1,0,1,0,1.0,2,True,BUY,AMR,0.1491534426664896
AUDJPY_AMR,2023-11-28 01:00:00+00:00,-1.1350427350427748,0,0,0,0,0,0,0.0,0,True,BUY,AMR,0.0662692287219886
CADJPY_AMR,2023-11-28 01:15:00+00:00,0.5662031817612545,1,1,1,0,1,0,1.0,2,True,BUY,AMR,0.4091838631715932
CADJPY_AMR,2023-11-29 00:15:00+00:00,-1.1443056309974644,0,0,0,0,0,0,0.0,0,True,BUY,AMR,0.4402570844288636
EURJPY_AMR,2023-11-29 01:00:00+00:00,0.6087888531618483,2,2,2,0,2,0,1.0,3,True,BUY,AMR,0.4608193347055308
AUDJPY_AMR,2023-11-29 01:00:00+00:00,-1.1229369119234325,2,2,2,0,2,0,1.0,3,True,BUY,AMR,0.2548038537286421
GBPJPY_AMR,2023-11-29 01:00:00+00:00,0.7463175122750407,2,2,2,0,2,0,1.0,3,True,BUY,AMR,0.3893728917102712
CADJPY_AMR,2023-11-30 00:00:00+00:00,0.5665445665445745,2,2,2,0,2,0,1.0,3,True,BUY,AMR,0.5146469072849441
EURJPY_AMR,2023-11-30 00:00:00+00:00,-1.0587550901687413,2,2,2,0,2,0,1.0,3,True,BUY,AMR,0.4092291348516035
AUDJPY_AMR,2023-11-30 00:00:00+00:00,0.5874764314776059,2,2,2,0,2,0,1.0,3,True,BUY,AMR,0.2538457443977218
GBPJPY_AMR,2023-11-30 00:15:00+00:00,-1.0476475876536024,3,3,3,0,3,0,1.0,4,True,BUY,AMR,0.37833674201174
EURJPY_AMR,2023-12-01 01:15:00+00:00,-1.1020986223767952,0,0,0,0,0,0,0.0,0,True,BUY,AMR,0.3578646836199455
CADJPY_AMR,2023-12-01 02:00:00+00:00,0.5440900562851044,1,1,1,0,1,0,1.0,2,True,BUY,AMR,0.5140759036464558
CADJPY_ARB,2023-12-01 08:00:00+00:00,-1.051948051948038,0,0,0,0,0,0,0.0,0,True,BUY,ARB,0.5373993709015301
GBPUSD_MONDAY,2023-12-04 00:00:00+00:00,-0.8537123781833837,1,1,1,0,1,0,1.0,2,False,BUY,MONDAY,0.9124659945591296
AUDJPY_AMR,2023-12-04 00:00:00+00:00,-1.1212675198050612,1,0,1,0,0,0,1.0,2,True,BUY,AMR,0.5535210517911322
GBPJPY_AMR,2023-12-04 00:15:00+00:00,-1.0831155253529392,2,1,2,0,1,0,0.5,4,True,BUY,AMR,0.5711705490185662
CADJPY_AMR,2023-12-04 01:00:00+00:00,-1.0670606582943205,3,2,3,0,2,0,0.667,5,True,BUY,AMR,0.8039067272196107
EURJPY_AMR,2023-12-04 01:00:00+00:00,0.6268480189237129,3,2,3,0,2,0,0.667,5,True,BUY,AMR,0.824991700418299
CADJPY_AMR,2023-12-05 00:00:00+00:00,0.4928664072632848,0,0,0,0,0,0,0.0,0,True,BUY,AMR,0.4090112341646084
AUDJPY_AMR,2023-12-05 02:45:00+00:00,-1.121212121212127,0,0,0,0,0,0,0.0,0,True,BUY,AMR,0.2680044711768776
CADJPY_ARB,2023-12-05 07:00:00+00:00,1.931937172774844,0,0,0,0,0,0,0.0,0,True,SELL,ARB,0.4757157327930906
AUDJPY_AMR,2023-12-06 00:00:00+00:00,0.5674808783616719,2,2,1,1,1,1,1.0,3,True,BUY,AMR,0.2521557459945707
EURJPY_AMR,2023-12-06 00:00:00+00:00,0.5159388243965123,2,2,1,1,1,1,1.0,3,True,BUY,AMR,0.3132195737334838
CADJPY_AMR,2023-12-06 02:45:00+00:00,-1.101928374655539,1,1,0,1,0,1,1.0,2,True,SELL,AMR,0.2767242981966908
AUDJPY_AMR,2023-12-07 00:00:00+00:00,-1.0821012897138136,4,4,3,1,3,1,1.0,4,True,BUY,AMR,0.0967557353489114
EURJPY_AMR,2023-12-07 00:00:00+00:00,-1.0641479732389074,4,4,3,1,3,1,1.0,4,True,BUY,AMR,0.1374277936392005
CADJPY_AMR,2023-12-07 00:00:00+00:00,-1.091455659613857,4,4,3,1,3,1,1.0,5,True,BUY,AMR,0.4061694951265503
GBPJPY_AMR,2023-12-07 00:00:00+00:00,-1.0525964267825083,4,4,3,1,3,1,1.0,4,True,BUY,AMR,0.2094212329676751
CADJPY_ARB,2023-12-07 07:00:00+00:00,1.526946107784449,0,0,0,0,0,0,0.0,0,True,SELL,ARB,0.5183131630857813
CADJPY_AMR,2023-12-08 02:45:00+00:00,0.6327006327006477,2,2,2,0,2,0,1.0,3,True,BUY,AMR,0.9827636576102834
AUDJPY_AMR,2023-12-08 02:45:00+00:00,0.6326469710534339,2,2,2,0,2,0,1.0,3,True,BUY,AMR,0.9670916058976952
EURJPY_AMR,2023-12-08 02:45:00+00:00,0.64726797765038,2,2,2,0,2,0,1.0,3,True,BUY,AMR,0.984755328331452
GBPUSD_MONDAY,2023-12-11 00:00:00+00:00,0.1502505935109467,0,0,0,0,0,0,0.0,0,False,BUY,MONDAY,0.8152237691363952
GBPJPY_AMR,2023-12-11 02:00:00+00:00,-1.048141377209079,4,3,1,3,3,0,0.75,6,True,SELL,AMR,0.7811761268559589
AUDJPY_AMR,2023-12-11 02:00:00+00:00,0.5616224648986287,4,3,1,3,3,0,0.75,5,True,SELL,AMR,0.5812396870176185
CADJPY_AMR,2023-12-11 02:00:00+00:00,-1.102444097763975,4,3,1,3,3,0,0.75,5,True,SELL,AMR,0.7846386742092264
EURJPY_AMR,2023-12-11 02:00:00+00:00,-1.0564359188212291,4,3,1,3,3,0,0.75,5,True,SELL,AMR,0.7558595046809641
AUDJPY_AMR,2023-12-12 00:00:00+00:00,-1.1494252873563209,1,1,1,0,1,0,1.0,2,True,BUY,AMR,0.1902113163357641
EURJPY_AMR,2023-12-12 00:00:00+00:00,-1.1033771590613657,1,1,1,0,1,0,1.0,2,True,BUY,AMR,0.5152114733417436
CADJPY_AMR,2023-12-12 01:45:00+00:00,-1.116584564860453,2,2,2,0,2,0,1.0,3,True,BUY,AMR,0.3034419568161899
GBPJPY_AMR,2023-12-12 02:00:00+00:00,-1.0684931506849518,3,3,3,0,3,0,1.0,4,True,BUY,AMR,0.3394778081755159
CADJPY_ARB,2023-12-12 07:00:00+00:00,1.8518518518518468,0,0,0,0,0,0,0.0,0,True,SELL,ARB,0.6610332142666738
EURJPY_AMR,2023-12-13 00:00:00+00:00,0.5887445887446027,2,2,1,1,1,1,1.0,3,True,BUY,AMR,0.428696633689662
GBPJPY_AMR,2023-12-13 00:00:00+00:00,0.7441221898060899,2,2,1,1,1,1,1.0,3,True,BUY,AMR,0.409466386889426
AUDJPY_AMR,2023-12-13 00:30:00+00:00,0.5238607822030846,3,3,2,1,2,1,1.0,4,True,BUY,AMR,0.3651993399691275
CADJPY_AMR,2023-12-13 01:30:00+00:00,0.5380577427822021,4,4,3,1,3,1,1.0,5,True,BUY,AMR,0.3961171752582795
AUDJPY_AMR,2023-12-14 00:00:00+00:00,-1.0517991300909584,0,0,0,0,0,0,0.0,0,True,BUY,AMR,0.8893916005748655
EURJPY_AMR,2023-12-14 04:15:00+00:00,-1.0270195754066815,0,0,0,0,0,0,0.0,0,True,BUY,AMR,0.9698293606002256
EURJPY_AMR,2023-12-15 01:00:00+00:00,0.6198249349420929,3,3,0,3,3,0,1.0,4,True,SELL,AMR,0.8128411128079145
GBPJPY_AMR,2023-12-15 01:00:00+00:00,0.7554615926709042,3,3,0,3,3,0,1.0,4,True,SELL,AMR,0.7474966134558687
AUDJPY_AMR,2023-12-15 01:00:00+00:00,-1.096349491322641,3,3,0,3,3,0,1.0,4,True,SELL,AMR,0.5807606323521584
CADJPY_AMR,2023-12-15 01:00:00+00:00,-1.0855767126286069,3,3,0,3,3,0,1.0,4,True,SELL,AMR,0.817584256234563
EURJPY_AMR,2023-12-18 00:00:00+00:00,0.5904334828101295,3,2,3,0,2,0,0.667,4,True,BUY,AMR,0.6771130735010955
GBPUSD_MONDAY,2023-12-18 00:00:00+00:00,-0.2596827738841753,3,3,3,0,3,0,1.0,4,False,BUY,MONDAY,0.9373766469301756
AUDJPY_AMR,2023-12-18 00:00:00+00:00,0.5738278516445172,3,2,3,0,2,0,0.667,4,True,BUY,AMR,0.6118060360887848
GBPJPY_AMR,2023-12-18 00:00:00+00:00,0.7594742886308988,3,2,3,0,2,0,0.667,5,True,BUY,AMR,0.7502456904565858
EURJPY_AMR,2023-12-19 00:00:00+00:00,-1.056893245258823,1,1,1,0,1,0,1.0,2,True,BUY,AMR,0.3568687338158157
CADJPY_AMR,2023-12-19 00:00:00+00:00,-1.0968294772920824,1,1,1,0,1,0,1.0,2,True,BUY,AMR,0.4780761161129259
AUDJPY_AMR,2023-12-19 00:15:00+00:00,-1.2021036814424062,2,2,2,0,2,0,1.0,3,True,BUY,AMR,0.2991430244317879
GBPJPY_AMR,2023-12-19 02:00:00+00:00,0.7625231910946377,1,1,1,0,1,0,1.0,2,True,BUY,AMR,0.6003081091131238
EURJPY_AMR,2023-12-20 01:15:00+00:00,0.540037243947938,0,0,0,0,0,0,0.0,0,True,SELL,AMR,0.4174755992297988
CADJPY_AMR,2023-12-20 02:00:00+00:00,0.5362462760674338,2,2,0,2,2,0,1.0,3,True,SELL,AMR,0.6805699413061376
AUDJPY_AMR,2023-12-20 02:00:00+00:00,0.4723247232473053,2,2,0,2,2,0,1.0,3,True,SELL,AMR,0.4681694788949805
EURJPY_AMR,2023-12-21 00:00:00+00:00,0.1346916645264345,0,0,0,0,0,0,0.0,0,True,BUY,AMR,0.7178938981475333
AUDJPY_AMR,2023-12-21 03:30:00+00:00,0.5946623679025737,3,3,3,0,3,0,1.0,4,True,BUY,AMR,0.7412838665034333
CADJPY_AMR,2023-12-21 03:30:00+00:00,0.6125982154747392,3,3,3,0,3,0,1.0,4,True,BUY,AMR,0.760072238599846
GBPJPY_AMR,2023-12-21 03:30:00+00:00,-1.0355087414485633,3,3,3,0,3,0,1.0,4,True,BUY,AMR,0.7701134160269861
AUDJPY_AMR,2023-12-22 01:45:00+00:00,0.5533938607868462,2,2,2,0,2,0,1.0,3,True,BUY,AMR,0.5679193059030181
CADJPY_AMR,2023-12-22 01:45:00+00:00,0.4863500802936729,2,2,2,0,2,0,1.0,3,True,BUY,AMR,0.7032374578386849
GBPUSD_MONDAY,2023-12-25 00:00:00+00:00,0.1150433452320245,1,1,1,0,1,0,1.0,2,False,BUY,MONDAY,0.789566330612898
CADJPY_AMR,2023-12-25 00:00:00+00:00,0.6250653287342196,1,0,1,0,0,0,1.0,2,True,BUY,AMR,0.7804026239609062
EURJPY_AMR,2023-12-25 00:15:00+00:00,0.6204805225099251,2,1,2,0,1,0,0.5,4,True,BUY,AMR,0.3748755062744837
AUDJPY_AMR,2023-12-25 01:30:00+00:00,0.6041091689665412,2,1,2,0,1,0,0.5,4,True,BUY,AMR,0.3856523127694682
GBPJPY_AMR,2023-12-26 00:00:00+00:00,0.7513677811550624,2,1,2,0,1,0,0.5,4,True,BUY,AMR,0.6065898164625887
CADJPY_ARB,2023-12-26 08:00:00+00:00,1.829268292682963,2,1,2,0,1,0,1.0,3,True,BUY,ARB,0.4278402729647598
CADJPY_AMR,2023-12-27 00:00:00+00:00,0.5520349246584679,1,1,1,0,1,0,1.0,2,True,BUY,AMR,0.251228321780469
EURJPY_AMR,2023-12-27 00:00:00+00:00,0.5464962538561862,1,1,1,0,1,0,1.0,2,True,BUY,AMR,0.158581767478919
GBPJPY_AMR,2023-12-27 02:00:00+00:00,-1.0540043470991682,1,1,0,1,1,0,1.0,2,True,SELL,AMR,0.3258652288241387
AUDJPY_AMR,2023-12-27 02:00:00+00:00,0.5882352941176412,1,1,0,1,1,0,1.0,2,True,SELL,AMR,0.3950471070421036
CADJPY_ARB,2023-12-27 08:00:00+00:00,-1.0371747211895974,2,2,0,2,2,0,1.0,3,True,BUY,ARB,0.2925841019352775
CADJPY_AMR,2023-12-28 00:15:00+00:00,-1.0474168435951794,0,0,0,0,0,0,0.0,0,True,BUY,AMR,0.8269062226117441
EURJPY_AMR,2023-12-28 02:00:00+00:00,0.6318537859007671,2,2,2,0,2,0,1.0,3,True,BUY,AMR,0.8098931013876901
AUDJPY_AMR,2023-12-28 02:00:00+00:00,0.5854462997319764,2,2,2,0,2,0,1.0,3,True,BUY,AMR,0.6976632777984777
GBPJPY_AMR,2023-12-29 01:00:00+00:00,0.6879334257975813,1,1,1,0,1,0,1.0,2,True,BUY,AMR,0.695516481181439
EURJPY_AMR,2023-12-29 01:00:00+00:00,0.5781512605041752,1,1,1,0,1,0,1.0,2,True,BUY,AMR,0.6502489874510324
CADJPY_AMR,2023-12-29 02:30:00+00:00,-1.1404435058079476,0,0,0,0,0,0,0.0,0,True,SELL,AMR,0.6928000424932941
AUDJPY_AMR,2023-12-29 02:45:00+00:00,0.6053550640279933,0,0,0,0,0,0,0.0,0,True,SELL,AMR,0.6967450896896791
GBPJPY_AMR,2024-01-02 00:00:00+00:00,0.7599511599511971,0,0,0,0,0,0,0.0,0,True,BUY,AMR,0.7142022364471832
EURJPY_AMR,2024-01-02 01:00:00+00:00,0.6130268199233643,1,1,1,0,1,0,1.0,2,True,BUY,AMR,0.5680764889449572
CADJPY_AMR,2024-01-02 02:15:00+00:00,-1.0586614458705,0,0,0,0,0,0,0.0,0,True,SELL,AMR,0.7742012588638355
AUDJPY_AMR,2024-01-02 03:15:00+00:00,0.6183228886899329,1,1,0,1,1,0,1.0,2,True,SELL,AMR,0.6352531005482515
CADJPY_AMR,2024-01-03 01:00:00+00:00,0.5575856002165588,1,1,0,1,1,0,1.0,2,True,SELL,AMR,0.7228507688630388
AUDJPY_AMR,2024-01-03 01:00:00+00:00,0.5700123915737183,1,1,0,1,1,0,1.0,2,True,SELL,AMR,0.5712061531910364
EURJPY_AMR,2024-01-03 01:45:00+00:00,0.5913682277319575,2,2,0,2,2,0,1.0,3,True,SELL,AMR,0.3798552552951331
EURJPY_AMR,2024-01-04 02:00:00+00:00,0.6132741577567085,1,1,1,0,1,0,1.0,2,True,BUY,AMR,0.7206427196069318
CADJPY_AMR,2024-01-04 02:00:00+00:00,0.5892547660312267,1,1,1,0,1,0,1.0,2,True,BUY,AMR,0.7051098186067511
AUDJPY_AMR,2024-01-04 03:45:00+00:00,-1.0783156237701947,0,0,0,0,0,0,0.0,0,True,SELL,AMR,0.7597407781976899
CADJPY_ARB,2024-01-04 07:00:00+00:00,0.8967741935483805,0,0,0,0,0,0,0.0,0,True,BUY,ARB,0.7591832382577172
EURJPY_AMR,2024-01-05 00:00:00+00:00,0.6006006006005693,1,1,1,0,0,1,1.0,2,True,BUY,AMR,0.4464245402031737
AUDJPY_AMR,2024-01-05 01:00:00+00:00,-1.164086687306577,1,1,1,0,0,1,1.0,2,True,SELL,AMR,0.4956086655666152
CADJPY_AMR,2024-01-05 01:30:00+00:00,0.5343889163781018,2,2,1,1,1,1,1.0,3,True,SELL,AMR,0.5833266937561417
AUDJPY_AMR,2024-01-08 00:00:00+00:00,0.6118230673832133,2,1,2,0,1,0,1.0,3,True,BUY,AMR,0.6150529621546814
GBPUSD_MONDAY,2024-01-08 00:00:00+00:00,0.2697743615174803,2,2,2,0,2,0,1.0,3,False,BUY,MONDAY,0.8653117832186483
GBPJPY_AMR,2024-01-08 00:00:00+00:00,0.7417218543045999,2,1,2,0,1,0,0.5,4,True,BUY,AMR,0.501195250869877
CADJPY_AMR,2024-01-08 00:15:00+00:00,0.6260834098093297,3,2,3,0,2,0,0.667,4,True,BUY,AMR,0.908878442620774
EURJPY_AMR,2024-01-08 05:15:00+00:00,0.6266849788900652,1,0,1,0,0,0,1.0,2,True,BUY,AMR,0.5059557798286967
CADJPY_ARB,2024-01-08 08:00:00+00:00,-1.0353356890459318,2,1,2,0,1,0,0.5,4,True,SELL,ARB,0.7210641360558725
EURJPY_AMR,2024-01-09 01:30:00+00:00,0.448,1,1,0,1,0,1,1.0,2,True,BUY,AMR,0.3346391341876369
CADJPY_AMR,2024-01-09 02:00:00+00:00,-1.1267605633802051,3,3,2,1,2,1,1.0,4,True,BUY,AMR,0.6023690011420073
GBPJPY_AMR,2024-01-09 02:00:00+00:00,-1.1013577518155089,3,3,2,1,2,1,1.0,3,True,BUY,AMR,0.3304603043905548
AUDJPY_AMR,2024-01-09 02:00:00+00:00,0.456112437019377,3,3,2,1,2,1,1.0,3,True,BUY,AMR,0.400689306435301
CADJPY_AMR,2024-01-10 00:15:00+00:00,0.5434614790798087,1,1,0,1,0,1,1.0,2,True,BUY,AMR,0.6497490239821528
AUDJPY_AMR,2024-01-10 01:15:00+00:00,0.5095042132079445,1,1,0,1,0,1,1.0,2,True,BUY,AMR,0.420224091126843
EURJPY_AMR,2024-01-10 02:00:00+00:00,-1.084630865374375,2,2,0,2,1,1,1.0,3,True,SELL,AMR,0.3984994356284443
GBPJPY_AMR,2024-01-10 02:00:00+00:00,-1.0716845878135248,2,2,0,2,1,1,1.0,3,True,SELL,AMR,0.4077000717150522
AUDJPY_AMR,2024-01-11 01:30:00+00:00,0.5216148624508794,1,1,0,1,1,0,1.0,2,True,SELL,AMR,0.4954223665300474
EURJPY_AMR,2024-01-11 01:30:00+00:00,0.573131591013316,1,1,0,1,1,0,1.0,2,True,SELL,AMR,0.3686607794967134
AUDJPY_AMR,2024-01-12 01:30:00+00:00,0.5710102489018976,0,0,0,0,0,0,0.0,0,True,BUY,AMR,0.524618086975036
EURJPY_AMR,2024-01-12 05:30:00+00:00,0.619834710743851,0,0,0,0,0,0,0.0,0,True,BUY,AMR,0.8352831817276409
AUDJPY_AMR,2024-01-15 00:00:00+00:00,0.5483405483405613,4,3,4,0,3,0,0.75,5,True,BUY,AMR,0.334672912120083
CADJPY_AMR,2024-01-15 00:00:00+00:00,-1.1268492288321736,4,3,4,0,3,0,0.75,5,True,BUY,AMR,0.5949592329960428
GBPJPY_AMR,2024-01-15 00:00:00+00:00,0.686126126126188,4,3,4,0,3,0,0.75,6,True,BUY,AMR,0.4065712236712794
GBPUSD_MONDAY,2024-01-15 00:00:00+00:00,-0.156733256287491,4,4,4,0,4,0,1.0,5,False,BUY,MONDAY,0.8221582119805836
EURJPY_AMR,2024-01-15 00:00:00+00:00,0.565228362351718,4,3,4,0,3,0,0.75,5,True,BUY,AMR,0.4978288294269968
CADJPY_ARB,2024-01-15 08:00:00+00:00,1.9671641791044727,1,0,1,0,0,0,1.0,2,True,BUY,ARB,0.4646265394252812
GBPJPY_AMR,2024-01-16 00:00:00+00:00,-1.1610910962432728,2,2,2,0,1,1,1.0,3,True,BUY,AMR,0.0618210311030837
EURJPY_AMR,2024-01-16 00:00:00+00:00,0.5617977528090486,2,2,2,0,1,1,1.0,3,True,BUY,AMR,0.0755461124759312
AUDJPY_AMR,2024-01-16 01:00:00+00:00,-1.2527131782947194,2,2,2,0,1,1,1.0,3,True,BUY,AMR,0.15446851546282
CADJPY_AMR,2024-01-16 01:15:00+00:00,0.4579339723109448,3,3,3,0,2,1,1.0,4,True,SELL,AMR,0.1990146867447481
AUDJPY_AMR,2024-01-17 00:15:00+00:00,0.4455583402952025,2,2,2,0,1,1,1.0,2,True,BUY,AMR,0.2923697237451429
CADJPY_AMR,2024-01-17 00:15:00+00:00,0.5366554863440519,2,2,2,0,1,1,1.0,3,True,BUY,AMR,0.5015005444453298
EURJPY_AMR,2024-01-17 01:45:00+00:00,-1.1209964412810585,1,1,1,0,0,1,1.0,2,True,SELL,AMR,0.2439678640196534
GBPJPY_AMR,2024-01-17 02:00:00+00:00,0.7411764705882589,2,2,1,1,1,1,1.0,3,True,SELL,AMR,0.3391723551754362
GBPJPY_AMR,2024-01-18 00:00:00+00:00,0.730290456431543,0,0,0,0,0,0,0.0,0,True,BUY,AMR,0.3999973438869558
EURJPY_AMR,2024-01-18 02:30:00+00:00,0.5674808783617317,1,1,0,1,1,0,1.0,2,True,SELL,AMR,0.3287165526857446
CADJPY_AMR,2024-01-18 02:30:00+00:00,0.5616224648985664,1,1,0,1,1,0,1.0,2,True,SELL,AMR,0.637744668419515
AUDJPY_AMR,2024-01-18 03:45:00+00:00,0.4694132334581845,0,0,0,0,0,0,0.0,0,True,SELL,AMR,0.7693085644328526
EURJPY_AMR,2024-01-19 01:45:00+00:00,0.54170514004302,1,1,0,1,1,0,1.0,2,True,SELL,AMR,0.4043821791381714
AUDJPY_AMR,2024-01-19 01:45:00+00:00,-1.0835978835978914,1,1,0,1,1,0,1.0,2,True,SELL,AMR,0.4722414435513919
CADJPY_AMR,2024-01-19 03:15:00+00:00,-1.1014711429648436,2,2,0,2,2,0,1.0,3,True,SELL,AMR,0.64061296576634
GBPJPY_AMR,2024-01-19 03:15:00+00:00,-1.07725841608143,2,2,0,2,2,0,1.0,3,True,SELL,AMR,0.4325081675476108
CADJPY_ARB,2024-01-19 07:00:00+00:00,-0.2362204724409403,3,3,0,3,3,0,1.0,4,True,BUY,ARB,0.4012901849976009
GBPUSD_MONDAY,2024-01-22 00:00:00+00:00,0.1291410673412841,0,0,0,0,0,0,0.0,0,False,BUY,MONDAY,0.492932202485731
AUDJPY_AMR,2024-01-22 01:15:00+00:00,0.4813805631243892,2,1,2,0,1,0,0.5,4,True,BUY,AMR,0.6883616330441262
EURJPY_AMR,2024-01-22 01:15:00+00:00,0.5237315875614483,2,1,2,0,1,0,0.5,4,True,BUY,AMR,0.5037514109288892
CADJPY_AMR,2024-01-22 03:30:00+00:00,0.579322638146197,1,0,1,0,0,0,1.0,2,True,BUY,AMR,0.8570764613709398
EURJPY_AMR,2024-01-23 00:00:00+00:00,0.6021089913869159,0,0,0,0,0,0,0.0,0,True,BUY,AMR,0.3216519487417834
AUDJPY_AMR,2024-01-23 02:00:00+00:00,-1.1158798283261606,0,0,0,0,0,0,0.0,0,True,SELL,AMR,0.3286448075797094
CADJPY_ARB,2024-01-23 08:00:00+00:00,-1.0228050171037684,0,0,0,0,0,0,0.0,0,True,SELL,ARB,0.8256117716052673
CADJPY_AMR,2024-01-24 01:00:00+00:00,0.4364053976458567,0,0,0,0,0,0,0.0,0,True,SELL,AMR,0.5224152125992617
EURJPY_AMR,2024-01-24 02:30:00+00:00,-1.09786388474919,1,1,1,0,1,0,1.0,2,True,BUY,AMR,0.3994024301175221
AUDJPY_AMR,2024-01-24 02:30:00+00:00,-1.1392405063290365,1,1,1,0,1,0,1.0,2,True,BUY,AMR,0.3197290679725342
CADJPY_AMR,2024-01-25 00:15:00+00:00,0.5852261100880123,0,0,0,0,0,0,0.0,0,True,BUY,AMR,0.6262581998778318
EURJPY_AMR,2024-01-26 01:00:00+00:00,0.502532928064918,1,1,1,0,1,0,1.0,2,True,BUY,AMR,0.398711904919992
AUDJPY_AMR,2024-01-26 01:00:00+00:00,0.4834960483496536,1,1,1,0,1,0,1.0,2,True,BUY,AMR,0.2878187044232714
EURJPY_AMR,2024-01-29 00:00:00+00:00,0.5976300875837451,2,1,2,0,1,0,0.5,4,True,BUY,AMR,0.316924507004847
AUDJPY_AMR,2024-01-29 00:00:00+00:00,0.5137186223000517,2,1,2,0,1,0,0.5,4,True,BUY,AMR,0.1291850747857561
GBPUSD_MONDAY,2024-01-29 00:00:00+00:00,-0.1515561569688769,2,2,2,0,2,0,1.0,3,False,BUY,MONDAY,0.499759961593855
GBPJPY_AMR,2024-01-29 00:15:00+00:00,0.6952076677316557,3,2,3,0,2,0,0.667,5,True,BUY,AMR,0.3812983080559908
EURJPY_AMR,2024-01-30 02:15:00+00:00,0.5763557975947825,0,0,0,0,0,0,0.0,0,True,BUY,AMR,0.3250381780758249
EURJPY_AMR,2024-01-31 00:00:00+00:00,-1.0888816005246482,0,0,0,0,0,0,0.0,0,True,BUY,AMR,0.315437221964013
AUDJPY_AMR,2024-01-31 01:00:00+00:00,-1.1511339813226076,1,1,1,0,1,0,1.0,2,True,BUY,AMR,0.1973971363176664
GBPJPY_AMR,2024-01-31 01:45:00+00:00,0.7500791891035296,2,2,2,0,2,0,1.0,3,True,BUY,AMR,0.423742994501846
CADJPY_AMR,2024-01-31 01:45:00+00:00,0.5972222222221996,2,2,2,0,2,0,1.0,3,True,BUY,AMR,0.4082144849016014
CADJPY_ARB,2024-01-31 08:00:00+00:00,-1.0557103064067008,0,0,0,0,0,0,0.0,0,True,BUY,ARB,0.3450445167137602
EURJPY_AMR,2024-02-01 02:30:00+00:00,-1.0471579702348723,0,0,0,0,0,0,0.0,0,True,BUY,AMR,0.8635017595113206
EURJPY_AMR,2024-02-02 00:15:00+00:00,0.5880588058806736,0,0,0,0,0,0,0.0,0,True,SELL,AMR,0.7426864086050063
AUDJPY_AMR,2024-02-02 01:30:00+00:00,-1.113924050632936,0,0,0,0,0,0,0.0,0,True,SELL,AMR,0.516753606217065
CADJPY_ARB,2024-02-02 08:00:00+00:00,1.8974358974359025,0,0,0,0,0,0,0.0,0,True,BUY,ARB,0.5434237884523111
GBPUSD_MONDAY,2024-02-05 00:00:00+00:00,-1.0110435244788258,0,0,0,0,0,0,0.0,0,False,BUY,MONDAY,0.9112924734624208
AUDJPY_AMR,2024-02-05 01:00:00+00:00,0.5781749972415395,2,1,1,1,1,0,0.5,4,True,BUY,AMR,0.7010299675307393
CADJPY_AMR,2024-02-05 01:00:00+00:00,0.5303030303030206,2,1,2,0,1,0,0.5,4,True,SELL,AMR,0.7252410166520596
EURJPY_AMR,2024-02-05 02:15:00+00:00,0.5623439758243813,2,1,1,1,1,0,0.5,4,True,SELL,AMR,0.5773321824580041
CADJPY_AMR,2024-02-06 00:15:00+00:00,0.5237315875614483,0,0,0,0,0,0,0.0,0,True,BUY,AMR,0.4082676015191352
AUDJPY_AMR,2024-02-06 01:30:00+00:00,0.4405797101448926,0,0,0,0,0,0,0.0,0,True,BUY,AMR,0.1569303241603236
EURJPY_AMR,2024-02-06 03:15:00+00:00,0.525860577754708,0,0,0,0,0,0,0.0,0,True,BUY,AMR,0.1849943562844432
CADJPY_AMR,2024-02-07 00:15:00+00:00,0.5667412378822221,0,0,0,0,0,0,0.0,0,True,BUY,AMR,0.4288502908134809
EURJPY_AMR,2024-02-07 02:15:00+00:00,0.4512489927477893,1,1,0,1,1,0,1.0,2,True,SELL,AMR,0.2438616293738795
AUDJPY_AMR,2024-02-07 02:15:00+00:00,-1.161185546081856,1,1,0,1,1,0,1.0,2,True,SELL,AMR,0.0929366050992707
GBPJPY_AMR,2024-02-08 00:15:00+00:00,0.7215992198927795,0,0,0,0,0,0,0.0,0,True,BUY,AMR,0.2465271321947462
AUDJPY_AMR,2024-02-08 00:45:00+00:00,0.4733727810649978,1,1,1,0,1,0,1.0,2,True,BUY,AMR,0.181867780912333
EURJPY_AMR,2024-02-08 03:30:00+00:00,-1.0669367772431653,1,1,0,1,1,0,1.0,2,True,SELL,AMR,0.3064072770732355
CADJPY_AMR,2024-02-08 03:30:00+00:00,-1.0825327961988434,1,1,0,1,1,0,1.0,2,True,SELL,AMR,0.3912968422170876
CADJPY_ARB,2024-02-08 07:00:00+00:00,0.7866419294990702,0,0,0,0,0,0,0.0,0,True,BUY,ARB,0.2983419523377938
EURJPY_AMR,2024-02-09 00:00:00+00:00,0.5221745350500941,1,1,1,0,0,1,1.0,2,True,BUY,AMR,0.1462452692384303
AUDJPY_AMR,2024-02-09 00:15:00+00:00,0.4802259887006238,4,4,4,0,3,1,1.0,4,True,BUY,AMR,0.1360648320647256
CADJPY_AMR,2024-02-09 00:15:00+00:00,0.5781391147245477,4,4,4,0,3,1,1.0,5,True,BUY,AMR,0.5188032826069636
GBPJPY_AMR,2024-02-09 00:15:00+00:00,0.7020109689215512,4,4,4,0,3,1,1.0,4,True,BUY,AMR,0.303182023426917
GBPJPY_AMR,2024-02-12 00:00:00+00:00,0.7384615384615643,2,1,2,0,1,0,0.5,4,True,BUY,AMR,0.0883556004143536
GBPUSD_MONDAY,2024-02-12 00:00:00+00:00,0.0884345655533098,2,2,2,0,2,0,1.0,3,False,BUY,MONDAY,0.1602923134368165
AUDJPY_AMR,2024-02-12 00:00:00+00:00,0.5657492354740339,2,1,2,0,1,0,1.0,3,True,BUY,AMR,0.2445307925693298
EURJPY_AMR,2024-02-13 00:00:00+00:00,0.5414551607444934,0,0,0,0,0,0,0.0,0,True,BUY,AMR,0.1158621605471084
CADJPY_ARB,2024-02-13 08:00:00+00:00,-1.0826446280991535,0,0,0,0,0,0,0.0,0,True,BUY,ARB,0.0641360558724742
EURJPY_AMR,2024-02-14 00:45:00+00:00,0.5769230769230701,2,2,2,0,2,0,1.0,3,True,BUY,AMR,0.2813624593320497
GBPJPY_AMR,2024-02-14 00:45:00+00:00,0.7102063895955815,2,2,2,0,2,0,1.0,3,True,BUY,AMR,0.4567319185104518
CADJPY_AMR,2024-02-14 00:45:00+00:00,0.519673348181162,2,2,2,0,2,0,1.0,3,True,BUY,AMR,0.6560964597774414
AUDJPY_AMR,2024-02-14 01:00:00+00:00,0.5028386050283844,2,2,2,0,2,0,1.0,3,True,BUY,AMR,0.3940623835631021
AUDJPY_AMR,2024-02-15 01:45:00+00:00,0.5633074935400924,1,1,0,1,1,0,1.0,2,True,SELL,AMR,0.192540054292862
EURJPY_AMR,2024-02-15 01:45:00+00:00,0.5311260562166847,1,1,0,1,1,0,1.0,2,True,SELL,AMR,0.1720735674921984
CADJPY_AMR,2024-02-15 02:45:00+00:00,-1.1084076777507397,0,0,0,0,0,0,0.0,0,True,BUY,AMR,0.3781372002230898
GBPJPY_AMR,2024-02-15 03:00:00+00:00,-1.0576124255011892,1,1,1,0,1,0,1.0,2,True,BUY,AMR,0.2280671465377566
GBPJPY_AMR,2024-02-16 00:15:00+00:00,0.685309734513346,0,0,0,0,0,0,0.0,0,True,BUY,AMR,0.2861297776833382
AUDJPY_AMR,2024-02-16 01:45:00+00:00,0.4205318491032876,0,0,0,0,0,0,0.0,0,True,SELL,AMR,0.1066162772129664
EURJPY_AMR,2024-02-16 02:00:00+00:00,-1.1042311661506936,2,2,0,2,2,0,1.0,3,True,SELL,AMR,0.1262067591793373
CADJPY_AMR,2024-02-16 02:00:00+00:00,-1.1657559198546086,2,2,0,2,2,0,1.0,3,True,SELL,AMR,0.366252357049903
EURJPY_AMR,2024-02-19 00:00:00+00:00,0.4990642545225724,1,0,1,0,0,0,1.0,2,True,BUY,AMR,0.1452493194343005
GBPUSD_MONDAY,2024-02-19 00:00:00+00:00,-0.0456762221957888,1,1,1,0,1,0,1.0,2,False,BUY,MONDAY,0.4505787592681495
GBPJPY_AMR,2024-02-19 00:15:00+00:00,0.7401718778569438,3,2,3,0,2,0,0.667,5,True,BUY,AMR,0.24782862758639
AUDJPY_AMR,2024-02-19 00:15:00+00:00,0.5814207650273094,3,2,3,0,2,0,0.667,4,True,BUY,AMR,0.2072177569595997
GBPJPY_AMR,2024-02-20 00:00:00+00:00,-1.175438596491037,2,2,2,0,2,0,1.0,3,True,BUY,AMR,0.0401869903583096
AUDJPY_AMR,2024-02-20 00:00:00+00:00,0.4115996258185374,2,2,2,0,2,0,1.0,3,True,BUY,AMR,0.0325624101772502
EURJPY_AMR,2024-02-20 00:00:00+00:00,0.4079031230084881,2,2,2,0,2,0,1.0,3,True,BUY,AMR,0.002124692915477
CADJPY_AMR,2024-02-20 02:30:00+00:00,0.5020576131687052,0,0,0,0,0,0,0.0,0,True,SELL,AMR,0.1017183225772182
AUDJPY_AMR,2024-02-21 00:45:00+00:00,0.534879974222677,0,0,0,0,0,0,0.0,0,True,BUY,AMR,0.1523393836163304
EURJPY_AMR,2024-02-21 03:30:00+00:00,0.5580631924496264,0,0,0,0,0,0,0.0,0,True,SELL,AMR,0.1080406347520085
CADJPY_ARB,2024-02-21 08:00:00+00:00,1.707692307692274,0,0,0,0,0,0,0.0,0,True,BUY,ARB,0.0599776083595457
AUDJPY_AMR,2024-02-22 00:00:00+00:00,-1.128010139417022,1,1,1,0,0,1,1.0,2,True,SELL,AMR,0.1770373130356097
EURJPY_AMR,2024-02-22 00:15:00+00:00,-1.1550387596897516,2,2,1,1,1,1,1.0,3,True,SELL,AMR,0.2145674258017396
CADJPY_AMR,2024-02-22 01:00:00+00:00,-1.0990923784657305,4,4,1,3,3,1,1.0,5,True,SELL,AMR,0.4891907683318726
GBPJPY_AMR,2024-02-22 01:00:00+00:00,-1.075855467815186,4,4,1,3,3,1,1.0,4,True,SELL,AMR,0.2137108555340115
AUDJPY_AMR,2024-02-23 01:15:00+00:00,0.5128205128204764,0,0,0,0,0,0,0.0,0,True,SELL,AMR,0.0819981902379304
CADJPY_AMR,2024-02-23 02:45:00+00:00,0.5285412262155665,1,1,1,0,1,0,1.0,2,True,BUY,AMR,0.1641834647969617
EURJPY_AMR,2024-02-23 02:45:00+00:00,0.4908522980811671,1,1,1,0,1,0,1.0,2,True,BUY,AMR,0.0724520284177677
CADJPY_ARB,2024-02-23 07:00:00+00:00,-1.0826446280992172,0,0,0,0,0,0,0.0,0,True,BUY,ARB,0.0735192194913898
EURJPY_AMR,2024-02-26 00:00:00+00:00,0.4882379050155871,1,0,1,0,0,0,1.0,2,True,BUY,AMR,0.3026625058097072
GBPUSD_MONDAY,2024-02-26 00:00:00+00:00,0.0340340340340338,1,1,1,0,1,0,1.0,2,False,BUY,MONDAY,0.228783271990185
CADJPY_AMR,2024-02-26 00:15:00+00:00,0.4535864978903325,1,0,1,0,0,0,1.0,2,True,BUY,AMR,0.5597694738799033
GBPJPY_AMR,2024-02-26 00:30:00+00:00,0.6823793490460733,2,1,2,0,1,0,0.5,4,True,BUY,AMR,0.2338043507131663
AUDJPY_AMR,2024-02-26 01:15:00+00:00,0.4673129505343648,1,0,1,0,0,0,1.0,2,True,SELL,AMR,0.3720258689519348
EURJPY_AMR,2024-02-27 00:15:00+00:00,-1.195061728395142,0,0,0,0,0,0,0.0,0,True,BUY,AMR,0.1374676316313657
AUDJPY_AMR,2024-02-27 00:45:00+00:00,0.487588652482208,1,1,1,0,1,0,1.0,2,True,BUY,AMR,0.1009341565976473
CADJPY_AMR,2024-02-28 00:15:00+00:00,0.4976404976404515,0,0,0,0,0,0,0.0,0,True,BUY,AMR,0.1795341672642286
GBPJPY_AMR,2024-02-28 03:00:00+00:00,-1.143374038896244,2,2,2,0,2,0,1.0,3,True,BUY,AMR,0.0995643974607559
EURJPY_AMR,2024-02-28 03:00:00+00:00,-1.183932346722869,2,2,2,0,2,0,1.0,3,True,BUY,AMR,0.0563707589137507
AUDJPY_AMR,2024-02-28 03:00:00+00:00,-1.0846730975348091,2,2,2,0,2,0,1.0,3,True,BUY,AMR,0.3574945440996434
EURJPY_AMR,2024-02-29 00:00:00+00:00,0.4978220286247052,1,1,1,0,1,0,1.0,2,True,BUY,AMR,0.0736073301905584
CADJPY_AMR,2024-02-29 00:00:00+00:00,-1.1317595847980084,1,1,1,0,1,0,1.0,2,True,BUY,AMR,0.237471117839216
AUDJPY_AMR,2024-02-29 00:15:00+00:00,0.5230162994805369,2,2,2,0,2,0,1.0,3,True,BUY,AMR,0.0986187257145898
GBPJPY_AMR,2024-02-29 03:30:00+00:00,-1.0600226500565793,0,0,0,0,0,0,0.0,0,True,BUY,AMR,0.179314191611995
AUDJPY_AMR,2024-03-01 00:00:00+00:00,0.4277421326001248,0,0,0,0,0,0,0.0,0,True,SELL,AMR,0.2088012987704263
CADJPY_AMR,2024-03-01 00:15:00+00:00,0.4491920021912701,0,0,0,0,0,0,0.0,0,True,BUY,AMR,0.3332005417894988
GBPJPY_AMR,2024-03-01 01:00:00+00:00,-1.0710859136502635,1,1,0,1,1,0,1.0,2,True,SELL,AMR,0.3211904698663975
EURJPY_AMR,2024-03-01 01:00:00+00:00,-1.1063274624919168,1,1,0,1,1,0,1.0,2,True,SELL,AMR,0.3595909966137706
GBPJPY_AMR,2024-03-04 00:00:00+00:00,0.7203699196884423,1,0,1,0,0,0,1.0,2,True,BUY,AMR,0.1813726792212276
GBPUSD_MONDAY,2024-03-04 00:00:00+00:00,0.4467364078385141,1,1,1,0,1,0,1.0,2,False,BUY,MONDAY,0.4486584520189897
EURJPY_AMR,2024-03-04 02:30:00+00:00,0.5473746839209555,1,0,1,0,0,0,1.0,2,True,BUY,AMR,0.2723590731027156
CADJPY_ARB,2024-03-04 07:00:00+00:00,-1.0909090909090966,1,0,1,0,0,0,1.0,2,True,BUY,ARB,0.123367276216879
CADJPY_AMR,2024-03-05 00:15:00+00:00,0.4862953138816001,1,1,1,0,0,1,1.0,2,True,BUY,AMR,0.2414150266911003
EURJPY_AMR,2024-03-05 00:45:00+00:00,0.5659655831739696,2,2,2,0,1,1,1.0,2,True,BUY,AMR,0.103459265653011
AUDJPY_AMR,2024-03-06 02:15:00+00:00,0.5136921624173623,0,0,0,0,0,0,0.0,0,True,BUY,AMR,0.3213392239314419
GBPJPY_AMR,2024-03-07 00:00:00+00:00,-1.0864745011086976,1,1,1,0,1,0,1.0,2,True,BUY,AMR,0.3397301389147122
CADJPY_AMR,2024-03-07 00:00:00+00:00,0.5055292259084445,1,1,1,0,1,0,1.0,2,True,BUY,AMR,0.7156534671872096
AUDJPY_AMR,2024-03-07 00:30:00+00:00,-1.1088463106400954,2,2,2,0,2,0,1.0,3,True,BUY,AMR,0.2907595677862352
EURJPY_AMR,2024-03-07 02:00:00+00:00,-1.0541885168751388,1,1,1,0,1,0,1.0,2,True,BUY,AMR,0.4824115264590665
CADJPY_ARB,2024-03-07 08:00:00+00:00,0.7267441860465121,0,0,0,0,0,0,0.0,0,True,SELL,ARB,0.6582076024950685
AUDJPY_AMR,2024-03-08 00:15:00+00:00,0.5301123972487776,1,1,0,1,0,1,1.0,2,True,BUY,AMR,0.2108106669505509
EURJPY_AMR,2024-03-08 00:30:00+00:00,-1.0946676062955705,3,3,2,1,2,1,1.0,3,True,BUY,AMR,0.4407675453157161
CADJPY_AMR,2024-03-08 00:30:00+00:00,0.5750224618148781,3,3,2,1,2,1,1.0,4,True,BUY,AMR,0.6548349401110137
GBPUSD_MONDAY,2024-03-11 00:00:00+00:00,-0.4874825636884233,0,0,0,0,0,0,0.0,0,False,BUY,MONDAY,0.5255240838534165
CADJPY_AMR,2024-03-11 01:00:00+00:00,-1.1287477954144889,4,3,4,0,3,0,0.75,5,True,BUY,AMR,0.6115714551297373
EURJPY_AMR,2024-03-11 01:00:00+00:00,-1.085173501577262,4,3,4,0,3,0,0.75,5,True,BUY,AMR,0.3973175751942102
AUDJPY_AMR,2024-03-11 01:00:00+00:00,-1.097635673159399,4,3,4,0,3,0,0.75,5,True,BUY,AMR,0.4879837121413743
GBPJPY_AMR,2024-03-11 01:00:00+00:00,-1.0786079338037755,4,3,4,0,3,0,0.75,6,True,BUY,AMR,0.3443252144811283
EURJPY_AMR,2024-03-12 01:00:00+00:00,0.5438435685914456,0,0,0,0,0,0,0.0,0,True,BUY,AMR,0.2661841843171104
CADJPY_AMR,2024-03-12 01:15:00+00:00,0.5546123372948379,3,3,3,0,3,0,1.0,4,True,BUY,AMR,0.4162350941492045
AUDJPY_AMR,2024-03-12 01:15:00+00:00,0.5550786838340388,3,3,3,0,3,0,1.0,4,True,BUY,AMR,0.3794645233406079
GBPJPY_AMR,2024-03-12 01:15:00+00:00,0.722479863314644,3,3,3,0,3,0,1.0,4,True,BUY,AMR,0.2179473558394645
CADJPY_ARB,2024-03-12 07:00:00+00:00,0.7917888563049829,0,0,0,0,0,0,0.0,0,True,BUY,ARB,0.4184571093458442
CADJPY_AMR,2024-03-13 00:00:00+00:00,0.4564755838641497,1,1,1,0,0,1,1.0,2,True,BUY,AMR,0.2022946378774599
EURJPY_AMR,2024-03-13 02:00:00+00:00,-1.1302681992337351,1,1,1,0,0,1,1.0,2,True,BUY,AMR,0.1324878826107164
AUDJPY_AMR,2024-03-13 02:30:00+00:00,0.5526468877254419,3,3,3,0,2,1,1.0,4,True,BUY,AMR,0.0527226273486985
GBPJPY_AMR,2024-03-13 02:30:00+00:00,0.7215159510674053,3,3,3,0,2,1,1.0,4,True,BUY,AMR,0.157480942388908
AUDJPY_AMR,2024-03-14 03:30:00+00:00,0.464756003098395,1,1,1,0,0,1,1.0,2,True,SELL,AMR,0.2173178261563847
EURJPY_AMR,2024-03-14 04:30:00+00:00,0.5635220125786453,2,2,1,1,1,1,1.0,3,True,SELL,AMR,0.1744771263528318
CADJPY_AMR,2024-03-15 02:00:00+00:00,-1.1590727418065898,2,2,1,1,1,1,1.0,3,True,SELL,AMR,0.2058003346346904
EURJPY_AMR,2024-03-15 02:00:00+00:00,-1.1346089291705437,2,2,1,1,1,1,1.0,2,True,SELL,AMR,0.1641989243742115
AUDJPY_AMR,2024-03-15 03:00:00+00:00,-1.1449275362317228,3,3,1,2,2,1,1.0,3,True,BUY,AMR,0.2518097620695161
GBPUSD_MONDAY,2024-03-18 00:00:00+00:00,-0.0642719196601006,0,0,0,0,0,0,0.0,0,False,BUY,MONDAY,0.0458740065077079
EURJPY_AMR,2024-03-18 01:15:00+00:00,0.5502461627570994,1,0,1,0,0,0,1.0,2,True,BUY,AMR,0.1632693712236903
AUDJPY_AMR,2024-03-18 01:30:00+00:00,0.5169137210186352,2,1,2,0,1,0,0.5,4,True,BUY,AMR,0.0835950391227976
CADJPY_AMR,2024-03-18 02:45:00+00:00,0.588744588744651,1,0,1,0,0,0,1.0,2,True,SELL,AMR,0.3079303109977956
CADJPY_ARB,2024-03-18 08:00:00+00:00,1.890322580645148,1,0,1,0,0,0,1.0,2,True,BUY,ARB,0.2203444047555579
AUDJPY_AMR,2024-03-19 02:30:00+00:00,0.4871447902570451,1,1,1,0,0,1,1.0,2,True,BUY,AMR,0.0588704955554372
CADJPY_AMR,2024-03-19 03:00:00+00:00,0.4466230936820247,2,2,1,1,1,1,1.0,3,True,SELL,AMR,0.1372267813985605
EURJPY_AMR,2024-03-19 03:00:00+00:00,-1.0831234256927964,2,2,1,1,1,1,1.0,2,True,SELL,AMR,0.1829891773454618
CADJPY_ARB,2024-03-19 07:00:00+00:00,1.789610389610399,0,0,0,0,0,0,0.0,0,True,BUY,ARB,0.5890600842352188
EURJPY_AMR,2024-03-20 01:45:00+00:00,-1.1164977229319932,1,1,1,0,0,1,1.0,2,True,SELL,AMR,0.1124759312130668
CADJPY_AMR,2024-03-20 02:00:00+00:00,-1.07430282612764,3,3,1,2,2,1,1.0,4,True,SELL,AMR,0.2839215998725201
GBPJPY_AMR,2024-03-20 02:00:00+00:00,-1.0438596491228,3,3,1,2,2,1,1.0,3,True,SELL,AMR,0.1977210550081011
AUDJPY_AMR,2024-03-20 02:00:00+00:00,-1.133299197815144,3,3,1,2,2,1,1.0,3,True,SELL,AMR,0.0687310374194922
EURJPY_AMR,2024-03-21 02:00:00+00:00,0.6252931061435001,1,1,1,0,1,0,1.0,2,True,BUY,AMR,0.7396587212004515
AUDJPY_AMR,2024-03-21 02:00:00+00:00,0.5771812080536878,1,1,1,0,1,0,1.0,2,True,BUY,AMR,0.6380608931708096
CADJPY_AMR,2024-03-21 03:00:00+00:00,0.6182942353155668,1,1,1,0,1,0,1.0,2,True,BUY,AMR,0.8333466124877168
CADJPY_ARB,2024-03-21 07:00:00+00:00,-1.0377358490566015,1,1,1,0,1,0,1.0,2,True,BUY,ARB,0.6262195447033108
EURJPY_AMR,2024-03-22 02:00:00+00:00,0.502532928064918,1,1,1,0,0,1,1.0,2,True,BUY,AMR,0.209693911426864
AUDJPY_AMR,2024-03-22 03:45:00+00:00,-1.0701986754966952,1,1,1,0,0,1,1.0,2,True,BUY,AMR,0.3468488848671954
CADJPY_ARB,2024-03-22 08:00:00+00:00,0.4120521172638502,0,0,0,0,0,0,0.0,0,True,SELL,ARB,0.4420216452524391
AUDJPY_AMR,2024-03-25 00:00:00+00:00,0.5125306199358827,2,1,2,0,1,0,0.5,4,True,BUY,AMR,0.0296747751104487
CADJPY_AMR,2024-03-25 00:00:00+00:00,-1.2056737588650637,2,1,2,0,1,0,0.5,4,True,BUY,AMR,0.244748094441346
GBPUSD_MONDAY,2024-03-25 00:00:00+00:00,0.4532033622942737,2,2,2,0,2,0,1.0,3,False,BUY,MONDAY,0.3773403744599136
EURJPY_AMR,2024-03-25 00:15:00+00:00,0.4398148148147547,3,2,3,0,2,0,0.667,5,True,BUY,AMR,0.0916141026492264
GBPJPY_AMR,2024-03-25 01:00:00+00:00,0.7473180392803851,2,1,2,0,1,0,0.5,4,True,BUY,AMR,0.2708305665489123
EURJPY_AMR,2024-03-26 00:00:00+00:00,0.5301123972487017,0,0,0,0,0,0,0.0,0,True,BUY,AMR,0.0171568952924772
AUDJPY_AMR,2024-03-26 03:15:00+00:00,0.5555555555555602,0,0,0,0,0,0,0.0,0,True,SELL,AMR,0.0491164102837068
AUDJPY_AMR,2024-03-27 00:00:00+00:00,0.5266805266805482,1,1,1,0,1,0,1.0,2,True,BUY,AMR,0.0079177090541331
CADJPY_AMR,2024-03-27 00:00:00+00:00,0.5451851851851989,1,1,1,0,1,0,1.0,2,True,BUY,AMR,0.179547446418612
EURJPY_AMR,2024-03-27 04:00:00+00:00,-1.1186287776274324,0,0,0,0,0,0,0.0,0,True,SELL,AMR,0.1106832215656331
GBPJPY_AMR,2024-03-28 00:00:00+00:00,0.7090301003343876,3,3,3,0,3,0,1.0,4,True,BUY,AMR,0.1039602645488592
AUDJPY_AMR,2024-03-28 00:00:00+00:00,0.5480250692318821,3,3,3,0,3,0,1.0,4,True,BUY,AMR,0.0369271304625538
EURJPY_AMR,2024-03-28 00:00:00+00:00,0.5485047410649238,3,3,3,0,3,0,1.0,4,True,BUY,AMR,0.1249186640993293
CADJPY_AMR,2024-03-28 00:00:00+00:00,0.486158001350534,3,3,3,0,3,0,1.0,4,True,BUY,AMR,0.1028603298541948
EURJPY_AMR,2024-03-29 01:30:00+00:00,0.5322819122722052,0,0,0,0,0,0,0.0,0,True,SELL,AMR,0.0958767678109023
GBPUSD_MONDAY,2024-04-01 00:00:00+00:00,-0.8820261202106977,2,2,2,0,2,0,1.0,3,False,BUY,MONDAY,0.382087800714781
CADJPY_AMR,2024-04-01 00:00:00+00:00,0.6057906458797545,2,1,2,0,1,0,0.5,4,True,BUY,AMR,0.3621225400366504
AUDJPY_AMR,2024-04-01 00:00:00+00:00,0.5496453900709566,2,1,2,0,1,0,0.5,4,True,BUY,AMR,0.6880821844892745
GBPJPY_AMR,2024-04-01 02:30:00+00:00,0.7367178276270183,2,1,1,1,1,0,0.5,4,True,SELL,AMR,0.3851231108395973
EURJPY_AMR,2024-04-01 02:30:00+00:00,0.5419029615626133,2,1,1,1,1,0,1.0,3,True,SELL,AMR,0.2630635415975035
EURJPY_AMR,2024-04-02 02:30:00+00:00,-1.1800968736237691,0,0,0,0,0,0,0.0,0,True,BUY,AMR,0.0267844100657326
GBPJPY_AMR,2024-04-02 03:00:00+00:00,0.6744279405861139,1,1,1,0,1,0,1.0,2,True,BUY,AMR,0.0242370315280618
AUDJPY_AMR,2024-04-02 03:00:00+00:00,0.464646464646447,1,1,1,0,1,0,1.0,2,True,BUY,AMR,0.0285037525948794
EURJPY_AMR,2024-04-03 00:45:00+00:00,0.4954089259022603,0,0,0,0,0,0,0.0,0,True,SELL,AMR,0.0341677179470154
CADJPY_AMR,2024-04-03 03:00:00+00:00,0.3972194637537668,2,2,2,0,2,0,1.0,3,True,BUY,AMR,0.0632486123283669
GBPJPY_AMR,2024-04-03 03:00:00+00:00,0.6511202560584903,2,2,2,0,2,0,1.0,3,True,BUY,AMR,0.0214348322664612
AUDJPY_AMR,2024-04-03 03:00:00+00:00,0.5079365079364887,2,2,2,0,2,0,1.0,3,True,BUY,AMR,0.0187895885452706
AUDJPY_AMR,2024-04-04 03:15:00+00:00,-1.2500000000002218,0,0,0,0,0,0,0.0,0,True,SELL,AMR,0.0238995049768456
EURJPY_AMR,2024-04-04 04:15:00+00:00,-1.144708423326079,0,0,0,0,0,0,0.0,0,True,SELL,AMR,0.0164132527720602
GBPJPY_AMR,2024-04-05 03:00:00+00:00,-1.0690265486725707,2,2,2,0,2,0,1.0,3,True,BUY,AMR,0.2754522032457701
CADJPY_AMR,2024-04-05 03:00:00+00:00,-1.0998625171854095,2,2,2,0,2,0,1.0,3,True,BUY,AMR,0.4714896555387353
EURJPY_AMR,2024-04-05 03:00:00+00:00,0.5976300875837451,2,2,2,0,2,0,1.0,3,True,BUY,AMR,0.3457937719938915
AUDJPY_AMR,2024-04-05 03:30:00+00:00,0.5864386072082873,3,3,3,0,3,0,1.0,4,True,BUY,AMR,0.4205168467557353
CADJPY_AMR,2024-04-08 00:00:00+00:00,0.5474613686534524,3,2,3,0,2,0,0.667,4,True,BUY,AMR,0.2530874033941518
GBPJPY_AMR,2024-04-08 00:00:00+00:00,0.7214233487691818,3,2,3,0,2,0,0.667,5,True,BUY,AMR,0.1497649339955908
AUDJPY_AMR,2024-04-08 00:00:00+00:00,0.5993249361982415,3,2,3,0,2,0,0.667,4,True,BUY,AMR,0.2832011497311971
GBPUSD_MONDAY,2024-04-08 00:00:00+00:00,0.351402967533424,3,3,3,0,3,0,1.0,4,False,BUY,MONDAY,0.371579452712434
EURJPY_AMR,2024-04-08 04:30:00+00:00,-1.088435374149724,1,0,1,0,0,0,1.0,2,True,SELL,AMR,0.1723125954451895
GBPJPY_AMR,2024-04-09 00:00:00+00:00,0.6949806949807577,1,1,1,0,1,0,1.0,2,True,BUY,AMR,0.0936147042418125
EURJPY_AMR,2024-04-09 00:00:00+00:00,0.5696355298092817,1,1,1,0,1,0,1.0,2,True,BUY,AMR,0.0815483699621539
AUDJPY_AMR,2024-04-09 02:30:00+00:00,0.4466230936820247,0,0,0,0,0,0,0.0,0,True,SELL,AMR,0.0050966093575344
CADJPY_AMR,2024-04-09 03:45:00+00:00,0.4466778336125644,0,0,0,0,0,0,0.0,0,True,SELL,AMR,0.0631423790932993
EURJPY_AMR,2024-04-10 03:15:00+00:00,0.5001059546513436,0,0,0,0,0,0,0.0,0,True,BUY,AMR,0.0425868136245933
CADJPY_AMR,2024-04-11 03:00:00+00:00,0.5834131800276431,1,1,1,0,1,0,1.0,2,True,BUY,AMR,0.5953044910100125
AUDJPY_AMR,2024-04-11 03:00:00+00:00,0.5885747259088369,1,1,1,0,1,0,1.0,2,True,BUY,AMR,0.6299834992281897
CADJPY_AMR,2024-04-12 03:00:00+00:00,-1.1537726838588662,3,3,3,0,3,0,1.0,4,True,BUY,AMR,0.125554404695509
EURJPY_AMR,2024-04-12 03:00:00+00:00,-1.1254996003196631,3,3,3,0,3,0,1.0,4,True,BUY,AMR,0.0868335435894031
GBPJPY_AMR,2024-04-12 03:00:00+00:00,-1.125628140703374,3,3,3,0,3,0,1.0,4,True,BUY,AMR,0.0382613084012855
AUDJPY_AMR,2024-04-12 03:00:00+00:00,-1.1318847902981064,3,3,3,0,3,0,1.0,4,True,BUY,AMR,0.1077207643583328
CADJPY_ARB,2024-04-12 08:00:00+00:00,1.7885462555066896,2,2,2,0,2,0,1.0,3,True,SELL,ARB,0.096870501679373
GBPUSD_MONDAY,2024-04-15 00:00:00+00:00,0.003060834077286,3,3,3,0,3,0,1.0,4,False,BUY,MONDAY,0.5389662345975356
CADJPY_AMR,2024-04-15 00:00:00+00:00,0.5945026412391511,3,2,3,0,2,0,0.667,4,True,BUY,AMR,0.6244389557272992
EURJPY_AMR,2024-04-15 00:00:00+00:00,0.627315148891126,3,2,3,0,2,0,0.667,4,True,BUY,AMR,0.7245202841776774
GBPJPY_AMR,2024-04-15 00:00:00+00:00,0.7526091430251488,3,2,3,0,2,0,0.667,5,True,BUY,AMR,0.6419028393848443
AUDJPY_AMR,2024-04-15 01:15:00+00:00,-1.064479819906719,1,0,1,0,0,0,1.0,2,True,SELL,AMR,0.630063341672433
CADJPY_ARB,2024-04-15 07:00:00+00:00,0.7983091787439585,1,0,1,0,0,0,1.0,2,True,BUY,ARB,0.5036519699312256
AUDJPY_AMR,2024-04-16 03:00:00+00:00,-1.192570869990395,1,1,1,0,0,1,1.0,2,True,BUY,AMR,0.1342550699952094
EURJPY_AMR,2024-04-16 04:00:00+00:00,0.436781609195457,1,1,1,0,0,1,1.0,2,True,BUY,AMR,0.2121505876103844
EURJPY_AMR,2024-04-17 05:00:00+00:00,0.5787423483583303,1,1,1,0,0,1,1.0,2,True,SELL,AMR,0.2246464378195339
EURJPY_AMR,2024-04-18 04:15:00+00:00,0.5597760895642305,1,1,1,0,0,1,1.0,2,True,BUY,AMR,0.2321890976694774
EURJPY_AMR,2024-04-19 03:00:00+00:00,0.4861580013506273,3,3,3,0,2,1,1.0,3,True,BUY,AMR,0.0551490604873514
AUDJPY_AMR,2024-04-19 03:00:00+00:00,-1.2111801242234852,3,3,3,0,2,1,1.0,3,True,BUY,AMR,0.1007877787832011
CADJPY_AMR,2024-04-19 03:00:00+00:00,-1.2233445566776682,3,3,3,0,2,1,1.0,4,True,BUY,AMR,0.1068971927867633
GBPJPY_AMR,2024-04-19 03:15:00+00:00,0.6987119070059209,3,3,3,0,2,1,1.0,3,True,BUY,AMR,0.0545034396663922
GBPUSD_MONDAY,2024-04-22 00:00:00+00:00,-0.1565855647682493,1,1,1,0,1,0,1.0,2,False,BUY,MONDAY,0.7187283298661119
AUDJPY_AMR,2024-04-22 00:00:00+00:00,0.5724258289702957,1,0,1,0,0,0,1.0,2,True,BUY,AMR,0.5063474743173471
CADJPY_AMR,2024-04-22 00:45:00+00:00,0.5553194503471531,2,1,2,0,1,0,0.5,4,True,BUY,AMR,0.4578785222957002
EURJPY_AMR,2024-04-22 03:15:00+00:00,0.5841503267974245,1,0,1,0,0,0,1.0,2,True,SELL,AMR,0.4563840382444725
AUDJPY_AMR,2024-04-23 03:45:00+00:00,0.5702549232813674,0,0,0,0,0,0,0.0,0,True,SELL,AMR,0.0711795390429552
EURJPY_AMR,2024-04-23 04:45:00+00:00,0.4768856447688549,0,0,0,0,0,0,0.0,0,True,BUY,AMR,0.0779762299980081
AUDJPY_AMR,2024-04-24 00:00:00+00:00,0.5305410122163979,0,0,0,0,0,0,0.0,0,True,BUY,AMR,0.2887901208282323
EURJPY_AMR,2024-04-24 02:30:00+00:00,0.4781997187060392,0,0,0,0,0,0,0.0,0,True,BUY,AMR,0.0830090963415443
GBPJPY_AMR,2024-04-24 03:15:00+00:00,-1.1454795777880498,0,0,0,0,0,0,0.0,0,True,SELL,AMR,0.1140667746819304
AUDJPY_AMR,2024-04-25 03:00:00+00:00,-1.1564235113920434,0,0,0,0,0,0,0.0,0,True,SELL,AMR,0.0840607867142172
EURJPY_AMR,2024-04-25 03:45:00+00:00,-1.0711387611577934,2,2,0,2,2,0,1.0,3,True,SELL,AMR,0.2186707389947546
CADJPY_AMR,2024-04-25 03:45:00+00:00,-1.099962839093238,2,2,0,2,2,0,1.0,3,True,SELL,AMR,0.1486734124770934
CADJPY_ARB,2024-04-25 07:00:00+00:00,1.4911504424778357,2,2,0,2,2,0,1.0,3,True,BUY,ARB,0.1525830356666844
EURJPY_AMR,2024-04-26 05:30:00+00:00,0.5536912751677555,1,1,1,0,0,1,1.0,2,True,BUY,AMR,0.0845362193745435
CADJPY_ARB,2024-04-26 07:00:00+00:00,-1.033783783783786,0,0,0,0,0,0,0.0,0,True,BUY,ARB,0.4957615823425921
GBPUSD_MONDAY,2024-04-29 00:00:00+00:00,0.6916481803465463,0,0,0,0,0,0,0.0,0,False,BUY,MONDAY,0.7415586493839014
AUDJPY_AMR,2024-04-29 01:00:00+00:00,-1.0517582487713997,2,1,1,1,1,0,0.5,4,True,SELL,AMR,0.9292995156225048
EURJPY_AMR,2024-04-29 01:00:00+00:00,-1.0369763951426234,2,1,1,1,1,0,0.5,4,True,SELL,AMR,0.9541995883407476
CADJPY_AMR,2024-04-29 01:15:00+00:00,-1.04450648710789,3,2,1,2,2,0,0.667,5,True,SELL,AMR,0.9177621969033012
CADJPY_ARB,2024-04-29 07:00:00+00:00,1.0627074880118044,1,0,1,0,0,0,1.0,2,True,SELL,ARB,0.9937623287306072
GBPJPY_AMR,2024-04-30 03:30:00+00:00,0.7593637762955757,4,4,0,4,3,1,1.0,4,True,SELL,AMR,0.8793460649685251
CADJPY_AMR,2024-04-30 03:30:00+00:00,0.6114932944201132,4,4,0,4,3,1,1.0,5,True,SELL,AMR,0.8928505032799511
AUDJPY_AMR,2024-04-30 03:30:00+00:00,0.5993638037837319,4,4,0,4,3,1,1.0,4,True,SELL,AMR,0.8323042529408634
EURJPY_AMR,2024-04-30 03:30:00+00:00,-1.0419650909863132,4,4,0,4,3,1,1.0,4,True,SELL,AMR,0.9002855056105172
CADJPY_AMR,2024-05-01 00:00:00+00:00,0.5635948210205809,2,2,1,1,1,1,1.0,3,True,BUY,AMR,0.5103710195734735
AUDJPY_AMR,2024-05-01 00:00:00+00:00,0.5847601882447268,2,2,1,1,1,1,1.0,2,True,BUY,AMR,0.5268004471176878
EURJPY_AMR,2024-05-06 00:00:00+00:00,0.5575660099182745,1,0,1,0,0,0,1.0,2,True,BUY,AMR,0.4889051191819932
GBPUSD_MONDAY,2024-05-06 00:00:00+00:00,0.1612885059413195,1,1,1,0,1,0,1.0,2,False,BUY,MONDAY,0.7755907611884568
CADJPY_AMR,2024-05-06 00:15:00+00:00,0.5080109417741084,3,2,3,0,2,0,0.667,5,True,BUY,AMR,0.4833213820943882
AUDJPY_AMR,2024-05-06 00:15:00+00:00,0.532241555783069,3,2,3,0,2,0,0.667,5,True,BUY,AMR,0.4566322457018151
GBPJPY_AMR,2024-05-06 01:15:00+00:00,-1.0742699471142114,1,0,1,0,0,0,1.0,2,True,SELL,AMR,0.5751281574543813
CADJPY_AMR,2024-05-07 00:00:00+00:00,0.4944697462588983,2,2,2,0,2,0,1.0,3,True,BUY,AMR,0.2181632273656813
GBPJPY_AMR,2024-05-07 00:00:00+00:00,0.7095851216022189,2,2,2,0,2,0,1.0,3,True,BUY,AMR,0.1161385428563839
EURJPY_AMR,2024-05-07 00:00:00+00:00,0.5657492354740339,2,2,2,0,2,0,1.0,3,True,BUY,AMR,0.1726445787132328
AUDJPY_AMR,2024-05-07 02:00:00+00:00,-1.103062650908585,0,0,0,0,0,0,0.0,0,True,SELL,AMR,0.085005588971097
EURJPY_AMR,2024-05-08 00:00:00+00:00,0.5497685185185791,2,2,2,0,2,0,1.0,3,True,BUY,AMR,0.3034858243144545
AUDJPY_AMR,2024-05-08 00:00:00+00:00,0.5498281786941174,2,2,2,0,2,0,1.0,3,True,BUY,AMR,0.2234390802150423
CADJPY_AMR,2024-05-08 00:00:00+00:00,0.5666420300567201,2,2,2,0,2,0,1.0,3,True,BUY,AMR,0.3537168353119273
GBPJPY_AMR,2024-05-09 00:00:00+00:00,0.7188755020080664,3,3,3,0,3,0,1.0,4,True,BUY,AMR,0.1786900050466147
EURJPY_AMR,2024-05-09 00:00:00+00:00,0.5503009458297724,3,3,3,0,3,0,1.0,4,True,BUY,AMR,0.1295133125290485
CADJPY_AMR,2024-05-09 00:00:00+00:00,0.4170616113743824,3,3,3,0,3,0,1.0,4,True,BUY,AMR,0.234337237404722
AUDJPY_AMR,2024-05-09 00:00:00+00:00,0.5137051945562487,3,3,3,0,3,0,1.0,4,True,BUY,AMR,0.0508862511311013
CADJPY_AMR,2024-05-10 01:00:00+00:00,0.4463040446304495,1,1,1,0,1,0,1.0,2,True,BUY,AMR,0.1760417496613815
EURJPY_AMR,2024-05-10 01:00:00+00:00,0.5052299190842474,1,1,1,0,1,0,1.0,2,True,BUY,AMR,0.0959697231259544
AUDJPY_AMR,2024-05-10 02:15:00+00:00,0.4429678848282843,2,2,2,0,2,0,1.0,3,True,BUY,AMR,0.0650183637621759
CADJPY_AMR,2024-05-13 00:00:00+00:00,0.5645060571999057,4,3,4,0,3,0,0.75,5,True,BUY,AMR,0.144370966456856
GBPJPY_AMR,2024-05-13 00:00:00+00:00,0.7586933614330663,4,3,4,0,3,0,0.75,6,True,BUY,AMR,0.1588886823023187
GBPUSD_MONDAY,2024-05-13 00:00:00+00:00,0.4118628835537318,4,4,4,0,4,0,1.0,5,False,BUY,MONDAY,0.1623193044220408
EURJPY_AMR,2024-05-13 00:00:00+00:00,0.594713656387562,4,3,4,0,3,0,0.75,5,True,BUY,AMR,0.0469158754398778
AUDJPY_AMR,2024-05-13 00:00:00+00:00,0.5759637188208955,4,3,4,0,3,0,0.75,5,True,BUY,AMR,0.0484377495076382
AUDJPY_AMR,2024-05-14 02:45:00+00:00,0.467661691542337,1,1,0,1,1,0,1.0,2,True,SELL,AMR,0.0222760419438973
EURJPY_AMR,2024-05-14 02:45:00+00:00,-1.204503796804993,1,1,0,1,1,0,1.0,2,True,SELL,AMR,0.0371024500365181
CADJPY_AMR,2024-05-14 03:15:00+00:00,-1.1951996081312848,2,2,0,2,2,0,1.0,3,True,SELL,AMR,0.07126922157597
GBPJPY_AMR,2024-05-14 03:30:00+00:00,-1.1039794608472453,3,3,0,3,3,0,1.0,4,True,SELL,AMR,0.0418337804456957
GBPJPY_AMR,2024-05-15 00:00:00+00:00,0.6269457863660189,1,1,1,0,1,0,1.0,2,True,BUY,AMR,0.1078913118542325
EURJPY_AMR,2024-05-15 00:00:00+00:00,0.4782400765183324,1,1,1,0,1,0,1.0,2,True,BUY,AMR,0.0945488347387291
CADJPY_AMR,2024-05-15 03:00:00+00:00,0.5463994060875871,1,1,0,1,1,0,1.0,2,True,SELL,AMR,0.0731946989615701
AUDJPY_AMR,2024-05-15 03:00:00+00:00,0.5460546054605789,1,1,0,1,1,0,1.0,2,True,SELL,AMR,0.0184036833980944
CADJPY_AMR,2024-05-16 00:00:00+00:00,-1.101759755164581,0,0,0,0,0,0,0.0,0,True,BUY,AMR,0.5813613789073911
AUDJPY_AMR,2024-05-16 01:15:00+00:00,-1.119638826185143,1,1,1,0,1,0,1.0,2,True,BUY,AMR,0.5187097461010273
EURJPY_AMR,2024-05-16 01:30:00+00:00,-1.0540613963597305,2,2,2,0,2,0,1.0,3,True,BUY,AMR,0.5961357147599761
GBPJPY_AMR,2024-05-16 02:15:00+00:00,-1.0324649298597297,2,2,2,0,2,0,1.0,3,True,BUY,AMR,0.6562591303885893
AUDJPY_AMR,2024-05-17 02:15:00+00:00,0.5068465154301622,0,0,0,0,0,0,0.0,0,True,SELL,AMR,0.0473997977324745
EURJPY_AMR,2024-05-17 04:00:00+00:00,0.620701816258175,0,0,0,0,0,0,0.0,0,True,SELL,AMR,0.3930681893632561
EURJPY_AMR,2024-05-20 00:00:00+00:00,0.5920205920206145,2,1,2,0,1,0,1.0,3,True,BUY,AMR,0.3688068521346524
GBPJPY_AMR,2024-05-20 00:00:00+00:00,0.7517600244873243,2,1,2,0,1,0,0.5,4,True,BUY,AMR,0.3315758718691067
GBPUSD_MONDAY,2024-05-20 00:00:00+00:00,0.1343179953291674,2,2,2,0,2,0,1.0,3,False,BUY,MONDAY,0.0775057342508134
CADJPY_AMR,2024-05-20 02:15:00+00:00,0.5777476867524246,2,1,1,1,1,0,0.5,4,True,SELL,AMR,0.2772687435264122
AUDJPY_AMR,2024-05-20 02:15:00+00:00,0.5938645917181243,2,1,1,1,1,0,0.5,4,True,SELL,AMR,0.3557779315484111
AUDJPY_AMR,2024-05-21 00:00:00+00:00,0.4918752744840343,0,0,0,0,0,0,0.0,0,True,BUY,AMR,0.0791903976153723
CADJPY_AMR,2024-05-21 02:45:00+00:00,0.5376860297647408,0,0,0,0,0,0,0.0,0,True,SELL,AMR,0.0504475075027222
CADJPY_AMR,2024-05-22 00:00:00+00:00,0.4561949196473643,0,0,0,0,0,0,0.0,0,True,BUY,AMR,0.1857620906700661
AUDJPY_AMR,2024-05-22 02:00:00+00:00,-1.1877394636016332,1,1,0,1,1,0,1.0,2,True,SELL,AMR,0.0328152445840208
EURJPY_AMR,2024-05-22 02:00:00+00:00,-1.1184306836482212,1,1,0,1,1,0,1.0,2,True,SELL,AMR,0.1089436292410862
CADJPY_AMR,2024-05-23 03:15:00+00:00,0.5065359477123639,1,1,0,1,1,0,1.0,2,True,SELL,AMR,0.1684991899715826
EURJPY_AMR,2024-05-23 03:15:00+00:00,0.5562305926825093,1,1,0,1,1,0,1.0,2,True,SELL,AMR,0.1534825044817741
AUDJPY_AMR,2024-05-24 03:00:00+00:00,0.5325140809011691,0,0,0,0,0,0,0.0,0,True,BUY,AMR,0.183438015649119
GBPUSD_MONDAY,2024-05-27 00:00:00+00:00,0.3514255543822603,2,2,2,0,2,0,1.0,3,False,BUY,MONDAY,0.107910599029178
AUDJPY_AMR,2024-05-27 00:00:00+00:00,0.5131150679684875,2,1,2,0,1,0,0.5,4,True,BUY,AMR,0.1170224091126843
EURJPY_AMR,2024-05-27 00:00:00+00:00,0.5221548078691952,2,1,2,0,1,0,0.5,4,True,BUY,AMR,0.2240887059292211
CADJPY_AMR,2024-05-27 03:15:00+00:00,0.5265929436545705,1,0,1,0,0,0,1.0,2,True,BUY,AMR,0.2723952938676865
CADJPY_AMR,2024-05-28 00:00:00+00:00,0.5256615166045717,1,1,1,0,1,0,1.0,2,True,BUY,AMR,0.0609513186200302
AUDJPY_AMR,2024-05-28 00:00:00+00:00,0.40562643114164,1,1,1,0,1,0,1.0,2,True,BUY,AMR,0.014997072443711
EURJPY_AMR,2024-05-28 01:15:00+00:00,0.4791522690624271,0,0,0,0,0,0,0.0,0,True,SELL,AMR,0.074961821924175
CADJPY_AMR,2024-05-29 02:00:00+00:00,0.4734299516908034,0,0,0,0,0,0,0.0,0,True,SELL,AMR,0.0743898228560805
EURJPY_AMR,2024-05-29 03:15:00+00:00,0.4966329966329065,1,1,0,1,1,0,1.0,2,True,SELL,AMR,0.050912953987119
CADJPY_ARB,2024-05-29 08:00:00+00:00,1.4097222222221688,0,0,0,0,0,0,0.0,0,True,SELL,ARB,0.052193847630218
CADJPY_AMR,2024-05-30 00:00:00+00:00,-1.1053814623827205,3,3,2,1,2,1,1.0,4,True,BUY,AMR,0.1294850343930098
AUDJPY_AMR,2024-05-30 00:00:00+00:00,-1.0823331227628046,3,3,2,1,2,1,1.0,3,True,BUY,AMR,0.1940038324373237
EURJPY_AMR,2024-05-30 00:00:00+00:00,-1.067741123142876,3,3,2,1,2,1,1.0,3,True,BUY,AMR,0.1251045747294336
GBPJPY_AMR,2024-05-30 03:00:00+00:00,-1.067793030623017,4,4,3,1,3,1,1.0,4,True,BUY,AMR,0.0820207708040054
CADJPY_ARB,2024-05-30 07:00:00+00:00,-1.051150895140689,0,0,0,0,0,0,0.0,0,True,SELL,ARB,0.1876099589486591
GBPJPY_AMR,2024-05-31 00:00:00+00:00,0.6825741142444616,3,3,2,1,2,1,1.0,3,True,BUY,AMR,0.1308135674254296
CADJPY_AMR,2024-05-31 00:00:00+00:00,0.482366325369915,3,3,2,1,2,1,1.0,4,True,BUY,AMR,0.2274320771253286
AUDJPY_AMR,2024-05-31 00:00:00+00:00,0.574387947269316,3,3,2,1,2,1,1.0,3,True,BUY,AMR,0.3570554106563049
EURJPY_AMR,2024-05-31 00:15:00+00:00,0.5352065562801784,4,4,3,1,3,1,1.0,4,True,BUY,AMR,0.1526193479848615
GBPUSD_MONDAY,2024-06-03 00:00:00+00:00,0.5975842339478684,0,0,0,0,0,0,0.0,0,False,BUY,MONDAY,0.346455432869259
EURJPY_AMR,2024-06-03 01:15:00+00:00,0.5859065716548207,1,0,1,0,0,0,1.0,2,True,SELL,AMR,0.5578115662970586
EURJPY_AMR,2024-06-04 03:30:00+00:00,0.6210414214449385,1,1,0,1,1,0,1.0,2,True,SELL,AMR,0.6061483301241617
CADJPY_AMR,2024-06-04 03:30:00+00:00,0.5787569878329936,1,1,0,1,1,0,1.0,2,True,SELL,AMR,0.5260537009003267
EURJPY_AMR,2024-06-05 02:00:00+00:00,-1.1426530976609466,0,0,0,0,0,0,0.0,0,True,SELL,AMR,0.3333112011154638
CADJPY_AMR,2024-06-05 02:15:00+00:00,-1.1160058737151055,2,2,0,2,2,0,1.0,3,True,SELL,AMR,0.4063819615966855
GBPJPY_AMR,2024-06-05 02:15:00+00:00,-1.0953545232273676,2,2,0,2,2,0,1.0,3,True,SELL,AMR,0.3225849292145873
AUDJPY_AMR,2024-06-05 02:30:00+00:00,-1.0884353741496036,1,1,0,1,1,0,1.0,2,True,SELL,AMR,0.3415260552509714
CADJPY_ARB,2024-06-05 08:00:00+00:00,0.1796875000000031,0,0,0,0,0,0,0.0,0,True,BUY,ARB,0.662366050007997
EURJPY_AMR,2024-06-06 01:45:00+00:00,-1.076115485564361,3,3,3,0,2,1,1.0,3,True,BUY,AMR,0.2912821193811832
AUDJPY_AMR,2024-06-06 01:45:00+00:00,0.5448286184703505,3,3,3,0,2,1,1.0,3,True,BUY,AMR,0.1660190557300261
CADJPY_AMR,2024-06-06 01:45:00+00:00,0.581555767802193,3,3,3,0,2,1,1.0,4,True,BUY,AMR,0.2692215759700422
AUDJPY_AMR,2024-06-07 03:00:00+00:00,0.5591748099891513,4,4,1,3,3,1,1.0,4,True,SELL,AMR,0.1754670782988236
EURJPY_AMR,2024-06-07 03:00:00+00:00,0.5908872901678232,4,4,1,3,3,1,1.0,4,True,SELL,AMR,0.3221698426399309
GBPJPY_AMR,2024-06-07 03:00:00+00:00,0.7262464722484201,4,4,1,3,3,1,1.0,4,True,SELL,AMR,0.2621583574596934
CADJPY_AMR,2024-06-07 03:00:00+00:00,0.5651412853213069,4,4,1,3,3,1,1.0,5,True,SELL,AMR,0.3295753326428173
GBPUSD_MONDAY,2024-06-10 00:00:00+00:00,0.1104841104841104,1,1,1,0,1,0,1.0,2,False,BUY,MONDAY,0.3818744332426521
EURJPY_AMR,2024-06-10 00:00:00+00:00,0.6355025970057755,1,0,1,0,0,0,1.0,2,True,BUY,AMR,0.8221366443131266
AUDJPY_AMR,2024-06-10 01:00:00+00:00,-1.1920211487623165,2,1,2,0,1,0,0.5,4,True,SELL,AMR,0.4337839995741736
CADJPY_AMR,2024-06-10 01:15:00+00:00,-1.1205483534496627,4,3,2,2,3,0,0.75,5,True,SELL,AMR,0.5525057764321568
GBPJPY_AMR,2024-06-10 01:15:00+00:00,0.7585750231757109,4,3,2,2,3,0,0.75,6,True,SELL,AMR,0.7242556243193711
GBPJPY_AMR,2024-06-11 00:00:00+00:00,0.7334963325182842,0,0,0,0,0,0,0.0,0,True,BUY,AMR,0.1489016972562352
EURJPY_AMR,2024-06-11 03:00:00+00:00,-1.136898755465941,1,1,0,1,1,0,1.0,2,True,SELL,AMR,0.1302171170573003
CADJPY_AMR,2024-06-11 03:00:00+00:00,-1.224489795917966,1,1,0,1,1,0,1.0,2,True,SELL,AMR,0.0586805832204605
CADJPY_ARB,2024-06-11 08:00:00+00:00,-1.079681274900378,0,0,0,0,0,0,0.0,0,True,BUY,ARB,0.1477315135682678
AUDJPY_AMR,2024-06-12 02:00:00+00:00,0.4147031102733354,0,0,0,0,0,0,0.0,0,True,SELL,AMR,0.0217437589822749
CADJPY_AMR,2024-06-12 03:00:00+00:00,0.5005128205127505,0,0,0,0,0,0,0.0,0,True,SELL,AMR,0.1286882851300029
EURJPY_AMR,2024-06-12 05:45:00+00:00,0.5070310952662546,0,0,0,0,0,0,0.0,0,True,SELL,AMR,0.1258880552420158
CADJPY_ARB,2024-06-12 08:00:00+00:00,-1.0571428571428745,0,0,0,0,0,0,0.0,0,True,BUY,ARB,0.099856053739937
AUDJPY_AMR,2024-06-14 03:00:00+00:00,0.5745145352177502,0,0,0,0,0,0,0.0,0,True,BUY,AMR,0.2120349177622824
EURJPY_AMR,2024-06-14 04:00:00+00:00,0.6067570673408731,0,0,0,0,0,0,0.0,0,True,SELL,AMR,0.383719540535157
CADJPY_ARB,2024-06-14 08:00:00+00:00,-1.0209205020920469,0,0,0,0,0,0,0.0,0,True,BUY,ARB,0.6855573919070214
GBPUSD_MONDAY,2024-06-17 00:00:00+00:00,0.2098054928243617,0,0,0,0,0,0,0.0,0,False,BUY,MONDAY,0.430682242492132
CADJPY_AMR,2024-06-17 01:00:00+00:00,0.5661080074488131,2,1,1,1,1,0,0.5,4,True,SELL,AMR,0.739423153533583
EURJPY_AMR,2024-06-17 01:00:00+00:00,0.5961919531316915,2,1,1,1,1,0,0.5,4,True,SELL,AMR,0.6739393134586017
GBPJPY_AMR,2024-06-17 01:15:00+00:00,0.7252336448598177,3,2,1,2,2,0,0.667,5,True,SELL,AMR,0.5860049403702622
AUDJPY_AMR,2024-06-17 01:30:00+00:00,0.5815972222222325,4,3,1,3,3,0,0.75,5,True,SELL,AMR,0.7233459306967583
AUDJPY_AMR,2024-06-18 02:45:00+00:00,0.4297328687572498,1,1,0,1,1,0,1.0,2,True,SELL,AMR,0.039615159418747
CADJPY_AMR,2024-06-18 02:45:00+00:00,0.4401969302055708,1,1,0,1,1,0,1.0,2,True,SELL,AMR,0.0450694499774254
EURJPY_AMR,2024-06-18 04:00:00+00:00,0.5662235352043153,0,0,0,0,0,0,0.0,0,True,BUY,AMR,0.2088174755992298
AUDJPY_AMR,2024-06-19 03:15:00+00:00,-1.1340544083907595,0,0,0,0,0,0,0.0,0,True,SELL,AMR,0.0135199872252089
EURJPY_AMR,2024-06-19 04:00:00+00:00,0.5473746839208167,1,1,0,1,1,0,1.0,2,True,BUY,AMR,0.0763428723192351
EURJPY_AMR,2024-06-20 03:00:00+00:00,0.4869411243913327,0,0,0,0,0,0,0.0,0,True,SELL,AMR,0.0597038709249053
AUDJPY_AMR,2024-06-21 02:30:00+00:00,-1.2503868771282225,0,0,0,0,0,0,0.0,0,True,SELL,AMR,0.0895965295150902
EURJPY_AMR,2024-06-21 02:45:00+00:00,-1.205507924135911,1,1,0,1,1,0,1.0,2,True,SELL,AMR,0.0670075028218577
CADJPY_AMR,2024-06-21 03:45:00+00:00,0.5644012944982723,2,2,0,2,2,0,1.0,3,True,SELL,AMR,0.124638143043051
GBPJPY_AMR,2024-06-21 03:45:00+00:00,0.7182662538699313,2,2,0,2,2,0,1.0,3,True,SELL,AMR,0.0915296555021381
GBPUSD_MONDAY,2024-06-24 00:00:00+00:00,0.4790137951276815,0,0,0,0,0,0,0.0,0,False,BUY,MONDAY,0.1916039899717288
AUDJPY_AMR,2024-06-24 02:00:00+00:00,0.5061289047054236,1,0,1,0,0,0,1.0,2,True,SELL,AMR,0.2400729227657422
AUDJPY_AMR,2024-06-25 03:45:00+00:00,0.584297017650649,3,3,3,0,3,0,1.0,4,True,BUY,AMR,0.2185819981902379
CADJPY_AMR,2024-06-25 03:45:00+00:00,0.5728607232366502,3,3,3,0,3,0,1.0,4,True,BUY,AMR,0.2522508166679946
EURJPY_AMR,2024-06-25 03:45:00+00:00,-1.0602695098474864,3,3,3,0,3,0,1.0,4,True,BUY,AMR,0.2574331053714893
GBPJPY_AMR,2024-06-25 03:45:00+00:00,0.7358528294341501,3,3,3,0,3,0,1.0,4,True,BUY,AMR,0.1961273871815984
EURJPY_AMR,2024-06-26 02:30:00+00:00,0.5043725849094596,0,0,0,0,0,0,0.0,0,True,BUY,AMR,0.0391607462983865
AUDJPY_AMR,2024-06-26 03:00:00+00:00,0.5377389050858161,1,1,1,0,1,0,1.0,2,True,BUY,AMR,0.0596556129238303
CADJPY_AMR,2024-06-27 02:00:00+00:00,-1.1509715994020246,2,2,2,0,2,0,1.0,3,True,BUY,AMR,0.2722890606326189
EURJPY_AMR,2024-06-27 02:00:00+00:00,-1.1216074373968183,2,2,2,0,2,0,1.0,3,True,BUY,AMR,0.2317774384171037
AUDJPY_AMR,2024-06-27 02:00:00+00:00,0.5712902444928786,2,2,2,0,2,0,1.0,3,True,BUY,AMR,0.1522196199499654
GBPJPY_AMR,2024-06-27 03:00:00+00:00,0.7419948472579783,1,1,1,0,1,0,1.0,2,True,BUY,AMR,0.2021036415309835
EURJPY_AMR,2024-06-28 03:45:00+00:00,0.6202651515151572,3,3,0,3,3,0,1.0,4,True,SELL,AMR,0.242998472876967
CADJPY_AMR,2024-06-28 03:45:00+00:00,0.549828178694097,3,3,0,3,3,0,1.0,4,True,SELL,AMR,0.1538921201497888
AUDJPY_AMR,2024-06-28 03:45:00+00:00,0.5641606850522501,3,3,0,3,3,0,1.0,4,True,SELL,AMR,0.1545350508330228
GBPJPY_AMR,2024-06-28 03:45:00+00:00,0.7469553450608026,3,3,0,3,3,0,1.0,4,True,SELL,AMR,0.1704958963053467
EURJPY_AMR,2024-07-01 00:00:00+00:00,-1.0368548129925088,1,0,1,0,0,0,1.0,2,True,SELL,AMR,0.648243808512051
GBPUSD_MONDAY,2024-07-01 00:00:00+00:00,-0.103525211958948,1,1,0,1,1,0,1.0,2,False,BUY,MONDAY,0.2720435269643143
CADJPY_AMR,2024-07-01 03:30:00+00:00,0.5599999999999363,3,2,1,2,2,0,0.667,4,True,SELL,AMR,0.5785063607149497
GBPJPY_AMR,2024-07-01 03:30:00+00:00,-1.0563428966470894,3,2,1,2,2,0,0.667,5,True,SELL,AMR,0.4468644585513559
CADJPY_AMR,2024-07-02 03:00:00+00:00,0.5139833711262254,0,0,0,0,0,0,0.0,0,True,SELL,AMR,0.1429633760922104
EURJPY_AMR,2024-07-02 03:30:00+00:00,0.5325345315359574,1,1,0,1,1,0,1.0,2,True,SELL,AMR,0.1543987783015736
AUDJPY_AMR,2024-07-03 00:00:00+00:00,-1.093571265156677,2,2,0,2,2,0,1.0,3,True,SELL,AMR,0.5065470804279555
CADJPY_AMR,2024-07-03 00:00:00+00:00,-1.0417307495129506,2,2,0,2,2,0,1.0,3,True,SELL,AMR,0.429766552465939
GBPJPY_AMR,2024-07-03 00:00:00+00:00,-1.037019515079885,2,2,0,2,2,0,1.0,3,True,SELL,AMR,0.6191399505962973
CADJPY_ARB,2024-07-03 07:00:00+00:00,-1.0826446280992172,2,2,0,2,2,0,1.0,3,True,BUY,ARB,0.095377725649091
EURJPY_AMR,2024-07-04 04:00:00+00:00,-1.064237775647078,1,1,1,0,0,1,1.0,2,True,BUY,AMR,0.4434632494522276
EURJPY_AMR,2024-07-05 02:15:00+00:00,0.5018820577164206,1,1,1,0,0,1,1.0,2,True,SELL,AMR,0.0857579178009428
CADJPY_AMR,2024-07-05 02:30:00+00:00,0.4863500802936729,3,3,1,2,2,1,1.0,4,True,SELL,AMR,0.0668738214750484
AUDJPY_AMR,2024-07-05 02:30:00+00:00,0.4406779661017136,3,3,1,2,2,1,1.0,3,True,SELL,AMR,0.0083834566455527
GBPJPY_AMR,2024-07-08 00:00:00+00:00,0.7553356890459558,4,3,4,0,3,0,0.75,6,True,BUY,AMR,0.4309144997211081
GBPUSD_MONDAY,2024-07-08 00:00:00+00:00,0.1441441441441453,4,4,4,0,4,0,1.0,5,False,BUY,MONDAY,0.1662132607883928
CADJPY_AMR,2024-07-08 00:00:00+00:00,0.5908363910057474,4,3,4,0,3,0,0.75,5,True,BUY,AMR,0.3173717897644278
EURJPY_AMR,2024-07-08 00:00:00+00:00,0.6383206597408246,4,3,4,0,3,0,0.75,5,True,BUY,AMR,0.6690657990837262
AUDJPY_AMR,2024-07-08 00:00:00+00:00,0.5895691609977766,4,3,4,0,3,0,0.75,5,True,BUY,AMR,0.3789322403789855
AUDJPY_AMR,2024-07-09 02:30:00+00:00,-1.239744758432367,1,1,0,1,1,0,1.0,2,True,SELL,AMR,0.0042848778410603
EURJPY_AMR,2024-07-09 02:30:00+00:00,-1.2010178117050931,1,1,0,1,1,0,1.0,2,True,SELL,AMR,0.026319633490472
CADJPY_AMR,2024-07-09 02:45:00+00:00,0.5414551607445645,1,1,0,1,1,0,1.0,2,True,SELL,AMR,0.0991421666268292
GBPJPY_AMR,2024-07-09 02:45:00+00:00,0.7154129405577043,1,1,0,1,1,0,1.0,2,True,SELL,AMR,0.0372785465749422
CADJPY_AMR,2024-07-10 00:00:00+00:00,0.4931972789116413,0,0,0,0,0,0,0.0,0,True,BUY,AMR,0.1317026531750458
AUDJPY_AMR,2024-07-10 01:45:00+00:00,-1.2549019607846157,0,0,0,0,0,0,0.0,0,True,SELL,AMR,0.021198168946612
EURJPY_AMR,2024-07-10 02:00:00+00:00,-1.140258831759591,1,1,0,1,1,0,1.0,2,True,SELL,AMR,0.0524931943430051
EURJPY_AMR,2024-07-11 00:00:00+00:00,0.5208898534997076,2,2,2,0,2,0,1.0,3,True,BUY,AMR,0.0821592191753535
AUDJPY_AMR,2024-07-11 00:00:00+00:00,0.4671532846716282,2,2,2,0,2,0,1.0,3,True,BUY,AMR,0.0110448714536647
CADJPY_AMR,2024-07-11 00:00:00+00:00,0.5190952910640627,2,2,2,0,2,0,1.0,3,True,BUY,AMR,0.0424003399463522
EURJPY_AMR,2024-07-12 01:00:00+00:00,0.6257006012432459,3,3,0,3,3,0,1.0,4,True,SELL,AMR,0.8143947945023571
AUDJPY_AMR,2024-07-12 01:00:00+00:00,-1.0693138279345882,3,3,0,3,3,0,1.0,4,True,SELL,AMR,0.8008197157608985
GBPJPY_AMR,2024-07-12 01:00:00+00:00,0.7628083491460881,3,3,0,3,3,0,1.0,4,True,SELL,AMR,0.834776488087333
CADJPY_AMR,2024-07-12 01:00:00+00:00,0.6084891659246195,3,3,0,3,3,0,1.0,4,True,SELL,AMR,0.8407829389424482
GBPUSD_MONDAY,2024-07-15 00:00:00+00:00,-0.1454206478676306,1,1,1,0,1,0,1.0,2,False,BUY,MONDAY,0.2216354616738678
AUDJPY_AMR,2024-07-15 00:00:00+00:00,0.5601361078392574,1,0,1,0,0,0,1.0,2,True,BUY,AMR,0.6143876084526534
CADJPY_AMR,2024-07-15 00:15:00+00:00,0.583756345177657,1,0,1,0,0,0,1.0,2,True,SELL,AMR,0.8233075717738294
EURJPY_AMR,2024-07-15 01:45:00+00:00,0.594755339280839,1,0,1,0,0,0,1.0,2,True,SELL,AMR,0.8043821791381714
CADJPY_ARB,2024-07-15 08:00:00+00:00,1.8868894601542625,1,0,1,0,0,0,1.0,2,True,SELL,ARB,0.8210268166551155
CADJPY_AMR,2024-07-16 03:30:00+00:00,-1.086932986900446,1,1,0,1,0,1,1.0,2,True,SELL,AMR,0.3406235890898467
EURJPY_AMR,2024-07-16 04:00:00+00:00,0.6179397936129742,2,2,0,2,1,1,1.0,2,True,SELL,AMR,0.4486820264258681
AUDJPY_AMR,2024-07-17 02:00:00+00:00,0.4772130756383531,2,2,0,2,1,1,1.0,3,True,BUY,AMR,0.0824772449033906
CADJPY_AMR,2024-07-17 03:00:00+00:00,0.4758505829169026,3,3,1,2,2,1,1.0,4,True,SELL,AMR,0.1184367779459804
EURJPY_AMR,2024-07-18 02:00:00+00:00,-1.0471204188482055,3,3,3,0,3,0,1.0,4,True,BUY,AMR,0.8305026226678175
GBPJPY_AMR,2024-07-18 02:00:00+00:00,-1.041237113402124,3,3,3,0,3,0,1.0,4,True,BUY,AMR,0.8034874764269967
AUDJPY_AMR,2024-07-18 02:00:00+00:00,-1.0733387725501298,3,3,3,0,3,0,1.0,4,True,BUY,AMR,0.7379570979932932
CADJPY_AMR,2024-07-18 02:00:00+00:00,-1.076937817380443,3,3,3,0,3,0,1.0,4,True,BUY,AMR,0.8133083685230924
EURJPY_AMR,2024-07-19 02:15:00+00:00,0.5659904833457996,1,1,1,0,1,0,1.0,2,True,BUY,AMR,0.2769802801938782
AUDJPY_AMR,2024-07-19 02:15:00+00:00,-1.151241534988719,1,1,1,0,1,0,1.0,2,True,BUY,AMR,0.1744158194496194
CADJPY_AMR,2024-07-19 02:30:00+00:00,-1.181208053691268,2,2,2,0,2,0,1.0,3,True,BUY,AMR,0.2955806974211882
CADJPY_ARB,2024-07-19 08:00:00+00:00,-1.0344234079174035,0,0,0,0,0,0,0.0,0,True,BUY,ARB,0.6577277816281921
GBPUSD_MONDAY,2024-07-22 00:00:00+00:00,0.0852443826731527,1,1,1,0,1,0,1.0,2,False,BUY,MONDAY,0.0569157731903771
GBPJPY_AMR,2024-07-22 00:00:00+00:00,0.6718995290424157,1,0,1,0,0,0,1.0,2,True,BUY,AMR,0.2945363754681399
AUDJPY_AMR,2024-07-22 00:15:00+00:00,0.4032520325203565,2,1,2,0,1,0,1.0,3,True,BUY,AMR,0.2138446798317985
EURJPY_AMR,2024-07-22 01:15:00+00:00,0.5204324720542862,2,1,1,1,1,0,0.5,4,True,SELL,AMR,0.4249120244339685
CADJPY_AMR,2024-07-22 01:15:00+00:00,0.4174340085941372,2,1,1,1,1,0,0.5,4,True,SELL,AMR,0.3402650519214936
CADJPY_ARB,2024-07-22 08:00:00+00:00,0.9027237354085428,1,0,1,0,0,0,1.0,2,True,SELL,ARB,0.5257770432371914
AUDJPY_AMR,2024-07-23 00:00:00+00:00,0.5302633874061495,2,2,2,0,2,0,1.0,3,True,BUY,AMR,0.1109543833501889
CADJPY_AMR,2024-07-23 00:00:00+00:00,-1.0760099559639442,2,2,2,0,2,0,1.0,3,True,BUY,AMR,0.3120601280110482
EURJPY_AMR,2024-07-23 00:00:00+00:00,0.5911879531511974,2,2,2,0,2,0,1.0,3,True,BUY,AMR,0.3612243542925437
AUDJPY_AMR,2024-07-24 01:00:00+00:00,0.4614998745924029,0,0,0,0,0,0,0.0,0,True,BUY,AMR,0.0869351147069782
EURJPY_AMR,2024-07-24 02:15:00+00:00,-1.1180493606898794,0,0,0,0,0,0,0.0,0,True,SELL,AMR,0.1655799747692716
GBPJPY_AMR,2024-07-24 02:30:00+00:00,0.719191919191892,1,1,0,1,1,0,1.0,2,True,SELL,AMR,0.1307471645993253
CADJPY_AMR,2024-07-24 03:00:00+00:00,0.583435332517355,2,2,0,2,2,0,1.0,3,True,SELL,AMR,0.2711470533556423
CADJPY_ARB,2024-07-24 07:00:00+00:00,1.4074074074074083,0,0,0,0,0,0,0.0,0,True,SELL,ARB,0.7495335074905368
AUDJPY_AMR,2024-07-25 00:15:00+00:00,-1.0900310451880382,1,1,0,1,0,1,1.0,2,True,BUY,AMR,0.4602650769148879
EURJPY_AMR,2024-07-25 00:30:00+00:00,0.6114649681528616,4,4,3,1,3,1,1.0,4,True,BUY,AMR,0.7740123497775712
CADJPY_AMR,2024-07-25 00:30:00+00:00,0.5757678794061807,4,4,3,1,3,1,1.0,5,True,BUY,AMR,0.7124664701351818
GBPJPY_AMR,2024-07-25 00:30:00+00:00,-1.0486891385767578,4,4,3,1,3,1,1.0,4,True,BUY,AMR,0.7028871948790141
EURJPY_AMR,2024-07-26 02:00:00+00:00,-1.081188908836992,2,2,2,0,2,0,1.0,3,True,BUY,AMR,0.850222428789589
CADJPY_AMR,2024-07-26 02:00:00+00:00,-1.1075441412518718,2,2,2,0,2,0,1.0,3,True,BUY,AMR,0.8507821421931852
GBPJPY_AMR,2024-07-26 02:00:00+00:00,-1.070866141732283,2,2,2,0,2,0,1.0,3,True,BUY,AMR,0.8280299609551383
AUDJPY_AMR,2024-07-26 02:15:00+00:00,0.6128096105824434,0,0,0,0,0,0,0.0,0,True,BUY,AMR,0.8823787725554905
GBPUSD_MONDAY,2024-07-29 00:00:00+00:00,-0.04734106357457,1,1,1,0,1,0,1.0,2,False,BUY,MONDAY,0.0695044540459806
GBPJPY_AMR,2024-07-29 00:00:00+00:00,0.7264217177626918,1,0,1,0,0,0,1.0,2,True,BUY,AMR,0.7072830619671173
EURJPY_AMR,2024-07-29 00:45:00+00:00,0.5764075067023837,1,0,1,0,0,0,1.0,2,True,BUY,AMR,0.7408804196268508
CADJPY_AMR,2024-07-29 01:30:00+00:00,-1.1101859561477134,1,0,1,0,0,0,1.0,2,True,SELL,AMR,0.7661275329986986
AUDJPY_AMR,2024-07-29 01:45:00+00:00,0.5987922088968388,2,1,1,1,1,0,0.5,4,True,SELL,AMR,0.7633336881886411
AUDJPY_AMR,2024-07-30 01:00:00+00:00,0.5756731662023885,0,0,0,0,0,0,0.0,0,True,SELL,AMR,0.367967211369564
GBPJPY_AMR,2024-07-30 02:00:00+00:00,-1.0902068965518608,3,3,2,1,3,0,1.0,4,True,BUY,AMR,0.3695051661398709
CADJPY_AMR,2024-07-30 02:00:00+00:00,-1.128981393882069,3,3,2,1,3,0,1.0,4,True,BUY,AMR,0.3294823785621331
EURJPY_AMR,2024-07-30 02:00:00+00:00,-1.077324066029512,3,3,2,1,3,0,1.0,4,True,BUY,AMR,0.3224487085850873
CADJPY_ARB,2024-07-30 07:00:00+00:00,-1.0286944045911008,0,0,0,0,0,0,0.0,0,True,BUY,ARB,0.7856266993655702
CADJPY_AMR,2024-07-31 00:00:00+00:00,0.6244489393703736,2,2,2,0,2,0,1.0,3,True,BUY,AMR,0.9110296656308926
EURJPY_AMR,2024-07-31 00:00:00+00:00,0.6352904628766569,2,2,2,0,2,0,1.0,3,True,BUY,AMR,0.9360865812363056
AUDJPY_AMR,2024-07-31 00:00:00+00:00,-1.0421262737682897,2,2,2,0,2,0,1.0,3,True,BUY,AMR,0.9055463884601054
GBPJPY_AMR,2024-08-01 03:45:00+00:00,-1.0245764005495277,3,3,3,0,3,0,1.0,4,True,BUY,AMR,0.9703976201227124
EURJPY_AMR,2024-08-01 03:45:00+00:00,-1.0260510360450774,3,3,3,0,3,0,1.0,4,True,BUY,AMR,0.9707721930814688
AUDJPY_AMR,2024-08-01 03:45:00+00:00,0.6329429354597684,3,3,3,0,3,0,1.0,4,True,BUY,AMR,0.960717517432267
CADJPY_AMR,2024-08-01 03:45:00+00:00,-1.034543222865153,3,3,3,0,3,0,1.0,4,True,BUY,AMR,0.9706132313494276
EURJPY_AMR,2024-08-02 00:00:00+00:00,-1.0421888053466235,0,0,0,0,0,0,0.0,0,True,BUY,AMR,0.9310935528849346
CADJPY_AMR,2024-08-02 01:00:00+00:00,0.6244026760114892,2,2,2,0,2,0,1.0,3,True,BUY,AMR,0.916009348524686
AUDJPY_AMR,2024-08-02 01:00:00+00:00,0.6257372929168568,2,2,2,0,2,0,1.0,3,True,BUY,AMR,0.9259860541864054
GBPUSD_MONDAY,2024-08-05 00:00:00+00:00,-1.013982859720342,0,0,0,0,0,0,0.0,0,False,BUY,MONDAY,0.7447591614658345
AUDJPY_AMR,2024-08-05 01:00:00+00:00,-1.044751289302891,4,3,4,0,3,0,0.75,5,True,BUY,AMR,0.9756879757278968
EURJPY_AMR,2024-08-05 01:00:00+00:00,-1.0417966313163318,4,3,4,0,3,0,0.75,5,True,BUY,AMR,0.961795365513578
GBPJPY_AMR,2024-08-05 01:00:00+00:00,-1.0342801175318228,4,3,4,0,3,0,0.75,6,True,BUY,AMR,0.969614066774682
CADJPY_AMR,2024-08-05 01:00:00+00:00,-1.0518174787315688,4,3,4,0,3,0,0.75,5,True,BUY,AMR,0.965832735771386
CADJPY_ARB,2024-08-05 07:00:00+00:00,-1.008103727714747,1,0,1,0,0,0,1.0,2,True,SELL,ARB,0.996161433064989
AUDJPY_AMR,2024-08-06 01:30:00+00:00,-1.0328871260948842,1,1,0,1,0,1,1.0,2,True,SELL,AMR,0.9879837121413744
GBPJPY_AMR,2024-08-06 01:45:00+00:00,-1.0136310528365806,4,4,0,4,3,1,1.0,4,True,SELL,AMR,0.993094106085155
EURJPY_AMR,2024-08-06 01:45:00+00:00,-1.015259217135834,4,4,0,4,3,1,1.0,4,True,SELL,AMR,0.9910497310935528
CADJPY_AMR,2024-08-06 01:45:00+00:00,-1.0194174757281524,4,4,0,4,3,1,1.0,5,True,SELL,AMR,0.990890500092954
AUDJPY_AMR,2024-08-07 00:00:00+00:00,0.6434408602150726,2,2,2,0,2,0,1.0,3,True,BUY,AMR,0.983273007931016
EURJPY_AMR,2024-08-07 00:00:00+00:00,0.6486882133625971,2,2,2,0,2,0,1.0,3,True,BUY,AMR,0.9794834340349248
CADJPY_AMR,2024-08-07 00:00:00+00:00,0.6447496185324,2,2,2,0,2,0,1.0,3,True,BUY,AMR,0.9819669083472764
GBPJPY_AMR,2024-08-07 03:15:00+00:00,-1.0214387803716225,0,0,0,0,0,0,0.0,0,True,SELL,AMR,0.9830141570825256
CADJPY_ARB,2024-08-07 07:00:00+00:00,-0.149328214971209,0,0,0,0,0,0,0.0,0,True,BUY,ARB,0.9974409553766592
EURJPY_AMR,2024-08-08 01:00:00+00:00,-1.0301624129930795,1,1,1,0,0,1,1.0,2,True,BUY,AMR,0.9512382975898016
AUDJPY_AMR,2024-08-08 02:15:00+00:00,0.6383360229513948,4,4,4,0,3,1,1.0,4,True,BUY,AMR,0.9638446798317986
GBPJPY_AMR,2024-08-08 02:15:00+00:00,0.781830695113577,4,4,4,0,3,1,1.0,4,True,BUY,AMR,0.9595473983372732
CADJPY_AMR,2024-08-08 02:15:00+00:00,0.6373983739837698,4,4,4,0,3,1,1.0,5,True,BUY,AMR,0.9565506068573554
CADJPY_AMR,2024-08-09 02:00:00+00:00,0.6237816764132276,4,4,1,3,3,1,1.0,5,True,SELL,AMR,0.8634902929381457
AUDJPY_AMR,2024-08-09 02:00:00+00:00,0.6253489670575362,4,4,1,3,3,1,1.0,4,True,SELL,AMR,0.8893117581306222
GBPJPY_AMR,2024-08-09 02:00:00+00:00,0.7737250371348157,4,4,1,3,3,1,1.0,4,True,SELL,AMR,0.8941406146245584
EURJPY_AMR,2024-08-09 02:00:00+00:00,0.6405785871109064,4,4,1,3,3,1,1.0,4,True,SELL,AMR,0.8615496978952261
EURJPY_AMR,2024-08-12 00:00:00+00:00,0.5956839664704562,3,2,3,0,2,0,0.667,5,True,BUY,AMR,0.6071575592590134
CADJPY_AMR,2024-08-12 00:00:00+00:00,0.5878894767783484,3,2,3,0,2,0,0.667,5,True,BUY,AMR,0.6158075053780575
GBPUSD_MONDAY,2024-08-12 00:00:00+00:00,0.1151325163864346,3,3,3,0,3,0,1.0,4,False,BUY,MONDAY,0.246599455912946
AUDJPY_AMR,2024-08-12 00:00:00+00:00,0.5314256515073648,3,2,3,0,2,0,0.667,5,True,BUY,AMR,0.648027891627189
GBPJPY_AMR,2024-08-12 00:15:00+00:00,-1.0552233556102644,1,0,1,0,0,0,1.0,2,True,SELL,AMR,0.7154771707083853
CADJPY_ARB,2024-08-12 08:00:00+00:00,-1.0329489291598035,1,0,1,0,0,0,1.0,2,True,BUY,ARB,0.7961827584368503
AUDJPY_AMR,2024-08-13 02:30:00+00:00,0.5775688381464164,3,3,3,0,2,1,1.0,3,True,BUY,AMR,0.6208814605844467
EURJPY_AMR,2024-08-13 02:30:00+00:00,0.5838215643950162,3,3,3,0,2,1,1.0,3,True,BUY,AMR,0.6672598101055707
CADJPY_AMR,2024-08-13 02:30:00+00:00,0.5715624267978213,3,3,3,0,2,1,1.0,4,True,BUY,AMR,0.6280243274108305
AUDJPY_AMR,2024-08-14 02:45:00+00:00,-1.102444097763975,1,1,1,0,0,1,1.0,2,True,SELL,AMR,0.5525363283121307
CADJPY_AMR,2024-08-14 03:00:00+00:00,0.5906927037792312,4,4,1,3,3,1,1.0,5,True,SELL,AMR,0.5414309616763604
GBPJPY_AMR,2024-08-14 03:00:00+00:00,0.751312944084023,4,4,1,3,3,1,1.0,4,True,SELL,AMR,0.6515179686047439
EURJPY_AMR,2024-08-14 03:00:00+00:00,0.6151062867480246,4,4,1,3,3,1,1.0,4,True,SELL,AMR,0.6542460659982737
EURJPY_AMR,2024-08-15 04:30:00+00:00,0.5721655528198449,0,0,0,0,0,0,0.0,0,True,SELL,AMR,0.6635548768342076
EURJPY_AMR,2024-08-16 00:00:00+00:00,0.599769319492563,0,0,0,0,0,0,0.0,0,True,SELL,AMR,0.4484031604807117
GBPUSD_MONDAY,2024-08-19 00:00:00+00:00,0.5231866825208084,0,0,0,0,0,0,0.0,0,False,BUY,MONDAY,0.2795113884888249
GBPJPY_AMR,2024-08-19 01:00:00+00:00,0.7348242811500374,4,3,1,3,3,0,0.75,6,True,SELL,AMR,0.628662115859651
AUDJPY_AMR,2024-08-19 01:00:00+00:00,-1.077557281181085,4,3,1,3,3,0,0.75,5,True,SELL,AMR,0.6154654814499387
EURJPY_AMR,2024-08-19 01:00:00+00:00,0.6137903547229937,4,3,1,3,3,0,0.75,5,True,SELL,AMR,0.6089635482371688
CADJPY_AMR,2024-08-19 01:00:00+00:00,-1.0970158269906531,4,3,1,3,3,0,0.75,5,True,SELL,AMR,0.585969245478448
CADJPY_ARB,2024-08-19 07:00:00+00:00,-0.1836734693877549,1,0,1,0,0,0,1.0,2,True,SELL,ARB,0.9343178546675908
AUDJPY_AMR,2024-08-20 02:00:00+00:00,0.5780095610603903,4,4,0,4,3,1,1.0,4,True,SELL,AMR,0.3716532708787992
EURJPY_AMR,2024-08-20 02:00:00+00:00,0.6022544283414034,4,4,0,4,3,1,1.0,4,True,SELL,AMR,0.5274151782750149
CADJPY_AMR,2024-08-20 02:00:00+00:00,0.5752725585711153,4,4,0,4,3,1,1.0,5,True,SELL,AMR,0.4812631131649537
GBPJPY_AMR,2024-08-20 02:00:00+00:00,0.7236749116608348,4,4,0,4,3,1,1.0,4,True,SELL,AMR,0.4261467768068209
CADJPY_AMR,2024-08-21 00:00:00+00:00,0.5546311702717832,1,1,0,1,0,1,1.0,2,True,BUY,AMR,0.5041962127851698
EURJPY_AMR,2024-08-21 00:45:00+00:00,0.5764075067022739,3,3,2,1,2,1,1.0,3,True,BUY,AMR,0.523949272956643
AUDJPY_AMR,2024-08-21 00:45:00+00:00,0.5841818368816439,3,3,2,1,2,1,1.0,3,True,BUY,AMR,0.4475168999840315
GBPJPY_AMR,2024-08-21 01:00:00+00:00,0.7572583852579114,4,4,3,1,3,1,1.0,4,True,BUY,AMR,0.599272225025897
EURJPY_AMR,2024-08-22 03:15:00+00:00,0.6066176470588112,3,3,0,3,2,1,1.0,3,True,SELL,AMR,0.8500365181594848
CADJPY_AMR,2024-08-22 03:15:00+00:00,0.6007509386734008,3,3,0,3,2,1,1.0,4,True,SELL,AMR,0.8660398905797679
AUDJPY_AMR,2024-08-22 03:15:00+00:00,0.5868263473053836,3,3,0,3,2,1,1.0,3,True,SELL,AMR,0.8090567945920051
CADJPY_AMR,2024-08-23 02:00:00+00:00,0.5454275974507407,4,4,3,1,3,1,1.0,5,True,BUY,AMR,0.4830159615435689
AUDJPY_AMR,2024-08-23 02:00:00+00:00,0.524383848977472,4,4,3,1,3,1,1.0,4,True,BUY,AMR,0.3850934156597647
GBPJPY_AMR,2024-08-23 02:00:00+00:00,0.7125506072874633,4,4,3,1,3,1,1.0,4,True,BUY,AMR,0.4929878615633881
EURJPY_AMR,2024-08-23 02:00:00+00:00,0.5765271105010096,4,4,3,1,3,1,1.0,4,True,BUY,AMR,0.4915078680034526
GBPUSD_MONDAY,2024-08-26 00:00:00+00:00,-0.1546872302468782,0,0,0,0,0,0,0.0,0,False,BUY,MONDAY,0.8672320904678081
AUDJPY_AMR,2024-08-26 00:15:00+00:00,-1.0563329745245438,1,0,1,0,0,0,1.0,2,True,BUY,AMR,0.8572150955447916
CADJPY_AMR,2024-08-26 01:30:00+00:00,-1.0658771280532646,3,2,3,0,2,0,0.667,5,True,BUY,AMR,0.913645659044432
EURJPY_AMR,2024-08-26 01:30:00+00:00,-1.0471567267683926,3,2,3,0,2,0,0.667,5,True,BUY,AMR,0.9061018524666355
GBPJPY_AMR,2024-08-26 02:00:00+00:00,0.7723171265878178,3,2,3,0,2,0,0.667,5,True,BUY,AMR,0.9418178437674308
EURJPY_AMR,2024-08-27 01:15:00+00:00,0.5846528623628925,0,0,0,0,0,0,0.0,0,True,BUY,AMR,0.2890910298120974
CADJPY_AMR,2024-08-27 03:00:00+00:00,-1.085122289864307,0,0,0,0,0,0,0.0,0,True,SELL,AMR,0.4648633575013943
EURJPY_AMR,2024-08-28 01:00:00+00:00,0.5910770105142542,2,2,2,0,2,0,1.0,3,True,BUY,AMR,0.3466038111679171
AUDJPY_AMR,2024-08-28 01:00:00+00:00,0.5279831045406373,2,2,2,0,2,0,1.0,3,True,BUY,AMR,0.1911827327407249
CADJPY_AMR,2024-08-28 01:00:00+00:00,0.5016181229773042,2,2,2,0,2,0,1.0,3,True,BUY,AMR,0.4766419674395134
GBPJPY_AMR,2024-08-28 01:15:00+00:00,0.7452653130865198,3,3,3,0,3,0,1.0,4,True,BUY,AMR,0.5366410794443411
CADJPY_AMR,2024-08-29 00:00:00+00:00,0.5862997307807626,0,0,0,0,0,0,0.0,0,True,BUY,AMR,0.751879000345258
AUDJPY_AMR,2024-08-29 03:30:00+00:00,-1.0527690700104406,1,1,0,1,1,0,1.0,2,True,SELL,AMR,0.7900809070101666
EURJPY_AMR,2024-08-29 03:30:00+00:00,0.6147033925897362,1,1,0,1,1,0,1.0,2,True,SELL,AMR,0.7890578314852932
CADJPY_ARB,2024-08-29 07:00:00+00:00,1.6872340425531955,2,2,0,2,2,0,1.0,3,True,BUY,ARB,0.7135469424748094
EURJPY_AMR,2024-08-30 02:15:00+00:00,0.5789415534195451,1,1,1,0,0,1,1.0,2,True,SELL,AMR,0.5176548701945421
CADJPY_AMR,2024-08-30 03:00:00+00:00,0.5676855895196526,3,3,3,0,2,1,1.0,4,True,BUY,AMR,0.6025416301489921
AUDJPY_AMR,2024-08-30 03:00:00+00:00,0.5649717514124162,3,3,3,0,2,1,1.0,3,True,BUY,AMR,0.5288098152978123
GBPJPY_AMR,2024-08-30 03:00:00+00:00,0.7336683417084625,3,3,3,0,2,1,1.0,3,True,BUY,AMR,0.705277696618768
GBPUSD_MONDAY,2024-09-02 00:00:00+00:00,0.1217627278626634,1,1,1,0,1,0,1.0,2,False,BUY,MONDAY,0.5742252093668321
EURJPY_AMR,2024-09-02 00:00:00+00:00,0.5878345498782948,1,0,1,0,0,0,1.0,2,True,BUY,AMR,0.6417767744505677
AUDJPY_AMR,2024-09-02 01:00:00+00:00,-1.1357526881720867,1,0,1,0,0,0,1.0,2,True,SELL,AMR,0.6329509767392346
CADJPY_AMR,2024-09-02 01:30:00+00:00,0.5921735030645499,1,0,1,0,0,0,1.0,2,True,SELL,AMR,0.671407324781558
CADJPY_AMR,2024-09-03 00:00:00+00:00,0.4835460040295579,1,1,1,0,1,0,1.0,2,True,BUY,AMR,0.176944732159456
AUDJPY_AMR,2024-09-03 00:00:00+00:00,0.4888888888888704,1,1,1,0,1,0,1.0,2,True,BUY,AMR,0.0434076755203065
EURJPY_AMR,2024-09-03 02:15:00+00:00,-1.1623080116227549,1,1,1,0,1,0,1.0,2,True,BUY,AMR,0.1898413119978753
GBPJPY_AMR,2024-09-03 02:15:00+00:00,-1.1423471664437332,1,1,1,0,1,0,1.0,2,True,BUY,AMR,0.1583973013891471
CADJPY_ARB,2024-09-03 08:00:00+00:00,1.6466512702078528,0,0,0,0,0,0,0.0,0,True,SELL,ARB,0.7202111211814256
AUDJPY_AMR,2024-09-04 00:00:00+00:00,-1.0574810404706017,4,4,3,1,3,1,1.0,4,True,BUY,AMR,0.6856469899398521
GBPJPY_AMR,2024-09-04 00:00:00+00:00,-1.066022544283398,4,4,3,1,3,1,1.0,4,True,BUY,AMR,0.6993412839650456
CADJPY_AMR,2024-09-04 00:00:00+00:00,-1.0493363385924896,4,4,3,1,3,1,1.0,5,True,BUY,AMR,0.7602714259155977
EURJPY_AMR,2024-09-04 00:00:00+00:00,-1.0465873438702051,4,4,3,1,3,1,1.0,4,True,BUY,AMR,0.6914016333576788
CADJPY_AMR,2024-09-05 00:00:00+00:00,-1.0672104681790986,0,0,0,0,0,0,0.0,0,True,BUY,AMR,0.7411361644490478
AUDJPY_AMR,2024-09-05 02:15:00+00:00,0.5951732897840625,2,2,2,0,2,0,1.0,3,True,BUY,AMR,0.6181402033320913
EURJPY_AMR,2024-09-05 02:15:00+00:00,0.6148679196538205,2,2,2,0,2,0,1.0,3,True,BUY,AMR,0.6677245866808312
GBPJPY_AMR,2024-09-05 02:30:00+00:00,0.771208226221076,2,2,2,0,2,0,1.0,3,True,BUY,AMR,0.7564609949799463
AUDJPY_AMR,2024-09-06 03:00:00+00:00,0.5505889030793003,3,3,3,0,3,0,1.0,4,True,BUY,AMR,0.5539069569383084
GBPJPY_AMR,2024-09-06 03:00:00+00:00,0.7308769661711255,3,3,3,0,3,0,1.0,4,True,BUY,AMR,0.4975829371298042
EURJPY_AMR,2024-09-06 03:00:00+00:00,0.5926764816911786,3,3,3,0,3,0,1.0,4,True,BUY,AMR,0.5374676316313658
CADJPY_AMR,2024-09-06 03:00:00+00:00,0.5330700888450419,3,3,3,0,3,0,1.0,4,True,BUY,AMR,0.5925025894351048
CADJPY_ARB,2024-09-06 08:00:00+00:00,-1.0316455696202682,0,0,0,0,0,0,0.0,0,True,SELL,ARB,0.8365943381137708
GBPUSD_MONDAY,2024-09-09 00:00:00+00:00,-0.4582004627024339,4,4,4,0,4,0,1.0,5,False,BUY,MONDAY,0.9013175441403958
CADJPY_AMR,2024-09-09 00:00:00+00:00,0.5931517929360918,4,3,4,0,3,0,0.75,5,True,BUY,AMR,0.9446392053754016
EURJPY_AMR,2024-09-09 00:00:00+00:00,0.613148331681524,4,3,4,0,3,0,0.75,5,True,BUY,AMR,0.8951862426133723
AUDJPY_AMR,2024-09-09 00:00:00+00:00,0.5785837651122797,4,3,4,0,3,0,0.75,5,True,BUY,AMR,0.9163916538031618
GBPJPY_AMR,2024-09-09 00:00:00+00:00,0.7523657009753562,4,3,4,0,3,0,0.75,6,True,BUY,AMR,0.9279130919811948
EURJPY_AMR,2024-09-10 02:15:00+00:00,-1.0561330561330682,0,0,0,0,0,0,0.0,0,True,SELL,AMR,0.5134054843635881
CADJPY_AMR,2024-09-10 03:45:00+00:00,0.5928380741967715,1,1,0,1,1,0,1.0,2,True,SELL,AMR,0.6758160040368629
EURJPY_AMR,2024-09-11 02:15:00+00:00,-1.1486732097422303,0,0,0,0,0,0,0.0,0,True,BUY,AMR,0.4697696036119779
AUDJPY_AMR,2024-09-11 02:45:00+00:00,-1.1207027108889789,3,3,3,0,3,0,1.0,4,True,BUY,AMR,0.4346356523127694
CADJPY_AMR,2024-09-11 02:45:00+00:00,-1.1056910569105272,3,3,3,0,3,0,1.0,4,True,BUY,AMR,0.4924043236926672
GBPJPY_AMR,2024-09-11 02:45:00+00:00,-1.0760456273764627,3,3,3,0,3,0,1.0,4,True,BUY,AMR,0.5663895455390582
CADJPY_ARB,2024-09-11 07:00:00+00:00,-1.0212314225053154,0,0,0,0,0,0,0.0,0,True,SELL,ARB,0.9103268113237724
AUDJPY_AMR,2024-09-12 02:00:00+00:00,-1.064117881322124,2,2,0,2,2,0,1.0,3,True,SELL,AMR,0.6710890509394795
CADJPY_AMR,2024-09-12 02:00:00+00:00,-1.08218478815719,2,2,0,2,2,0,1.0,3,True,SELL,AMR,0.7420125886383555
EURJPY_AMR,2024-09-12 02:00:00+00:00,-1.0691181477697254,2,2,0,2,2,0,1.0,3,True,SELL,AMR,0.6696633689662042
GBPJPY_AMR,2024-09-12 03:00:00+00:00,0.7652790079716338,3,3,0,3,3,0,1.0,4,True,SELL,AMR,0.7033121729660814
EURJPY_AMR,2024-09-13 02:00:00+00:00,-1.075567918405116,0,0,0,0,0,0,0.0,0,True,BUY,AMR,0.6946285107230595
GBPJPY_AMR,2024-09-13 02:15:00+00:00,-1.0710085933966194,3,3,3,0,3,0,1.0,4,True,BUY,AMR,0.7023028500092964
AUDJPY_AMR,2024-09-13 02:15:00+00:00,-1.0854700854700443,3,3,3,0,3,0,1.0,4,True,BUY,AMR,0.6580880396018524
CADJPY_AMR,2024-09-13 02:15:00+00:00,-1.081300813008214,3,3,3,0,3,0,1.0,4,True,BUY,AMR,0.696438530794359
EURJPY_AMR,2024-09-16 00:00:00+00:00,0.5947955390334632,4,3,4,0,3,0,0.75,5,True,BUY,AMR,0.6741517827501494
GBPJPY_AMR,2024-09-16 00:00:00+00:00,0.7397260273972642,4,3,4,0,3,0,0.75,6,True,BUY,AMR,0.631796329251773
GBPUSD_MONDAY,2024-09-16 00:00:00+00:00,0.7882219705549305,4,4,4,0,4,0,1.0,5,False,BUY,MONDAY,0.2750306715741185
AUDJPY_AMR,2024-09-16 00:00:00+00:00,-1.1412665274876883,4,3,4,0,3,0,0.75,5,True,BUY,AMR,0.5809203172406451
CADJPY_AMR,2024-09-16 00:00:00+00:00,0.5855855855855703,4,3,4,0,3,0,0.75,5,True,BUY,AMR,0.6780734602820493
CADJPY_AMR,2024-09-17 01:30:00+00:00,-1.114497170221851,2,2,0,2,2,0,1.0,3,True,SELL,AMR,0.3408758930231322
AUDJPY_AMR,2024-09-17 01:30:00+00:00,0.579901153212494,2,2,0,2,2,0,1.0,3,True,SELL,AMR,0.2274312024272103
EURJPY_AMR,2024-09-17 01:30:00+00:00,-1.0909903867650037,2,2,0,2,2,0,1.0,3,True,SELL,AMR,0.3540933536949738
GBPJPY_AMR,2024-09-17 02:00:00+00:00,0.7430774623204215,3,3,0,3,3,0,1.0,4,True,SELL,AMR,0.4457887327684666
EURJPY_AMR,2024-09-18 03:00:00+00:00,-1.0470601771947612,0,0,0,0,0,0,0.0,0,True,BUY,AMR,0.676050727043357
CADJPY_ARB,2024-09-18 07:00:00+00:00,-1.0265251989389854,0,0,0,0,0,0,0.0,0,True,SELL,ARB,0.7847736844911233
AUDJPY_AMR,2024-09-19 02:45:00+00:00,-1.038439472174398,2,2,0,2,2,0,1.0,3,True,SELL,AMR,0.9528663437483366
EURJPY_AMR,2024-09-19 02:45:00+00:00,-1.0285383166739408,2,2,0,2,2,0,1.0,3,True,SELL,AMR,0.9507336830223756
CADJPY_AMR,2024-09-19 02:45:00+00:00,-1.0406910188364973,2,2,0,2,2,0,1.0,3,True,SELL,AMR,0.9528058853212228
GBPJPY_AMR,2024-09-19 03:00:00+00:00,-1.0225605923028724,3,3,0,3,3,0,1.0,4,True,SELL,AMR,0.9610215410767884
AUDJPY_AMR,2024-09-20 02:30:00+00:00,0.5625879043600871,3,3,0,3,3,0,1.0,4,True,SELL,AMR,0.7774924149677969
GBPJPY_AMR,2024-09-20 02:30:00+00:00,0.7537717050954017,3,3,0,3,3,0,1.0,4,True,SELL,AMR,0.7573773539801854
CADJPY_AMR,2024-09-20 02:30:00+00:00,0.5923442302319071,3,3,0,3,3,0,1.0,4,True,SELL,AMR,0.7523039332855284
EURJPY_AMR,2024-09-20 02:30:00+00:00,0.6182890855457251,3,3,0,3,3,0,1.0,4,True,SELL,AMR,0.7468826771130735
GBPUSD_MONDAY,2024-09-23 00:00:00+00:00,0.2678655939422631,2,2,2,0,2,0,1.0,3,False,BUY,MONDAY,0.8606710406998453
CADJPY_AMR,2024-09-23 00:00:00+00:00,0.5733287467033856,2,1,2,0,1,0,0.5,4,True,BUY,AMR,0.8792792075000664
AUDJPY_AMR,2024-09-23 00:00:00+00:00,0.5811857036800778,2,1,2,0,1,0,0.5,4,True,BUY,AMR,0.7986373556182467
EURJPY_AMR,2024-09-23 02:45:00+00:00,-1.0797982794422354,1,0,1,0,0,0,1.0,2,True,SELL,AMR,0.860912290020583
CADJPY_AMR,2024-09-24 00:00:00+00:00,0.5707434052757967,0,0,0,0,0,0,0.0,0,True,BUY,AMR,0.763060048336122
AUDJPY_AMR,2024-09-24 02:00:00+00:00,0.5255878284924556,0,0,0,0,0,0,0.0,0,True,BUY,AMR,0.4998137009634321
EURJPY_AMR,2024-09-24 02:30:00+00:00,0.5753077896675077,0,0,0,0,0,0,0.0,0,True,SELL,AMR,0.5452360401035787
CADJPY_ARB,2024-09-24 07:00:00+00:00,1.89306930693071,0,0,0,0,0,0,0.0,0,True,BUY,ARB,0.8587194114197366
CADJPY_AMR,2024-09-25 00:00:00+00:00,0.5982905982906193,1,1,1,0,0,1,1.0,2,True,BUY,AMR,0.7749316123549252
AUDJPY_AMR,2024-09-25 02:00:00+00:00,0.4538087520259182,1,1,1,0,0,1,1.0,2,True,SELL,AMR,0.5810001596848885
GBPJPY_AMR,2024-09-25 02:30:00+00:00,0.7023917650620171,2,2,2,0,1,1,1.0,3,True,BUY,AMR,0.5933358123721746
EURJPY_AMR,2024-09-25 02:30:00+00:00,0.5636689725851962,2,2,2,0,1,1,1.0,3,True,BUY,AMR,0.6620941504548171
CADJPY_AMR,2024-09-26 01:00:00+00:00,0.565625401722657,0,0,0,0,0,0,0.0,0,True,BUY,AMR,0.4681964252516399
EURJPY_AMR,2024-09-26 04:15:00+00:00,-1.066530368855947,0,0,0,0,0,0,0.0,0,True,SELL,AMR,0.6311134718810172
CADJPY_AMR,2024-09-27 01:00:00+00:00,-1.0761305094448412,1,1,0,1,1,0,1.0,2,True,SELL,AMR,0.6410644570153773
EURJPY_AMR,2024-09-27 01:00:00+00:00,-1.0729613733906045,1,1,0,1,1,0,1.0,2,True,SELL,AMR,0.6416041431511852
AUDJPY_AMR,2024-09-27 01:30:00+00:00,-1.0950534602279007,2,2,0,2,2,0,1.0,3,True,SELL,AMR,0.6401234896470964
GBPJPY_AMR,2024-09-27 03:45:00+00:00,0.7694354685421237,0,0,0,0,0,0,0.0,0,True,SELL,AMR,0.8073388403410449
CADJPY_ARB,2024-09-27 07:00:00+00:00,-1.029673590504441,0,0,0,0,0,0,0.0,0,True,BUY,ARB,0.8621314709175242
GBPUSD_MONDAY,2024-09-30 00:00:00+00:00,0.1934154086123335,0,0,0,0,0,0,0.0,0,False,BUY,MONDAY,0.647943670987358
EURJPY_AMR,2024-09-30 00:15:00+00:00,0.6095238095238507,1,0,1,0,0,0,1.0,2,True,BUY,AMR,0.947945023570812
CADJPY_AMR,2024-09-30 01:00:00+00:00,-1.0581080090862909,2,1,1,1,1,0,0.5,4,True,SELL,AMR,0.9187714126364434
AUDJPY_AMR,2024-09-30 01:00:00+00:00,0.6197215912400427,2,1,1,1,1,0,0.5,4,True,SELL,AMR,0.9493000479054664
GBPJPY_AMR,2024-09-30 01:15:00+00:00,0.7691244694501528,3,2,1,2,2,0,0.667,5,True,SELL,AMR,0.9374485378097692
CADJPY_ARB,2024-09-30 08:00:00+00:00,-1.0224971878515234,2,1,1,1,1,0,0.5,4,True,SELL,ARB,0.9568161219811272
AUDJPY_AMR,2024-10-01 03:00:00+00:00,-1.0942528735632484,3,3,0,3,3,0,1.0,4,True,SELL,AMR,0.7389152073242136
CADJPY_AMR,2024-10-01 03:00:00+00:00,-1.0819808572617344,3,3,0,3,3,0,1.0,4,True,SELL,AMR,0.7529280535415505
GBPJPY_AMR,2024-10-01 03:00:00+00:00,-1.0466852041563397,3,3,0,3,3,0,1.0,4,True,SELL,AMR,0.7702595022444155
EURJPY_AMR,2024-10-01 03:00:00+00:00,-1.050125313283243,3,3,0,3,3,0,1.0,4,True,SELL,AMR,0.7931080273554213
CADJPY_ARB,2024-10-01 07:00:00+00:00,-1.029806259314468,0,0,0,0,0,0,0.0,0,True,BUY,ARB,0.8789785146878498
EURJPY_AMR,2024-10-02 03:00:00+00:00,-1.0654936461389597,1,1,0,1,1,0,1.0,2,True,SELL,AMR,0.7983268043290618
CADJPY_AMR,2024-10-02 03:00:00+00:00,-1.0826386744880758,1,1,0,1,1,0,1.0,2,True,SELL,AMR,0.8277295301835179
GBPJPY_AMR,2024-10-02 03:30:00+00:00,-1.049424930059085,3,3,0,3,3,0,1.0,4,True,SELL,AMR,0.8112433265159765
AUDJPY_AMR,2024-10-02 03:30:00+00:00,-1.0730977752850566,3,3,0,3,3,0,1.0,4,True,SELL,AMR,0.8572417096928727
EURJPY_AMR,2024-10-03 01:15:00+00:00,-1.0397645063114596,2,2,0,2,2,0,1.0,3,True,SELL,AMR,0.7241086249253038
CADJPY_AMR,2024-10-03 01:15:00+00:00,-1.0677548244495472,2,2,0,2,2,0,1.0,3,True,SELL,AMR,0.7448941651395639
AUDJPY_AMR,2024-10-03 01:15:00+00:00,-1.0742152059517227,2,2,0,2,2,0,1.0,3,True,SELL,AMR,0.7156677489753553
AUDJPY_AMR,2024-10-04 00:00:00+00:00,0.5750724637681274,0,0,0,0,0,0,0.0,0,True,BUY,AMR,0.6720737744184808
EURJPY_AMR,2024-10-04 03:45:00+00:00,-1.0702460850110158,1,1,1,0,1,0,1.0,2,True,BUY,AMR,0.6035455813027023
CADJPY_AMR,2024-10-04 03:45:00+00:00,-1.1534813128441952,1,1,1,0,1,0,1.0,2,True,BUY,AMR,0.6273470905372746
CADJPY_ARB,2024-10-04 07:00:00+00:00,-1.0350877192982322,0,0,0,0,0,0,0.0,0,True,SELL,ARB,0.7366849709441808
EURJPY_AMR,2024-10-07 00:00:00+00:00,0.6057852491291777,4,3,4,0,3,0,0.75,5,True,BUY,AMR,0.7413053582099463
AUDJPY_AMR,2024-10-07 00:00:00+00:00,0.5944798301485842,4,3,4,0,3,0,0.75,5,True,BUY,AMR,0.6131101293447597
CADJPY_AMR,2024-10-07 00:00:00+00:00,0.5721655528198449,4,3,4,0,3,0,0.75,5,True,BUY,AMR,0.6233367859134731
GBPJPY_AMR,2024-10-07 00:00:00+00:00,0.7501527183873327,4,3,4,0,3,0,0.75,6,True,BUY,AMR,0.741294589497729
GBPUSD_MONDAY,2024-10-07 00:00:00+00:00,-0.2131964664659723,4,4,4,0,4,0,1.0,5,False,BUY,MONDAY,0.8389075585427002
GBPJPY_AMR,2024-10-08 01:45:00+00:00,0.7658000652670335,3,3,3,0,3,0,1.0,4,True,BUY,AMR,0.7894100772928896
EURJPY_AMR,2024-10-08 01:45:00+00:00,0.6285009019272719,3,3,3,0,3,0,1.0,4,True,BUY,AMR,0.7309607595777173
CADJPY_AMR,2024-10-08 01:45:00+00:00,0.6214208765662894,3,3,3,0,3,0,1.0,4,True,BUY,AMR,0.7590099062491701
AUDJPY_AMR,2024-10-08 01:45:00+00:00,0.623564161470305,3,3,3,0,3,0,1.0,4,True,BUY,AMR,0.8250385905147176
CADJPY_AMR,2024-10-09 02:45:00+00:00,0.5461561294153028,3,3,3,0,3,0,1.0,4,True,BUY,AMR,0.228388176240937
AUDJPY_AMR,2024-10-09 02:45:00+00:00,0.5749108888122001,3,3,3,0,3,0,1.0,4,True,BUY,AMR,0.2573588119444296
GBPJPY_AMR,2024-10-09 02:45:00+00:00,0.7284144427001658,3,3,3,0,3,0,1.0,4,True,BUY,AMR,0.3074982071236952
EURJPY_AMR,2024-10-09 02:45:00+00:00,0.564971751412478,3,3,3,0,3,0,1.0,4,True,BUY,AMR,0.2514175685545448
CADJPY_ARB,2024-10-09 08:00:00+00:00,-1.0462962962962912,0,0,0,0,0,0,0.0,0,True,BUY,ARB,0.5962573972383644
CADJPY_AMR,2024-10-10 00:00:00+00:00,0.5659655831740311,1,1,1,0,0,1,1.0,2,True,BUY,AMR,0.3734496587257323
AUDJPY_AMR,2024-10-10 00:15:00+00:00,0.5063291139240704,2,2,2,0,1,1,1.0,2,True,BUY,AMR,0.4156198435088092
EURJPY_AMR,2024-10-10 03:00:00+00:00,0.5870020964361089,3,3,3,0,2,1,1.0,3,True,BUY,AMR,0.2719341345196202
GBPJPY_AMR,2024-10-10 03:00:00+00:00,0.712828770799829,3,3,3,0,2,1,1.0,3,True,BUY,AMR,0.375574384445802
AUDJPY_AMR,2024-10-11 02:00:00+00:00,0.548844146159579,0,0,0,0,0,0,0.0,0,True,SELL,AMR,0.3764571246074413
GBPJPY_AMR,2024-10-11 02:45:00+00:00,0.7298620382732117,2,2,0,2,2,0,1.0,3,True,SELL,AMR,0.4926425668676459
EURJPY_AMR,2024-10-11 02:45:00+00:00,0.5695509309967782,2,2,0,2,2,0,1.0,3,True,SELL,AMR,0.4546178872584822
CADJPY_AMR,2024-10-11 03:45:00+00:00,0.5550929780737254,0,0,0,0,0,0,0.0,0,True,BUY,AMR,0.6012402730194141
AUDJPY_AMR,2024-10-14 00:00:00+00:00,0.6193794294562648,4,3,4,0,3,0,0.75,5,True,BUY,AMR,0.5908873156970246
EURJPY_AMR,2024-10-14 00:00:00+00:00,0.5956471935852996,4,3,4,0,3,0,0.75,5,True,BUY,AMR,0.3793904787198725
CADJPY_AMR,2024-10-14 00:00:00+00:00,0.4692082111436642,4,3,4,0,3,0,0.75,5,True,BUY,AMR,0.2225453483122194
GBPJPY_AMR,2024-10-14 00:00:00+00:00,0.7443133230716632,4,3,4,0,3,0,0.75,6,True,BUY,AMR,0.3099418311243326
GBPUSD_MONDAY,2024-10-14 00:00:00+00:00,-0.0767564221603216,4,4,4,0,4,0,1.0,5,False,BUY,MONDAY,0.225102683095962
AUDJPY_AMR,2024-10-15 03:00:00+00:00,0.4968944099379717,1,1,1,0,1,0,1.0,2,True,BUY,AMR,0.3257172512907861
EURJPY_AMR,2024-10-15 03:00:00+00:00,-1.135326913330045,1,1,1,0,1,0,1.0,2,True,BUY,AMR,0.1786335568687338
CADJPY_AMR,2024-10-15 03:15:00+00:00,-1.1101766190074698,3,3,3,0,3,0,1.0,4,True,BUY,AMR,0.2712532865907099
GBPJPY_AMR,2024-10-15 03:15:00+00:00,0.6845827439886633,3,3,3,0,3,0,1.0,4,True,BUY,AMR,0.2599272225025897
AUDJPY_AMR,2024-10-16 02:45:00+00:00,0.6338852650944945,2,2,2,0,2,0,1.0,3,True,BUY,AMR,0.6451668707084687
GBPJPY_AMR,2024-10-16 02:45:00+00:00,0.7360065133319408,2,2,2,0,2,0,1.0,3,True,BUY,AMR,0.4187229408483625
EURJPY_AMR,2024-10-16 02:45:00+00:00,0.6094580997556523,2,2,2,0,2,0,1.0,3,True,BUY,AMR,0.318106367439081
CADJPY_AMR,2024-10-16 03:00:00+00:00,0.5663000884843277,3,3,3,0,3,0,1.0,4,True,BUY,AMR,0.4054258624810772
CADJPY_ARB,2024-10-16 08:00:00+00:00,-0.3341584158415872,0,0,0,0,0,0,0.0,0,True,BUY,ARB,0.5439569227488404
AUDJPY_AMR,2024-10-17 00:00:00+00:00,0.5749108888122565,1,1,1,0,0,1,1.0,2,True,BUY,AMR,0.1452467131527119
CADJPY_AMR,2024-10-17 03:00:00+00:00,0.5546311702717832,3,3,3,0,2,1,1.0,4,True,BUY,AMR,0.2017369133933551
EURJPY_AMR,2024-10-17 03:00:00+00:00,0.5899035734542518,3,3,3,0,2,1,1.0,3,True,BUY,AMR,0.208605006307682
CADJPY_AMR,2024-10-18 00:00:00+00:00,0.4697651174411982,1,1,1,0,0,1,1.0,2,True,BUY,AMR,0.2501261519666428
AUDJPY_AMR,2024-10-18 00:15:00+00:00,0.4781609195402899,2,2,2,0,1,1,1.0,2,True,BUY,AMR,0.2500798424442433
EURJPY_AMR,2024-10-18 02:45:00+00:00,-1.1315136476423049,1,1,1,0,0,1,1.0,2,True,BUY,AMR,0.1745568023371622
GBPJPY_AMR,2024-10-18 03:15:00+00:00,0.7277640171131832,1,1,1,0,0,1,1.0,2,True,BUY,AMR,0.2314935323647374
GBPUSD_MONDAY,2024-10-21 00:00:00+00:00,-0.523482849604221,0,0,0,0,0,0,0.0,0,False,BUY,MONDAY,0.3787806048967835
AUDJPY_AMR,2024-10-21 00:15:00+00:00,0.4538087520258137,1,0,1,0,0,0,1.0,2,True,BUY,AMR,0.1285463352318092
EURJPY_AMR,2024-10-21 01:00:00+00:00,0.5526468877253049,2,1,1,1,1,0,1.0,3,True,SELL,AMR,0.4280857844764624
GBPJPY_AMR,2024-10-21 01:00:00+00:00,0.7173803526448519,2,1,1,1,1,0,0.5,4,True,SELL,AMR,0.5680363356264443
CADJPY_AMR,2024-10-21 01:15:00+00:00,0.5190952910640627,3,2,1,2,2,0,0.667,4,True,SELL,AMR,0.300812684248267
AUDJPY_AMR,2024-10-22 01:30:00+00:00,0.5443425076452867,0,0,0,0,0,0,0.0,0,True,BUY,AMR,0.382817905998829
EURJPY_AMR,2024-10-22 02:45:00+00:00,0.5659904833459205,2,2,2,0,2,0,1.0,3,True,BUY,AMR,0.3204435296461058
CADJPY_AMR,2024-10-22 02:45:00+00:00,0.5184373859074044,2,2,2,0,2,0,1.0,3,True,BUY,AMR,0.3381802246832922
GBPJPY_AMR,2024-10-23 03:00:00+00:00,-1.0912190963343604,3,3,0,3,3,0,1.0,4,True,SELL,AMR,0.2167521049695875
AUDJPY_AMR,2024-10-23 03:00:00+00:00,0.5814079618179886,3,3,0,3,3,0,1.0,4,True,SELL,AMR,0.1559988289774844
CADJPY_AMR,2024-10-23 03:00:00+00:00,-1.1148839841539089,3,3,0,3,3,0,1.0,4,True,SELL,AMR,0.1755902584123443
EURJPY_AMR,2024-10-23 03:00:00+00:00,-1.0816432657306922,3,3,0,3,3,0,1.0,4,True,SELL,AMR,0.150069716486289
CADJPY_ARB,2024-10-23 07:00:00+00:00,-0.4888888888888866,0,0,0,0,0,0,0.0,0,True,BUY,ARB,0.4324252279149118
EURJPY_AMR,2024-10-24 05:30:00+00:00,-1.0874704491725455,1,1,1,0,0,1,1.0,2,True,BUY,AMR,0.5329659385166987
AUDJPY_AMR,2024-10-25 01:45:00+00:00,0.5861256276257327,1,1,1,0,0,1,1.0,2,True,BUY,AMR,0.4154335444722414
GBPJPY_AMR,2024-10-25 03:30:00+00:00,0.722127348133703,2,2,1,1,1,1,1.0,2,True,SELL,AMR,0.5865361629790964
CADJPY_AMR,2024-10-25 03:30:00+00:00,0.5845084815042405,2,2,1,1,1,1,1.0,3,True,SELL,AMR,0.55401960003187
CADJPY_AMR,2024-10-28 00:00:00+00:00,-1.0511132016306168,4,3,1,3,3,0,0.75,5,True,SELL,AMR,0.7839348790269036
GBPJPY_AMR,2024-10-28 00:00:00+00:00,-1.0334486735871151,4,3,1,3,3,0,0.75,6,True,SELL,AMR,0.7628755079816197
AUDJPY_AMR,2024-10-28 00:00:00+00:00,-1.0472587521767658,4,3,1,3,3,0,0.75,5,True,SELL,AMR,0.8208601692659818
GBPUSD_MONDAY,2024-10-28 00:00:00+00:00,0.0847858009321329,4,4,0,4,4,0,1.0,5,False,BUY,MONDAY,0.0793193577639088
EURJPY_AMR,2024-10-28 00:00:00+00:00,-1.0370370370369977,4,3,1,3,3,0,0.75,5,True,SELL,AMR,0.7272425469756324
AUDJPY_AMR,2024-10-29 01:15:00+00:00,-1.2267125250785678,0,0,0,0,0,0,0.0,0,True,BUY,AMR,0.1142545377122478
EURJPY_AMR,2024-10-29 01:45:00+00:00,-1.2150279776175974,2,2,2,0,2,0,1.0,3,True,BUY,AMR,0.213159816745236
CADJPY_AMR,2024-10-29 01:45:00+00:00,-1.2150279776178734,2,2,2,0,2,0,1.0,3,True,BUY,AMR,0.2035561575438876
GBPJPY_AMR,2024-10-29 02:45:00+00:00,-1.0649297781397011,0,0,0,0,0,0,0.0,0,True,BUY,AMR,0.4439560147679885
CADJPY_ARB,2024-10-29 07:00:00+00:00,-1.0529100529100526,0,0,0,0,0,0,0.0,0,True,SELL,ARB,0.5354267740043717
CADJPY_AMR,2024-10-30 00:15:00+00:00,0.4815864022662965,0,0,0,0,0,0,0.0,0,True,BUY,AMR,0.3592011260722917
AUDJPY_AMR,2024-10-30 00:30:00+00:00,0.4444444444445328,1,1,1,0,1,0,1.0,2,True,BUY,AMR,0.2405120562090807
EURJPY_AMR,2024-10-30 01:00:00+00:00,0.5543770329514721,2,2,2,0,2,0,1.0,3,True,BUY,AMR,0.287085850873116
EURJPY_AMR,2024-10-31 00:15:00+00:00,0.5508233957978257,0,0,0,0,0,0,0.0,0,True,BUY,AMR,0.4241551025828298
AUDJPY_AMR,2024-10-31 02:15:00+00:00,0.5795206971677879,0,0,0,0,0,0,0.0,0,True,BUY,AMR,0.354753286847288
CADJPY_ARB,2024-10-31 08:00:00+00:00,-0.2575609756097546,0,0,0,0,0,0,0.0,0,True,SELL,ARB,0.7919176840646158
EURJPY_AMR,2024-11-01 03:30:00+00:00,-1.0713965779808612,2,2,0,2,1,1,1.0,2,True,SELL,AMR,0.8151649956842175
CADJPY_AMR,2024-11-01 03:30:00+00:00,-1.0882576994231468,2,2,0,2,1,1,1.0,3,True,SELL,AMR,0.847050699811436
CADJPY_AMR,2024-11-04 00:00:00+00:00,0.6171213546566391,1,0,1,0,0,0,1.0,2,True,BUY,AMR,0.7721828273975513
GBPUSD_MONDAY,2024-11-04 00:00:00+00:00,-0.0993992353904968,1,1,1,0,1,0,1.0,2,False,BUY,MONDAY,0.8868618979036645
EURJPY_AMR,2024-11-04 01:30:00+00:00,-1.0829516539438775,3,2,3,0,2,0,0.667,4,True,BUY,AMR,0.7319035920589603
GBPJPY_AMR,2024-11-04 01:30:00+00:00,-1.0523246395593713,3,2,3,0,2,0,0.667,5,True,BUY,AMR,0.7810566017689713
AUDJPY_AMR,2024-11-05 00:00:00+00:00,0.5433455433454663,1,1,1,0,1,0,1.0,2,True,BUY,AMR,0.2672592750306062
EURJPY_AMR,2024-11-05 00:15:00+00:00,0.5107370864772226,2,2,2,0,2,0,1.0,3,True,BUY,AMR,0.307868003452626
GBPJPY_AMR,2024-11-05 02:30:00+00:00,-1.0710859136501307,1,1,1,0,1,0,1.0,2,True,SELL,AMR,0.4532922521182501
CADJPY_AMR,2024-11-06 01:15:00+00:00,0.6012121212121295,2,2,0,2,2,0,1.0,3,True,SELL,AMR,0.6573712585982525
AUDJPY_AMR,2024-11-06 01:15:00+00:00,0.5744007236544368,2,2,0,2,2,0,1.0,3,True,SELL,AMR,0.7626550274125725
EURJPY_AMR,2024-11-06 01:15:00+00:00,0.594888235817963,2,2,0,2,2,0,1.0,3,True,SELL,AMR,0.7329526591859771
CADJPY_AMR,2024-11-07 01:00:00+00:00,0.5407925407925024,0,0,0,0,0,0,0.0,0,True,BUY,AMR,0.4745969776644623
EURJPY_AMR,2024-11-07 01:45:00+00:00,0.6081030480042374,1,1,1,0,1,0,1.0,2,True,BUY,AMR,0.6947214660381117
AUDJPY_AMR,2024-11-07 03:45:00+00:00,-1.0759554910497973,0,0,0,0,0,0,0.0,0,True,SELL,AMR,0.7669532123276734
EURJPY_AMR,2024-11-08 01:00:00+00:00,0.579710144927612,0,0,0,0,0,0,0.0,0,True,SELL,AMR,0.5908372618020051
AUDJPY_AMR,2024-11-08 01:45:00+00:00,0.5724258289703525,1,1,0,1,1,0,1.0,2,True,SELL,AMR,0.6884281684143291
GBPUSD_MONDAY,2024-11-11 00:00:00+00:00,-0.3821318000884566,0,0,0,0,0,0,0.0,0,False,BUY,MONDAY,0.8490425134688216
CADJPY_AMR,2024-11-11 01:00:00+00:00,-1.0586678429642984,4,3,1,3,3,0,0.75,5,True,SELL,AMR,0.6994528988394019
GBPJPY_AMR,2024-11-11 01:00:00+00:00,-1.0472727272727778,4,3,1,3,3,0,0.75,6,True,SELL,AMR,0.7972190496427528
AUDJPY_AMR,2024-11-11 01:00:00+00:00,-1.064881237047704,4,3,1,3,3,0,0.75,5,True,SELL,AMR,0.793939958481929
EURJPY_AMR,2024-11-11 01:00:00+00:00,-1.0592723004695672,4,3,1,3,3,0,0.75,5,True,SELL,AMR,0.80544452559591
AUDJPY_AMR,2024-11-12 01:30:00+00:00,0.4944586530264571,2,2,2,0,2,0,1.0,3,True,BUY,AMR,0.1321791664448821
CADJPY_AMR,2024-11-12 01:30:00+00:00,0.5308831036243127,2,2,2,0,2,0,1.0,3,True,BUY,AMR,0.2266884444798555
EURJPY_AMR,2024-11-12 01:30:00+00:00,0.5443397637205585,2,2,2,0,2,0,1.0,3,True,BUY,AMR,0.1872651218378593
GBPJPY_AMR,2024-11-12 03:00:00+00:00,0.7195979899498071,0,0,0,0,0,0,0.0,0,True,SELL,AMR,0.3246168556933783
CADJPY_AMR,2024-11-13 00:00:00+00:00,0.550823395797759,0,0,0,0,0,0,0.0,0,True,BUY,AMR,0.4364326879664303
EURJPY_AMR,2024-11-13 00:30:00+00:00,0.5125218404193745,1,1,1,0,1,0,1.0,2,True,BUY,AMR,0.4430383108691322
AUDJPY_AMR,2024-11-13 00:45:00+00:00,0.5416469847267953,2,2,2,0,2,0,1.0,3,True,BUY,AMR,0.3222574120402406
GBPJPY_AMR,2024-11-13 01:00:00+00:00,0.7271058067476722,3,3,3,0,3,0,1.0,4,True,BUY,AMR,0.3838216154479534
CADJPY_AMR,2024-11-14 00:00:00+00:00,0.5682242990653337,0,0,0,0,0,0,0.0,0,True,BUY,AMR,0.5347249887127188
AUDJPY_AMR,2024-11-14 02:00:00+00:00,0.5588506656122071,0,0,0,0,0,0,0.0,0,True,SELL,AMR,0.5304865066269229
EURJPY_AMR,2024-11-14 02:30:00+00:00,0.608016060801606,0,0,0,0,0,0,0.0,0,True,SELL,AMR,0.6461456742580174
EURJPY_AMR,2024-11-15 01:00:00+00:00,-1.0816244471251142,1,1,0,1,1,0,1.0,2,True,SELL,AMR,0.5154770599561782
GBPJPY_AMR,2024-11-15 01:00:00+00:00,-1.097087378640874,1,1,0,1,1,0,1.0,2,True,SELL,AMR,0.448976068421472
AUDJPY_AMR,2024-11-15 01:45:00+00:00,0.576381852977551,1,1,0,1,1,0,1.0,2,True,SELL,AMR,0.5728828445201469
CADJPY_AMR,2024-11-15 02:00:00+00:00,0.57262569832405,2,2,0,2,2,0,1.0,3,True,SELL,AMR,0.5772581202029055
CADJPY_ARB,2024-11-15 08:00:00+00:00,1.9285714285714055,1,1,0,1,1,0,1.0,2,True,SELL,ARB,0.5955643226528763
GBPUSD_MONDAY,2024-11-18 00:00:00+00:00,0.5349002127444024,0,0,0,0,0,0,0.0,0,False,BUY,MONDAY,0.8665919880514216
AUDJPY_AMR,2024-11-18 00:30:00+00:00,0.5920205920206145,1,0,1,0,0,0,1.0,2,True,SELL,AMR,0.8656251663384255
EURJPY_AMR,2024-11-18 00:45:00+00:00,0.6089604175728937,3,2,1,2,2,0,0.667,5,True,SELL,AMR,0.9040435562047672
CADJPY_AMR,2024-11-18 00:45:00+00:00,0.601741884402228,3,2,1,2,2,0,0.667,5,True,SELL,AMR,0.8883621490983454
GBPJPY_AMR,2024-11-18 01:00:00+00:00,0.7741311184581634,4,3,1,3,3,0,0.75,6,True,SELL,AMR,0.939586708810327
CADJPY_AMR,2024-11-19 01:00:00+00:00,-1.1066984379138,3,3,3,0,3,0,1.0,4,True,BUY,AMR,0.454173638222718
AUDJPY_AMR,2024-11-19 01:00:00+00:00,-1.1045052186550792,3,3,3,0,3,0,1.0,4,True,BUY,AMR,0.4104966200031937
EURJPY_AMR,2024-11-19 01:00:00+00:00,-1.0849756304302296,3,3,3,0,3,0,1.0,4,True,BUY,AMR,0.5074430648695306
GBPJPY_AMR,2024-11-19 01:00:00+00:00,0.7176887987835321,3,3,3,0,3,0,1.0,4,True,BUY,AMR,0.4062657706711998
AUDJPY_AMR,2024-11-20 01:30:00+00:00,-1.0869329869005462,3,3,0,3,3,0,1.0,4,True,SELL,AMR,0.575025283440677
EURJPY_AMR,2024-11-20 01:30:00+00:00,-1.051197196807417,3,3,0,3,3,0,1.0,4,True,SELL,AMR,0.6875639067790983
CADJPY_AMR,2024-11-20 01:30:00+00:00,-1.111111111111069,3,3,0,3,3,0,1.0,4,True,SELL,AMR,0.5922768438105861
GBPJPY_AMR,2024-11-20 01:30:00+00:00,-1.0675535231761226,3,3,0,3,3,0,1.0,4,True,SELL,AMR,0.6338548168610056
CADJPY_ARB,2024-11-20 07:00:00+00:00,-1.0419287211739958,2,2,0,2,2,0,1.0,3,True,BUY,ARB,0.7991149970677613
EURJPY_AMR,2024-11-21 02:00:00+00:00,0.6131504638966941,2,2,2,0,2,0,1.0,3,True,BUY,AMR,0.710245003651816
CADJPY_AMR,2024-11-21 02:00:00+00:00,0.5712193335775048,2,2,2,0,2,0,1.0,3,True,BUY,AMR,0.6232039943696386
GBPJPY_AMR,2024-11-21 02:00:00+00:00,-1.0548565676900228,2,2,2,0,2,0,1.0,3,True,BUY,AMR,0.6550505989534915
AUDJPY_AMR,2024-11-21 02:15:00+00:00,0.5767250257466958,3,3,3,0,3,0,1.0,4,True,BUY,AMR,0.7082157875126417
CADJPY_ARB,2024-11-21 08:00:00+00:00,0.1253012048192795,0,0,0,0,0,0,0.0,0,True,SELL,ARB,0.6959535106893426
CADJPY_AMR,2024-11-22 01:00:00+00:00,-1.070045758535772,3,3,2,1,2,1,1.0,4,True,BUY,AMR,0.6417151355801662
EURJPY_AMR,2024-11-22 01:00:00+00:00,-1.0512820512819732,3,3,2,1,2,1,1.0,3,True,BUY,AMR,0.6537414514308478
AUDJPY_AMR,2024-11-22 01:00:00+00:00,0.5913370998117011,3,3,2,1,2,1,1.0,3,True,BUY,AMR,0.4731330175121094
GBPJPY_AMR,2024-11-22 01:45:00+00:00,0.7691560648732706,4,4,3,1,3,1,1.0,4,True,BUY,AMR,0.6813328375255651
AUDJPY_AMR,2024-11-25 00:00:00+00:00,0.5939524838012673,3,2,2,1,2,0,0.667,5,True,SELL,AMR,0.640709000904881
EURJPY_AMR,2024-11-25 00:00:00+00:00,0.6236939398810591,3,2,2,1,2,0,0.667,5,True,SELL,AMR,0.7668282318571144
CADJPY_AMR,2024-11-25 00:00:00+00:00,0.5815693820825218,3,2,1,2,2,0,0.667,5,True,BUY,AMR,0.6935171168300003
GBPUSD_MONDAY,2024-11-25 00:00:00+00:00,-0.0998926933957661,3,3,1,2,3,0,1.0,4,False,BUY,MONDAY,0.8833413346135381
GBPJPY_AMR,2024-11-25 03:30:00+00:00,0.7563792640344476,1,0,1,0,0,0,1.0,2,True,BUY,AMR,0.8934367446678531
CADJPY_AMR,2024-11-26 00:00:00+00:00,-1.1746657900504818,0,0,0,0,0,0,0.0,0,True,BUY,AMR,0.4923777653839004
EURJPY_AMR,2024-11-26 00:30:00+00:00,-1.1008704557091478,1,1,1,0,1,0,1.0,2,True,BUY,AMR,0.610238363986455
GBPJPY_AMR,2024-11-26 01:00:00+00:00,-1.070766448112168,1,1,1,0,1,0,1.0,2,True,BUY,AMR,0.5038380833488273
AUDJPY_AMR,2024-11-26 01:30:00+00:00,-1.0375122019244354,1,1,1,0,1,0,1.0,2,True,BUY,AMR,0.7733672220152233
AUDJPY_AMR,2024-11-27 00:45:00+00:00,0.5757678794060693,0,0,0,0,0,0,0.0,0,True,SELL,AMR,0.6000159684888486
EURJPY_AMR,2024-11-27 01:00:00+00:00,0.5789356490759462,1,1,0,1,1,0,1.0,2,True,SELL,AMR,0.6672996480977359
CADJPY_AMR,2024-11-27 02:15:00+00:00,0.5624088075341863,0,0,0,0,0,0,0.0,0,True,BUY,AMR,0.7817305393992511
GBPJPY_AMR,2024-11-27 03:30:00+00:00,-1.041624365482219,0,0,0,0,0,0,0.0,0,True,BUY,AMR,0.7609232648941539
CADJPY_ARB,2024-11-27 08:00:00+00:00,1.269067796610166,0,0,0,0,0,0,0.0,0,True,SELL,ARB,0.8612251426134243
EURJPY_AMR,2024-11-28 01:45:00+00:00,0.6067267531326201,3,3,0,3,2,1,1.0,3,True,SELL,AMR,0.6970984662373017
AUDJPY_AMR,2024-11-28 01:45:00+00:00,-1.0795396679906035,3,3,0,3,2,1,1.0,3,True,SELL,AMR,0.6425453771224783
CADJPY_AMR,2024-11-28 01:45:00+00:00,-1.0606741573032514,3,3,0,3,2,1,1.0,4,True,SELL,AMR,0.8140121637054153
GBPJPY_AMR,2024-11-28 02:00:00+00:00,0.7637231503579773,4,4,0,4,3,1,1.0,4,True,SELL,AMR,0.7183723339265319
EURJPY_AMR,2024-11-29 00:00:00+00:00,0.4822695035460324,2,2,0,2,1,1,1.0,3,True,BUY,AMR,0.2784410065732687
AUDJPY_AMR,2024-11-29 00:15:00+00:00,0.4781997187061348,2,2,0,2,1,1,1.0,3,True,BUY,AMR,0.3335018896045137
CADJPY_AMR,2024-11-29 01:00:00+00:00,-1.1764705882351305,2,2,0,2,1,1,1.0,3,True,BUY,AMR,0.2222930443789339
GBPJPY_AMR,2024-11-29 02:30:00+00:00,-1.02237474262183,1,1,0,1,0,1,1.0,2,True,BUY,AMR,0.702900475444235
AUDJPY_AMR,2024-12-02 00:00:00+00:00,0.5969094922737342,2,1,2,0,1,0,0.5,4,True,BUY,AMR,0.5832623622717836
GBPUSD_MONDAY,2024-12-02 00:00:00+00:00,-0.6899970258748883,2,2,2,0,2,0,1.0,3,False,BUY,MONDAY,0.6429828772603616
EURJPY_AMR,2024-12-02 00:00:00+00:00,0.5850091407677568,2,1,2,0,1,0,0.5,4,True,BUY,AMR,0.7354093353694974
CADJPY_AMR,2024-12-02 01:15:00+00:00,-1.1115813231768863,3,2,3,0,2,0,0.667,5,True,SELL,AMR,0.8279552758080365
GBPJPY_AMR,2024-12-02 03:30:00+00:00,0.7594239198497277,1,0,1,0,0,0,1.0,2,True,SELL,AMR,0.8757868734893357
CADJPY_ARB,2024-12-02 07:00:00+00:00,-1.032467532467533,2,1,1,1,1,0,1.0,3,True,BUY,ARB,0.819054219757957
AUDJPY_AMR,2024-12-03 01:00:00+00:00,-1.1688582759339328,0,0,0,0,0,0,0.0,0,True,SELL,AMR,0.5452706658859849
EURJPY_AMR,2024-12-03 01:15:00+00:00,0.6163522012578934,2,2,0,2,2,0,1.0,3,True,SELL,AMR,0.6867273089436292
CADJPY_AMR,2024-12-03 01:15:00+00:00,0.5870020964361089,2,2,0,2,2,0,1.0,3,True,SELL,AMR,0.802525695163732
GBPJPY_AMR,2024-12-03 01:15:00+00:00,-1.0512483574244869,2,2,0,2,2,0,1.0,3,True,SELL,AMR,0.632712688252012
CADJPY_AMR,2024-12-04 02:00:00+00:00,0.5787781350482712,0,0,0,0,0,0,0.0,0,True,SELL,AMR,0.6479032215228534
EURJPY_AMR,2024-12-04 03:00:00+00:00,0.6257885440322862,2,2,0,2,2,0,1.0,3,True,SELL,AMR,0.7085850873115995
GBPJPY_AMR,2024-12-04 03:00:00+00:00,0.7612422360248382,2,2,0,2,2,0,1.0,3,True,SELL,AMR,0.6075592977237111
AUDJPY_AMR,2024-12-04 03:30:00+00:00,-1.0636808957313004,3,3,0,3,3,0,1.0,4,True,BUY,AMR,0.7678314792143504
CADJPY_ARB,2024-12-04 07:00:00+00:00,-1.041666666666658,0,0,0,0,0,0,0.0,0,True,BUY,ARB,0.8097243695686943
EURJPY_AMR,2024-12-05 01:15:00+00:00,0.6101128290847944,1,1,1,0,0,1,1.0,2,True,SELL,AMR,0.7903592058960228
CADJPY_AMR,2024-12-05 02:15:00+00:00,0.5973777893548492,2,2,2,0,1,1,1.0,3,True,BUY,AMR,0.8416593631317558
AUDJPY_AMR,2024-12-05 02:15:00+00:00,0.6119228922274627,2,2,2,0,1,1,1.0,2,True,BUY,AMR,0.7807925693298557
EURJPY_AMR,2024-12-06 01:15:00+00:00,0.5716985589415563,2,2,1,1,1,1,1.0,3,True,SELL,AMR,0.5069118916406613
GBPJPY_AMR,2024-12-06 01:15:00+00:00,0.713375796178446,2,2,1,1,1,1,1.0,3,True,SELL,AMR,0.5324709819649924
AUDJPY_AMR,2024-12-06 02:15:00+00:00,-1.1422413793103832,1,1,1,0,0,1,1.0,2,True,BUY,AMR,0.514424868259967
CADJPY_AMR,2024-12-06 03:45:00+00:00,0.5673758865248584,1,1,1,0,0,1,1.0,2,True,BUY,AMR,0.6875282182030649
CADJPY_AMR,2024-12-09 00:00:00+00:00,0.5103668261564482,1,0,1,0,0,0,1.0,2,True,BUY,AMR,0.6719783284200462
GBPUSD_MONDAY,2024-12-09 00:00:00+00:00,0.210029109683089,1,1,1,0,1,0,1.0,2,False,BUY,MONDAY,0.6947244892516136
EURJPY_AMR,2024-12-09 02:15:00+00:00,0.6142728093947812,2,1,2,0,1,0,1.0,3,True,BUY,AMR,0.7623663767346126
GBPJPY_AMR,2024-12-09 02:15:00+00:00,0.7218335343788124,2,1,2,0,1,0,0.5,4,True,BUY,AMR,0.7286249302770326
AUDJPY_AMR,2024-12-10 03:30:00+00:00,-1.0872861165258314,0,0,0,0,0,0,0.0,0,True,BUY,AMR,0.6838771490924576
AUDJPY_AMR,2024-12-11 01:45:00+00:00,-1.1298346974804032,0,0,0,0,0,0,0.0,0,True,BUY,AMR,0.2137914515356363
GBPJPY_AMR,2024-12-11 02:00:00+00:00,-1.11681735985534,2,2,2,0,2,0,1.0,3,True,BUY,AMR,0.2797152646816648
EURJPY_AMR,2024-12-11 02:00:00+00:00,-1.1259541984731585,2,2,2,0,2,0,1.0,3,True,BUY,AMR,0.23681030476064
AUDJPY_AMR,2024-12-12 00:00:00+00:00,0.5742734745861247,0,0,0,0,0,0,0.0,0,True,BUY,AMR,0.511763453451855
EURJPY_AMR,2024-12-12 02:00:00+00:00,0.599734923790505,0,0,0,0,0,0,0.0,0,True,BUY,AMR,0.4397981541730297
CADJPY_AMR,2024-12-12 03:00:00+00:00,0.5741851982586247,0,0,0,0,0,0,0.0,0,True,BUY,AMR,0.6763338910578175
CADJPY_ARB,2024-12-12 07:00:00+00:00,-1.049019607843134,0,0,0,0,0,0,0.0,0,True,BUY,ARB,0.7636082529189103
GBPJPY_AMR,2024-12-13 02:00:00+00:00,0.7272727272726635,2,2,0,2,2,0,1.0,3,True,SELL,AMR,0.4603575128157454
AUDJPY_AMR,2024-12-13 02:00:00+00:00,0.5821294810058413,2,2,0,2,2,0,1.0,3,True,SELL,AMR,0.6277346037153351
EURJPY_AMR,2024-12-13 02:00:00+00:00,0.6012553683515283,2,2,0,2,2,0,1.0,3,True,SELL,AMR,0.6501825907974238
CADJPY_AMR,2024-12-13 02:15:00+00:00,0.5745956339780451,3,3,0,3,3,0,1.0,4,True,SELL,AMR,0.6851246912596606
AUDJPY_AMR,2024-12-16 00:00:00+00:00,0.5128205128205539,2,1,2,0,1,0,0.5,4,True,BUY,AMR,0.2372119018470218
GBPUSD_MONDAY,2024-12-16 00:00:00+00:00,0.7428471940107928,2,2,2,0,2,0,1.0,3,False,BUY,MONDAY,0.5376326878967301
EURJPY_AMR,2024-12-16 00:00:00+00:00,0.5737316263630637,2,1,2,0,1,0,0.5,4,True,BUY,AMR,0.7370958103711573
CADJPY_AMR,2024-12-16 02:30:00+00:00,-1.134037913101977,2,1,1,1,1,0,1.0,3,True,SELL,AMR,0.4158234403633176
GBPJPY_AMR,2024-12-16 02:30:00+00:00,-1.06849903371276,2,1,1,1,1,0,0.5,4,True,SELL,AMR,0.4106217960636404
EURJPY_AMR,2024-12-17 01:00:00+00:00,-1.081512521201308,2,2,0,2,2,0,1.0,3,True,SELL,AMR,0.4204767279729102
AUDJPY_AMR,2024-12-17 01:00:00+00:00,0.5849785856054156,2,2,0,2,2,0,1.0,3,True,SELL,AMR,0.4337973066482142
CADJPY_AMR,2024-12-17 01:00:00+00:00,0.5373794847478818,2,2,0,2,2,0,1.0,3,True,SELL,AMR,0.4519294611319151
EURJPY_AMR,2024-12-18 01:15:00+00:00,-1.0653674380836036,1,1,0,1,1,0,1.0,2,True,SELL,AMR,0.4998340083659783
AUDJPY_AMR,2024-12-18 01:15:00+00:00,0.5529693891945269,1,1,0,1,1,0,1.0,2,True,SELL,AMR,0.3693245329217012
CADJPY_AMR,2024-12-18 02:00:00+00:00,0.5871039578904432,2,2,0,2,2,0,1.0,3,True,SELL,AMR,0.4956311582078453
CADJPY_ARB,2024-12-18 07:00:00+00:00,-1.048543689320409,0,0,0,0,0,0,0.0,0,True,SELL,ARB,0.5193794316788399
CADJPY_AMR,2024-12-19 01:30:00+00:00,0.6128364389233902,0,0,0,0,0,0,0.0,0,True,BUY,AMR,0.8585238891987358
EURJPY_AMR,2024-12-19 02:30:00+00:00,-1.0345124365263514,0,0,0,0,0,0,0.0,0,True,SELL,AMR,0.9342540335967068
CADJPY_ARB,2024-12-19 08:00:00+00:00,0.4155184916606221,0,0,0,0,0,0,0.0,0,True,BUY,ARB,0.9232819747294344
EURJPY_AMR,2024-12-20 01:45:00+00:00,0.6059235812796898,1,1,1,0,0,1,1.0,2,True,SELL,AMR,0.7195006971648629
CADJPY_AMR,2024-12-20 02:00:00+00:00,0.5945945945945873,3,3,1,2,2,1,1.0,4,True,SELL,AMR,0.7943855735266778
GBPJPY_AMR,2024-12-20 02:00:00+00:00,0.7571973182595121,3,3,1,2,2,1,1.0,3,True,SELL,AMR,0.793420807989588
AUDJPY_AMR,2024-12-20 03:00:00+00:00,-1.0560508673716018,1,1,1,0,0,1,1.0,2,True,BUY,AMR,0.8652924894874116
GBPJPY_AMR,2024-12-23 00:00:00+00:00,0.7494442680216075,1,0,1,0,0,0,1.0,2,True,BUY,AMR,0.6480517410821005
GBPUSD_MONDAY,2024-12-23 00:00:00+00:00,-0.3283379457991748,1,1,1,0,1,0,1.0,2,False,BUY,MONDAY,0.9207339841041232
EURJPY_AMR,2024-12-23 00:15:00+00:00,0.619771415105491,2,1,2,0,1,0,1.0,3,True,SELL,AMR,0.8161078281654605
CADJPY_AMR,2024-12-23 00:45:00+00:00,-1.086451067427665,2,1,1,1,1,0,0.5,4,True,SELL,AMR,0.6630016200568348
AUDJPY_AMR,2024-12-23 01:45:00+00:00,0.5277044854881,3,2,1,2,2,0,0.667,5,True,SELL,AMR,0.5945467610581785
EURJPY_AMR,2024-12-24 00:00:00+00:00,0.584297017650649,0,0,0,0,0,0,0.0,0,True,BUY,AMR,0.5415975034858244
CADJPY_AMR,2024-12-24 01:30:00+00:00,0.4919093851131368,0,0,0,0,0,0,0.0,0,True,SELL,AMR,0.3968475287493692
AUDJPY_AMR,2024-12-24 03:00:00+00:00,-1.1075441412521243,0,0,0,0,0,0,0.0,0,True,BUY,AMR,0.5063873955394688
EURJPY_AMR,2024-12-26 00:00:00+00:00,0.5546026300743027,0,0,0,0,0,0,0.0,0,True,SELL,AMR,0.8171303366310338
GBPJPY_AMR,2024-12-26 00:30:00+00:00,-1.04991447675322,1,1,0,1,1,0,1.0,2,True,SELL,AMR,0.7527424367181067
CADJPY_AMR,2024-12-26 02:45:00+00:00,0.5777628485051672,2,2,0,2,2,0,1.0,3,True,SELL,AMR,0.5348179427934029
AUDJPY_AMR,2024-12-26 02:45:00+00:00,-1.0934256055362728,2,2,0,2,2,0,1.0,3,True,SELL,AMR,0.6865385639005696
GBPJPY_AMR,2024-12-27 00:00:00+00:00,0.726612170753842,1,1,1,0,1,0,1.0,2,True,BUY,AMR,0.277855985550745
AUDJPY_AMR,2024-12-27 00:00:00+00:00,0.5654073502955551,1,1,1,0,1,0,1.0,2,True,BUY,AMR,0.1287858625645393
CADJPY_AMR,2024-12-27 01:00:00+00:00,0.5211241392144932,1,1,1,0,1,0,1.0,2,True,BUY,AMR,0.2716251029134465
EURJPY_AMR,2024-12-27 01:15:00+00:00,0.5714977600193404,2,2,2,0,2,0,1.0,3,True,BUY,AMR,0.3989642122037049
GBPUSD_MONDAY,2024-12-30 00:00:00+00:00,-0.2018464361488617,0,0,0,0,0,0,0.0,0,False,BUY,MONDAY,0.5699045180562223
AUDJPY_AMR,2024-12-30 01:00:00+00:00,-1.0598741033523704,1,0,1,0,0,0,1.0,2,True,SELL,AMR,0.7057406717410976
CADJPY_ARB,2024-12-30 08:00:00+00:00,-1.0512820512820498,1,0,1,0,0,0,1.0,2,True,BUY,ARB,0.4059817668070587
EURJPY_AMR,2024-12-31 03:15:00+00:00,0.6220772158781952,1,1,1,0,1,0,1.0,2,True,BUY,AMR,0.7094349644777903
CADJPY_AMR,2024-12-31 03:15:00+00:00,-1.0532475131656036,1,1,1,0,1,0,1.0,2,True,BUY,AMR,0.7018165883196558
EURJPY_AMR,2025-01-01 00:00:00+00:00,0.6372215930539551,0,0,0,0,0,0,0.0,0,True,BUY,AMR,0.6537547307615696
CADJPY_AMR,2025-01-02 00:00:00+00:00,0.5899363794100203,2,2,2,0,2,0,1.0,3,True,BUY,AMR,0.5827689692720368
AUDJPY_AMR,2025-01-02 00:00:00+00:00,0.596707818930036,2,2,2,0,2,0,1.0,3,True,BUY,AMR,0.3832836535902486
EURJPY_AMR,2025-01-02 01:45:00+00:00,0.6277720914363752,1,1,0,1,1,0,1.0,2,True,SELL,AMR,0.7669079078414448
GBPJPY_AMR,2025-01-02 01:45:00+00:00,0.7703974417542382,1,1,0,1,1,0,1.0,2,True,SELL,AMR,0.7056097107492895
CADJPY_ARB,2025-01-02 08:00:00+00:00,0.296855345911949,0,0,0,0,0,0,0.0,0,True,SELL,ARB,0.8242256224342912
GBPUSD_MONDAY,2025-01-06 00:00:00+00:00,0.7897430253673035,0,0,0,0,0,0,0.0,0,False,BUY,MONDAY,0.4872246226062837
EURJPY_AMR,2025-01-06 01:00:00+00:00,-1.0437654830718304,3,2,1,2,2,0,0.667,4,True,SELL,AMR,0.638642852400239
CADJPY_AMR,2025-01-06 01:00:00+00:00,-1.059163059162954,3,2,1,2,2,0,0.667,4,True,SELL,AMR,0.6125541125541125
GBPJPY_AMR,2025-01-06 01:00:00+00:00,-1.0461273171432757,3,2,1,2,2,0,0.667,5,True,SELL,AMR,0.6680655528699302
AUDJPY_AMR,2025-01-06 02:00:00+00:00,-1.0430839002267511,4,3,1,3,3,0,0.75,5,True,SELL,AMR,0.5629291531378081
CADJPY_ARB,2025-01-06 07:00:00+00:00,-0.2832832832832846,2,1,1,1,1,0,0.5,4,True,BUY,ARB,0.6428000213253718
EURJPY_AMR,2025-01-07 01:00:00+00:00,-1.085368399081509,1,1,1,0,0,1,1.0,2,True,SELL,AMR,0.6068654139831352
AUDJPY_AMR,2025-01-07 02:00:00+00:00,-1.092586023412529,2,2,1,1,1,1,1.0,3,True,SELL,AMR,0.5445653909618353
GBPJPY_AMR,2025-01-07 02:15:00+00:00,0.7614469414734094,3,3,1,2,2,1,1.0,3,True,SELL,AMR,0.6068554277670057
CADJPY_AMR,2025-01-07 02:15:00+00:00,0.6110201854883089,3,3,1,2,2,1,1.0,4,True,SELL,AMR,0.7694871590577113
CADJPY_AMR,2025-01-08 01:00:00+00:00,0.5669599217985942,2,2,1,1,1,1,1.0,3,True,SELL,AMR,0.6643826521127134
EURJPY_AMR,2025-01-08 01:00:00+00:00,0.5800952064651457,2,2,1,1,1,1,1.0,2,True,SELL,AMR,0.5842374344333046
AUDJPY_AMR,2025-01-08 01:30:00+00:00,0.5745956339781005,3,3,1,2,2,1,1.0,3,True,SELL,AMR,0.4464523340607867
EURJPY_AMR,2025-01-09 01:45:00+00:00,-1.0734159037874875,3,3,3,0,2,1,1.0,3,True,BUY,AMR,0.3931744240090299
AUDJPY_AMR,2025-01-09 01:45:00+00:00,-1.0956293914493356,3,3,3,0,2,1,1.0,3,True,BUY,AMR,0.5227284824612765
CADJPY_AMR,2025-01-09 01:45:00+00:00,-1.175199827176448,3,3,3,0,2,1,1.0,4,True,BUY,AMR,0.4856452341114918
GBPJPY_AMR,2025-01-09 02:00:00+00:00,-1.046863302889694,4,4,4,0,3,1,1.0,4,True,BUY,AMR,0.5422321974023214
CADJPY_AMR,2025-01-10 00:00:00+00:00,0.4604918890632352,1,1,1,0,0,1,1.0,2,True,BUY,AMR,0.111385546968369
AUDJPY_AMR,2025-01-10 01:30:00+00:00,0.4674945215484883,1,1,1,0,0,1,1.0,2,True,BUY,AMR,0.0653643476872305
EURJPY_AMR,2025-01-10 01:45:00+00:00,0.5456702253854887,3,3,3,0,2,1,1.0,4,True,BUY,AMR,0.1438815483699621
GBPJPY_AMR,2025-01-10 01:45:00+00:00,0.7281084808090477,3,3,3,0,2,1,1.0,4,True,BUY,AMR,0.2422507901936306
GBPJPY_AMR,2025-01-13 00:00:00+00:00,0.7507189344634253,1,0,1,0,0,0,1.0,2,True,BUY,AMR,0.7213870222316662
GBPUSD_MONDAY,2025-01-13 00:00:00+00:00,-0.2376199431023673,1,1,1,0,1,0,1.0,2,False,BUY,MONDAY,0.947778311196458
CADJPY_AMR,2025-01-13 01:30:00+00:00,0.5335936229054584,2,1,2,0,1,0,1.0,3,True,SELL,AMR,0.6684991899715826
AUDJPY_AMR,2025-01-13 01:45:00+00:00,0.5901700967954002,2,1,1,1,1,0,0.5,4,True,SELL,AMR,0.5760499281418002
EURJPY_AMR,2025-01-13 03:30:00+00:00,-1.0366739288308005,1,0,1,0,0,0,1.0,2,True,BUY,AMR,0.7538410464112608
EURJPY_AMR,2025-01-14 00:00:00+00:00,-1.0370576503872553,0,0,0,0,0,0,0.0,0,True,SELL,AMR,0.8313126618418432
AUDJPY_AMR,2025-01-14 00:30:00+00:00,-1.0569962752126585,1,1,0,1,1,0,1.0,2,True,SELL,AMR,0.7126869643902699
CADJPY_AMR,2025-01-14 03:30:00+00:00,0.6061997703788882,1,1,0,1,1,0,1.0,2,True,SELL,AMR,0.9377207659416248
AUDJPY_AMR,2025-01-15 02:45:00+00:00,0.5650145037204769,0,0,0,0,0,0,0.0,0,True,BUY,AMR,0.3644674508968968
EURJPY_AMR,2025-01-15 03:15:00+00:00,-1.124195321086367,1,1,1,0,1,0,1.0,2,True,BUY,AMR,0.4220835269902397
CADJPY_AMR,2025-01-15 03:30:00+00:00,-1.1560242140206265,2,2,2,0,2,0,1.0,3,True,BUY,AMR,0.4009375082994715
CADJPY_ARB,2025-01-15 07:00:00+00:00,1.0924092409240769,0,0,0,0,0,0,0.0,0,True,SELL,ARB,0.6953137495335074
CADJPY_AMR,2025-01-16 00:00:00+00:00,0.5832012678288166,3,3,2,1,2,1,1.0,4,True,BUY,AMR,0.5079010968581521
AUDJPY_AMR,2025-01-16 00:00:00+00:00,0.5082390311694237,3,3,2,1,2,1,1.0,3,True,BUY,AMR,0.455847128333422
EURJPY_AMR,2025-01-16 00:00:00+00:00,0.5849037174337823,3,3,2,1,2,1,1.0,3,True,BUY,AMR,0.3724453887524069
GBPJPY_AMR,2025-01-16 03:00:00+00:00,-1.0486618004866146,0,0,0,0,0,0,0.0,0,True,BUY,AMR,0.6424207814284576
EURJPY_AMR,2025-01-17 01:45:00+00:00,0.5857326605322797,0,0,0,0,0,0,0.0,0,True,SELL,AMR,0.5155832946019521
GBPJPY_AMR,2025-01-17 02:00:00+00:00,0.7297762478484974,3,3,0,3,3,0,1.0,4,True,SELL,AMR,0.4763074716459932
CADJPY_AMR,2025-01-17 02:00:00+00:00,0.5633802816901696,3,3,0,3,3,0,1.0,4,True,SELL,AMR,0.5141024619552227
AUDJPY_AMR,2025-01-17 02:00:00+00:00,0.5522345573583466,3,3,0,3,3,0,1.0,4,True,SELL,AMR,0.2803135146643956
CADJPY_ARB,2025-01-17 08:00:00+00:00,0.4191919191919184,0,0,0,0,0,0,0.0,0,True,BUY,ARB,0.7340726128911873
GBPUSD_MONDAY,2025-01-20 00:00:00+00:00,0.7904028089339696,0,0,0,0,0,0,0.0,0,False,BUY,MONDAY,0.7707899930655572
EURJPY_AMR,2025-01-20 01:15:00+00:00,0.5864386072082873,1,0,1,0,0,0,1.0,2,True,SELL,AMR,0.5076156961689131
CADJPY_AMR,2025-01-20 03:00:00+00:00,0.5727699530516597,1,0,1,0,0,0,1.0,2,True,BUY,AMR,0.6665338751228321
CADJPY_ARB,2025-01-20 08:00:00+00:00,1.8685714285713837,1,0,1,0,0,0,1.0,2,True,BUY,ARB,0.6024950685077571
EURJPY_AMR,2025-01-21 01:30:00+00:00,-1.0620571517557484,1,1,1,0,1,0,1.0,2,True,BUY,AMR,0.7664962485890711
CADJPY_AMR,2025-01-21 01:30:00+00:00,-1.074094301838727,1,1,1,0,1,0,1.0,2,True,BUY,AMR,0.8109845165059889
AUDJPY_AMR,2025-01-21 02:00:00+00:00,-1.097472924187778,2,2,2,0,2,0,1.0,3,True,BUY,AMR,0.7527013360302337
CADJPY_AMR,2025-01-22 00:45:00+00:00,0.4833561331508632,0,0,0,0,0,0,0.0,0,True,BUY,AMR,0.7168884285448702
EURJPY_AMR,2025-01-22 01:00:00+00:00,0.5852876327921188,0,0,0,0,0,0,0.0,0,True,BUY,AMR,0.4258814155766549
AUDJPY_AMR,2025-01-23 00:00:00+00:00,0.5987815491731787,1,1,1,0,1,0,1.0,2,True,BUY,AMR,0.2775855644860808
EURJPY_AMR,2025-01-23 00:00:00+00:00,0.606328182487157,1,1,1,0,1,0,1.0,2,True,BUY,AMR,0.274762631963349
CADJPY_AMR,2025-01-23 01:00:00+00:00,0.6070263297670496,2,2,2,0,2,0,1.0,3,True,BUY,AMR,0.4635752795261997
CADJPY_ARB,2025-01-23 07:00:00+00:00,-1.0729927007299234,0,0,0,0,0,0,0.0,0,True,BUY,ARB,0.4602015247640881
EURJPY_AMR,2025-01-24 01:45:00+00:00,-1.1013384321223192,1,1,0,1,1,0,1.0,2,True,SELL,AMR,0.4048336763827103
GBPJPY_AMR,2025-01-24 01:45:00+00:00,-1.080917569952078,1,1,0,1,1,0,1.0,2,True,SELL,AMR,0.3393715636537491
AUDJPY_AMR,2025-01-24 02:45:00+00:00,-1.1120424699637186,3,3,0,3,3,0,1.0,4,True,SELL,AMR,0.3361899185607068
CADJPY_AMR,2025-01-24 02:45:00+00:00,-1.081413210445451,3,3,0,3,3,0,1.0,4,True,SELL,AMR,0.5660903513664249
CADJPY_AMR,2025-01-27 00:00:00+00:00,-1.0413761041375778,4,3,4,0,3,0,0.75,5,True,BUY,AMR,0.7932568454040847
GBPUSD_MONDAY,2025-01-27 00:00:00+00:00,0.0503872670014468,4,4,4,0,4,0,1.0,5,False,BUY,MONDAY,0.8031685069611137
AUDJPY_AMR,2025-01-27 00:00:00+00:00,-1.0502198278531325,4,3,4,0,3,0,0.75,5,True,BUY,AMR,0.6254724011284398
EURJPY_AMR,2025-01-27 00:00:00+00:00,-1.0287975379204013,4,3,4,0,3,0,0.75,5,True,BUY,AMR,0.7183453953920722
GBPJPY_AMR,2025-01-27 00:00:00+00:00,-1.0350686125027722,4,3,4,0,3,0,0.75,6,True,BUY,AMR,0.7299397062338974
EURJPY_AMR,2025-01-28 01:15:00+00:00,0.6197081606917242,0,0,0,0,0,0,0.0,0,True,BUY,AMR,0.8287231923511055
AUDJPY_AMR,2025-01-28 01:45:00+00:00,0.5992509363295712,1,1,1,0,1,0,1.0,2,True,BUY,AMR,0.7745515516048331
CADJPY_AMR,2025-01-28 02:00:00+00:00,-1.104536489151863,2,2,2,0,2,0,1.0,3,True,SELL,AMR,0.8769155180198125
GBPJPY_AMR,2025-01-28 03:00:00+00:00,0.766437583341933,0,0,0,0,0,0,0.0,0,True,SELL,AMR,0.8538606603097028
AUDJPY_AMR,2025-01-29 00:00:00+00:00,0.5137186223000517,0,0,0,0,0,0,0.0,0,True,BUY,AMR,0.2958561771437696
GBPJPY_AMR,2025-01-29 03:00:00+00:00,0.7083690374178854,2,2,0,2,2,0,1.0,3,True,SELL,AMR,0.4112858243246832
EURJPY_AMR,2025-01-29 03:00:00+00:00,0.6021505376344164,2,2,0,2,2,0,1.0,3,True,SELL,AMR,0.4146603811167917
CADJPY_AMR,2025-01-29 03:00:00+00:00,0.5335968379447087,2,2,0,2,2,0,1.0,3,True,SELL,AMR,0.5044485167184554
CADJPY_ARB,2025-01-29 07:00:00+00:00,1.307240704500953,0,0,0,0,0,0,0.0,0,True,SELL,ARB,0.6475982299941355
CADJPY_AMR,2025-01-30 01:45:00+00:00,0.5734767025089756,1,1,0,1,0,1,1.0,2,True,SELL,AMR,0.7536185695694898
EURJPY_AMR,2025-01-30 02:15:00+00:00,-1.0693912303107491,2,2,1,1,1,1,1.0,3,True,BUY,AMR,0.6323351703074165
GBPJPY_AMR,2025-01-30 02:15:00+00:00,-1.0641254715107409,2,2,1,1,1,1,1.0,3,True,BUY,AMR,0.7156763791866981
AUDJPY_AMR,2025-01-30 02:45:00+00:00,-1.0706638115631395,2,2,1,1,1,1,1.0,3,True,BUY,AMR,0.7976526321392452
EURJPY_AMR,2025-01-31 03:15:00+00:00,0.6249676651662879,0,0,0,0,0,0,0.0,0,True,BUY,AMR,0.8501825907974239
CADJPY_ARB,2025-01-31 07:00:00+00:00,0.9123630672926508,0,0,0,0,0,0,0.0,0,True,BUY,ARB,0.9039825131950738
GBPJPY_AMR,2025-02-03 00:00:00+00:00,0.7901543074904782,4,3,4,0,3,0,0.75,6,True,BUY,AMR,0.9861218093442056
EURJPY_AMR,2025-02-03 00:00:00+00:00,-1.0067500752397014,4,3,4,0,3,0,0.75,5,True,BUY,AMR,0.9933470553084124
CADJPY_AMR,2025-02-03 00:00:00+00:00,0.6593058467272329,4,3,4,0,3,0,0.75,5,True,BUY,AMR,0.9974636815127612
AUDJPY_AMR,2025-02-03 00:00:00+00:00,0.6526951272100028,4,3,4,0,3,0,0.75,5,True,BUY,AMR,0.98170277319423
GBPUSD_MONDAY,2025-02-03 00:00:00+00:00,0.7912597547380147,4,4,4,0,4,0,1.0,5,False,BUY,MONDAY,0.9898650450738784
AUDJPY_AMR,2025-02-04 00:00:00+00:00,0.6392124237382113,2,2,1,1,2,0,1.0,3,True,SELL,AMR,0.960025549582158
CADJPY_AMR,2025-02-04 00:00:00+00:00,0.6507792860734042,2,2,1,1,2,0,1.0,3,True,SELL,AMR,0.9910100124824052
CADJPY_ARB,2025-02-04 07:00:00+00:00,-1.031796502384753,2,2,1,1,2,0,1.0,3,True,SELL,ARB,0.9790478221463986
GBPJPY_AMR,2025-02-05 01:00:00+00:00,0.6541111621496386,2,2,1,1,2,0,1.0,3,True,SELL,AMR,0.3499561741347712
AUDJPY_AMR,2025-02-05 01:30:00+00:00,-1.1257035647279523,2,2,1,1,2,0,1.0,3,True,BUY,AMR,0.5576462447437057
CADJPY_AMR,2025-02-06 02:45:00+00:00,-1.0702806011640118,3,3,3,0,3,0,1.0,4,True,BUY,AMR,0.7302605370090033
GBPJPY_AMR,2025-02-06 02:45:00+00:00,-1.05491478739889,3,3,3,0,3,0,1.0,4,True,BUY,AMR,0.663377513346968
AUDJPY_AMR,2025-02-06 02:45:00+00:00,-1.0689597032541018,3,3,3,0,3,0,1.0,4,True,BUY,AMR,0.4504311491989141
AUDJPY_AMR,2025-02-07 01:45:00+00:00,0.5733287467033856,1,1,1,0,1,0,1.0,2,True,BUY,AMR,0.6411215202001384
CADJPY_AMR,2025-02-07 02:15:00+00:00,0.6070215175538067,3,3,3,0,3,0,1.0,4,True,BUY,AMR,0.8422170876158607
GBPJPY_AMR,2025-02-07 02:15:00+00:00,0.7669882980907442,3,3,3,0,3,0,1.0,4,True,BUY,AMR,0.8208186140402135
CADJPY_AMR,2025-02-10 00:00:00+00:00,0.6454736162659259,4,3,4,0,3,0,0.75,5,True,BUY,AMR,0.9634557671367489
AUDJPY_AMR,2025-02-10 00:00:00+00:00,0.6395550921098345,4,3,4,0,3,0,0.75,5,True,BUY,AMR,0.9452413903230956
GBPUSD_MONDAY,2025-02-10 00:00:00+00:00,-0.0978353046195044,4,4,4,0,4,0,1.0,5,False,BUY,MONDAY,0.9636741878700592
GBPJPY_AMR,2025-02-10 00:00:00+00:00,0.7780535247166086,4,3,4,0,3,0,0.75,6,True,BUY,AMR,0.9409546070280752
EURJPY_AMR,2025-02-10 00:00:00+00:00,0.6446644664466504,4,3,4,0,3,0,0.75,5,True,BUY,AMR,0.9595113206294402
AUDJPY_AMR,2025-02-11 00:30:00+00:00,0.5447117566954638,1,1,1,0,1,0,1.0,2,True,BUY,AMR,0.527638792782243
CADJPY_AMR,2025-02-11 00:30:00+00:00,0.5939524838012673,1,1,1,0,1,0,1.0,2,True,BUY,AMR,0.4194088120468489
EURJPY_AMR,2025-02-11 00:45:00+00:00,-1.0906246507990327,1,1,1,0,1,0,1.0,2,True,BUY,AMR,0.1526060686541398
GBPJPY_AMR,2025-02-11 01:15:00+00:00,-1.0558520099608333,2,2,2,0,2,0,1.0,3,True,BUY,AMR,0.2606842147201785
CADJPY_AMR,2025-02-12 01:15:00+00:00,-1.068149271333488,1,1,0,1,1,0,1.0,2,True,SELL,AMR,0.6207606299630839
EURJPY_AMR,2025-02-12 01:15:00+00:00,-1.046378798263567,1,1,0,1,1,0,1.0,2,True,SELL,AMR,0.5802005178938981
AUDJPY_AMR,2025-02-12 01:30:00+00:00,-1.0584343991179257,2,2,0,2,2,0,1.0,3,True,SELL,AMR,0.4307100654708042
CADJPY_AMR,2025-02-13 00:00:00+00:00,0.6054901960784151,0,0,0,0,0,0,0.0,0,True,BUY,AMR,0.6327915438344887
EURJPY_AMR,2025-02-13 02:45:00+00:00,-1.0726336352333283,1,1,1,0,1,0,1.0,2,True,SELL,AMR,0.7465241351835867
GBPJPY_AMR,2025-02-14 01:15:00+00:00,0.761993915281999,2,2,0,2,2,0,1.0,3,True,SELL,AMR,0.822531806953704
CADJPY_AMR,2025-02-14 01:15:00+00:00,0.5943152454780886,2,2,0,2,2,0,1.0,3,True,SELL,AMR,0.8465593710992484
AUDJPY_AMR,2025-02-14 01:15:00+00:00,0.590813798360989,2,2,0,2,2,0,1.0,3,True,SELL,AMR,0.6597381167828817
EURJPY_AMR,2025-02-14 03:00:00+00:00,0.6265739901279075,0,0,0,0,0,0,0.0,0,True,BUY,AMR,0.8820928225217449
GBPUSD_MONDAY,2025-02-17 00:00:00+00:00,0.2914689821860177,2,2,2,0,2,0,1.0,3,False,BUY,MONDAY,0.6002026990985224
AUDJPY_AMR,2025-02-17 00:00:00+00:00,0.5840634125991189,2,1,2,0,1,0,0.5,4,True,BUY,AMR,0.3332091339756214
EURJPY_AMR,2025-02-17 00:00:00+00:00,-1.0525628468821848,2,1,2,0,1,0,0.5,4,True,BUY,AMR,0.4282716951065666
GBPJPY_AMR,2025-02-17 01:45:00+00:00,-1.0424337380859283,3,2,3,0,2,0,0.667,5,True,BUY,AMR,0.6483704746474009
CADJPY_AMR,2025-02-17 01:45:00+00:00,-1.0563329745246084,3,2,3,0,2,0,0.667,4,True,BUY,AMR,0.670610575518551
CADJPY_ARB,2025-02-17 07:00:00+00:00,1.8343195266272008,2,1,2,0,1,0,0.5,4,True,SELL,ARB,0.6986191821719892
CADJPY_AMR,2025-02-18 01:00:00+00:00,0.5305410122163979,2,2,0,2,1,1,1.0,3,True,SELL,AMR,0.3159509202453988
EURJPY_AMR,2025-02-18 01:00:00+00:00,0.5800783317454856,2,2,0,2,1,1,1.0,2,True,SELL,AMR,0.247845428590399
GBPJPY_AMR,2025-02-18 01:30:00+00:00,0.7047841306884253,2,2,1,1,1,1,1.0,3,True,BUY,AMR,0.4260803739807166
AUDJPY_AMR,2025-02-18 01:30:00+00:00,0.5270362765229659,2,2,1,1,1,1,1.0,3,True,BUY,AMR,0.2172113695640602
EURJPY_AMR,2025-02-19 02:00:00+00:00,0.5806521503628865,1,1,0,1,0,1,1.0,2,True,BUY,AMR,0.3637341477989509
AUDJPY_AMR,2025-02-19 03:15:00+00:00,0.5752162678350998,1,1,0,1,0,1,1.0,2,True,BUY,AMR,0.5376590195347847
CADJPY_AMR,2025-02-19 03:45:00+00:00,0.5738748119865504,1,1,0,1,0,1,1.0,2,True,SELL,AMR,0.750338618436778
GBPJPY_AMR,2025-02-20 00:00:00+00:00,-1.0887966804979912,3,3,2,1,2,1,1.0,4,True,BUY,AMR,0.3795851151425005
EURJPY_AMR,2025-02-20 00:00:00+00:00,-1.0818622896665493,3,3,2,1,2,1,1.0,4,True,BUY,AMR,0.4494256689462851
AUDJPY_AMR,2025-02-20 00:00:00+00:00,-1.1134307585247392,3,3,2,1,2,1,1.0,4,True,BUY,AMR,0.3525709267046362
CADJPY_AMR,2025-02-20 01:00:00+00:00,-1.075636640060749,4,4,3,1,3,1,1.0,5,True,BUY,AMR,0.5549624199930948
CADJPY_ARB,2025-02-20 08:00:00+00:00,0.5639344262295044,0,0,0,0,0,0,0.0,0,True,SELL,ARB,0.6771338700218585
EURJPY_AMR,2025-02-21 01:15:00+00:00,0.6033182503770966,1,1,0,1,0,1,1.0,2,True,BUY,AMR,0.5124759312130669
CADJPY_AMR,2025-02-21 03:15:00+00:00,-1.0582959641255654,1,1,0,1,0,1,1.0,2,True,SELL,AMR,0.8626935436751387
AUDJPY_AMR,2025-02-21 03:30:00+00:00,0.6270821085635977,3,3,0,3,2,1,1.0,3,True,SELL,AMR,0.8277133123968702
GBPJPY_AMR,2025-02-21 03:30:00+00:00,0.7780009697305651,3,3,0,3,2,1,1.0,3,True,SELL,AMR,0.8901033227974182
GBPUSD_MONDAY,2025-02-24 00:00:00+00:00,0.0190161223646134,0,0,0,0,0,0,0.0,0,False,BUY,MONDAY,0.4243879020643303
EURJPY_AMR,2025-02-24 00:30:00+00:00,-1.050841050841108,1,0,1,0,0,0,1.0,2,True,SELL,AMR,0.750667286368767
CADJPY_AMR,2025-02-24 01:00:00+00:00,-1.057243410184582,4,3,1,3,3,0,0.75,5,True,SELL,AMR,0.76513159641994
AUDJPY_AMR,2025-02-24 01:00:00+00:00,0.6156951804188688,4,3,1,3,3,0,0.75,5,True,SELL,AMR,0.7529408633629637
GBPJPY_AMR,2025-02-24 01:00:00+00:00,-1.0373502466525573,4,3,1,3,3,0,0.75,6,True,SELL,AMR,0.8538872214401445
EURJPY_AMR,2025-02-25 02:00:00+00:00,0.6019196355946554,2,2,0,2,2,0,1.0,3,True,SELL,AMR,0.6249784210875772
AUDJPY_AMR,2025-02-25 02:00:00+00:00,0.5737316263632377,2,2,0,2,2,0,1.0,3,True,SELL,AMR,0.699832330867089
GBPJPY_AMR,2025-02-25 02:00:00+00:00,0.7450360217888745,2,2,0,2,2,0,1.0,3,True,SELL,AMR,0.6503359983000877
CADJPY_AMR,2025-02-25 03:00:00+00:00,0.6147033925897362,3,3,0,3,3,0,1.0,4,True,SELL,AMR,0.716410378987066
AUDJPY_AMR,2025-02-26 01:45:00+00:00,0.5652793984182366,1,1,0,1,1,0,1.0,2,True,SELL,AMR,0.7609916431575026
EURJPY_AMR,2025-02-26 01:45:00+00:00,0.5616224648986287,1,1,0,1,1,0,1.0,2,True,SELL,AMR,0.7162207024765952
GBPJPY_AMR,2025-02-26 02:00:00+00:00,0.7465089535074763,0,0,0,0,0,0,0.0,0,True,BUY,AMR,0.8381763127838721
CADJPY_AMR,2025-02-26 03:45:00+00:00,0.601431980906946,0,0,0,0,0,0,0.0,0,True,SELL,AMR,0.9092900964066608
AUDJPY_AMR,2025-02-27 03:15:00+00:00,-1.124960051134449,0,0,0,0,0,0,0.0,0,True,SELL,AMR,0.7656757332197797
CADJPY_AMR,2025-02-27 03:45:00+00:00,0.6020449897750108,2,2,0,2,2,0,1.0,3,True,SELL,AMR,0.8489363397338857
EURJPY_AMR,2025-02-27 03:45:00+00:00,0.615928309983561,2,2,0,2,2,0,1.0,3,True,SELL,AMR,0.8181926830887724
GBPJPY_AMR,2025-02-27 03:45:00+00:00,0.7471129707113369,2,2,0,2,2,0,1.0,3,True,SELL,AMR,0.8205795638662381
AUDJPY_AMR,2025-02-28 02:15:00+00:00,-1.0626185958253962,0,0,0,0,0,0,0.0,0,True,BUY,AMR,0.9089663064885292
CADJPY_AMR,2025-02-28 02:45:00+00:00,0.5998500374906138,2,2,2,0,2,0,1.0,3,True,BUY,AMR,0.934945422675484
EURJPY_AMR,2025-02-28 02:45:00+00:00,-1.0427210884353548,2,2,2,0,2,0,1.0,3,True,BUY,AMR,0.9210676581900272
AUDJPY_AMR,2025-03-03 00:00:00+00:00,0.6245756958588045,2,1,1,1,1,0,0.5,4,True,SELL,AMR,0.8800234204503113
GBPUSD_MONDAY,2025-03-03 00:00:00+00:00,0.789608221607802,2,2,0,2,2,0,1.0,3,False,BUY,MONDAY,0.6891235931082307
EURJPY_AMR,2025-03-03 00:00:00+00:00,0.6430982412506835,2,1,1,1,1,0,0.5,4,True,SELL,AMR,0.9387822853728172
CADJPY_AMR,2025-03-03 01:00:00+00:00,0.6311226701343925,4,3,1,3,3,0,0.75,5,True,SELL,AMR,0.9120521605184182
GBPJPY_AMR,2025-03-03 01:00:00+00:00,0.7809423961791557,4,3,1,3,3,0,0.75,6,True,SELL,AMR,0.9035565353661452
AUDJPY_AMR,2025-03-04 03:00:00+00:00,0.6329812057188987,1,1,1,0,1,0,1.0,2,True,BUY,AMR,0.9751024644701124
EURJPY_AMR,2025-03-04 03:00:00+00:00,0.6413370906617257,1,1,1,0,1,0,1.0,2,True,BUY,AMR,0.9792311267512116
EURJPY_AMR,2025-03-06 01:30:00+00:00,-1.1021402024863682,0,0,0,0,0,0,0.0,0,True,SELL,AMR,0.8832348449638138
GBPJPY_AMR,2025-03-06 02:00:00+00:00,0.7457742871776963,2,2,0,2,2,0,1.0,3,True,SELL,AMR,0.8801428988817764
AUDJPY_AMR,2025-03-06 02:00:00+00:00,0.5862138669901351,2,2,0,2,2,0,1.0,3,True,SELL,AMR,0.8787592484164581
CADJPY_AMR,2025-03-06 02:00:00+00:00,-1.0869565217389972,2,2,0,2,2,0,1.0,3,True,SELL,AMR,0.908466788834887
GBPJPY_AMR,2025-03-07 01:00:00+00:00,0.7486261579525528,2,2,0,2,2,0,1.0,3,True,SELL,AMR,0.939387500332014
EURJPY_AMR,2025-03-07 01:00:00+00:00,0.6199918114289477,2,2,0,2,2,0,1.0,3,True,SELL,AMR,0.9595644379523272
CADJPY_AMR,2025-03-07 01:00:00+00:00,0.6087888531618483,2,2,0,2,2,0,1.0,3,True,SELL,AMR,0.9606007489443072
CADJPY_ARB,2025-03-07 07:00:00+00:00,0.8238095238095298,0,0,0,0,0,0,0.0,0,True,SELL,ARB,0.9480727195180466
GBPUSD_MONDAY,2025-03-10 00:00:00+00:00,-0.5470466841430066,0,0,0,0,0,0,0.0,0,False,BUY,MONDAY,0.8294127060329652
EURJPY_AMR,2025-03-10 00:45:00+00:00,0.6296603148301608,2,1,2,0,1,0,0.5,4,True,BUY,AMR,0.9485957107761768
AUDJPY_AMR,2025-03-10 00:45:00+00:00,0.628618693134817,2,1,2,0,1,0,0.5,4,True,BUY,AMR,0.9469446958002874
EURJPY_AMR,2025-03-11 00:45:00+00:00,0.6009852216748681,1,1,1,0,1,0,1.0,2,True,BUY,AMR,0.8503552220968064
AUDJPY_AMR,2025-03-11 00:45:00+00:00,0.6108613430386228,1,1,1,0,1,0,1.0,2,True,BUY,AMR,0.8746473625379252
CADJPY_AMR,2025-03-11 02:30:00+00:00,0.6067398938952385,1,1,1,0,1,0,1.0,2,True,BUY,AMR,0.931453005072637
EURJPY_AMR,2025-03-12 01:45:00+00:00,0.6063348416289494,0,0,0,0,0,0,0.0,0,True,SELL,AMR,0.8850142752805259
CADJPY_AMR,2025-03-13 01:45:00+00:00,0.5415499533146458,1,1,0,1,1,0,1.0,2,True,SELL,AMR,0.7379226090882532
AUDJPY_AMR,2025-03-13 01:45:00+00:00,0.5799026117751326,1,1,0,1,1,0,1.0,2,True,SELL,AMR,0.6773300686645021
EURJPY_AMR,2025-03-13 05:45:00+00:00,-1.0531986531986437,0,0,0,0,0,0,0.0,0,True,BUY,AMR,0.6908439014673661
CADJPY_ARB,2025-03-13 07:00:00+00:00,-1.0301659125188367,1,1,1,0,1,0,1.0,2,True,SELL,ARB,0.8717278882550514
EURJPY_AMR,2025-03-14 00:00:00+00:00,-1.0674878111367587,1,1,0,1,0,1,1.0,2,True,SELL,AMR,0.7918464909368568
CADJPY_AMR,2025-03-14 02:30:00+00:00,-1.0439068100358326,2,2,0,2,1,1,1.0,3,True,SELL,AMR,0.8036677024407086
AUDJPY_AMR,2025-03-14 02:30:00+00:00,-1.0504896349993489,2,2,0,2,1,1,1.0,2,True,SELL,AMR,0.7484829935593762
GBPUSD_MONDAY,2025-03-17 00:00:00+00:00,0.6547795938583407,1,1,0,1,1,0,1.0,2,False,BUY,MONDAY,0.3204779431375686
AUDJPY_AMR,2025-03-17 00:00:00+00:00,0.6117711320496986,1,0,1,0,0,0,1.0,2,True,SELL,AMR,0.6480411987012296
GBPJPY_AMR,2025-03-17 02:15:00+00:00,0.7360457984053081,3,2,1,2,2,0,0.667,5,True,SELL,AMR,0.7102977502722516
EURJPY_AMR,2025-03-17 02:15:00+00:00,0.59341678256834,3,2,1,2,2,0,0.667,4,True,SELL,AMR,0.7608259743708917
CADJPY_AMR,2025-03-17 02:15:00+00:00,0.5797101449275407,3,2,1,2,2,0,0.667,4,True,SELL,AMR,0.8398932355987571
CADJPY_ARB,2025-03-17 08:00:00+00:00,1.917274939172743,1,0,1,0,0,0,1.0,2,True,BUY,ARB,0.8072719518046596
AUDJPY_AMR,2025-03-18 03:00:00+00:00,-1.0947065178250637,0,0,0,0,0,0,0.0,0,True,SELL,AMR,0.4352211635705541
EURJPY_AMR,2025-03-18 04:45:00+00:00,-1.077212806026411,1,1,0,1,1,0,1.0,2,True,SELL,AMR,0.5299249717814222
CADJPY_ARB,2025-03-18 08:00:00+00:00,-1.0475059382422995,2,2,0,2,2,0,1.0,3,True,BUY,ARB,0.6311776936610333
AUDJPY_AMR,2025-03-19 01:45:00+00:00,0.5432098765432608,0,0,0,0,0,0,0.0,0,True,SELL,AMR,0.4085404801192314
CADJPY_AMR,2025-03-19 02:45:00+00:00,0.6025455131303236,2,2,0,2,2,0,1.0,3,True,SELL,AMR,0.7082835365043954
EURJPY_AMR,2025-03-19 02:45:00+00:00,0.5957828622701259,2,2,0,2,2,0,1.0,3,True,SELL,AMR,0.7167385963747427
AUDJPY_AMR,2025-03-20 02:00:00+00:00,-1.102014294996679,0,0,0,0,0,0,0.0,0,True,BUY,AMR,0.6900516314472773
CADJPY_AMR,2025-03-20 02:45:00+00:00,-1.0654791357413742,1,1,1,0,1,0,1.0,2,True,BUY,AMR,0.7894590072504183
EURJPY_AMR,2025-03-20 02:45:00+00:00,-1.0507523590920325,1,1,1,0,1,0,1.0,2,True,BUY,AMR,0.7723657127680765
CADJPY_ARB,2025-03-20 08:00:00+00:00,-1.0392156862744997,2,2,2,0,2,0,1.0,3,True,SELL,ARB,0.7118942261555686
GBPJPY_AMR,2025-03-21 01:45:00+00:00,0.6997228210655837,1,1,1,0,1,0,1.0,2,True,BUY,AMR,0.5053255066535631
EURJPY_AMR,2025-03-21 01:45:00+00:00,0.5832269050659952,1,1,1,0,1,0,1.0,2,True,BUY,AMR,0.4845229400438218
AUDJPY_AMR,2025-03-21 02:30:00+00:00,0.577943334462134,1,1,0,1,1,0,1.0,2,True,SELL,AMR,0.6364507372119018
CADJPY_AMR,2025-03-21 02:30:00+00:00,-1.0945977824959732,1,1,0,1,1,0,1.0,2,True,SELL,AMR,0.7573765702600058
CADJPY_ARB,2025-03-21 07:00:00+00:00,-1.033222591362144,0,0,0,0,0,0,0.0,0,True,BUY,ARB,0.7054433011675642
GBPUSD_MONDAY,2025-03-24 00:00:00+00:00,0.1014881678458154,3,3,0,3,3,0,1.0,4,False,BUY,MONDAY,0.5727316370619299
EURJPY_AMR,2025-03-24 00:00:00+00:00,-1.037346323358923,3,2,1,2,2,0,0.667,5,True,SELL,AMR,0.7766682159219175
AUDJPY_AMR,2025-03-24 00:00:00+00:00,-1.04001625025397,3,2,1,2,2,0,0.667,5,True,SELL,AMR,0.8041997125672007
CADJPY_AMR,2025-03-24 00:00:00+00:00,-1.042759497695177,3,2,1,2,2,0,0.667,5,True,SELL,AMR,0.8874458874458875
AUDJPY_AMR,2025-03-25 01:30:00+00:00,0.5518018018017633,3,3,0,3,3,0,1.0,4,True,SELL,AMR,0.3619790280513121
EURJPY_AMR,2025-03-25 01:30:00+00:00,0.59341678256834,3,3,0,3,3,0,1.0,4,True,SELL,AMR,0.456012216984264
GBPJPY_AMR,2025-03-25 01:30:00+00:00,0.724032825322336,3,3,0,3,3,0,1.0,4,True,SELL,AMR,0.3061170283407262
CADJPY_AMR,2025-03-25 01:30:00+00:00,0.5614587432769383,3,3,0,3,3,0,1.0,4,True,SELL,AMR,0.5120176347170212
CADJPY_ARB,2025-03-25 07:00:00+00:00,-1.058823529411754,0,0,0,0,0,0,0.0,0,True,SELL,ARB,0.5660286826251533
AUDJPY_AMR,2025-03-26 00:00:00+00:00,0.5174353205849542,1,1,0,1,0,1,1.0,2,True,SELL,AMR,0.4407435992973865
EURJPY_AMR,2025-03-26 02:30:00+00:00,-1.0859538784065703,2,2,0,2,1,1,1.0,3,True,SELL,AMR,0.3848482836465042
GBPJPY_AMR,2025-03-26 03:15:00+00:00,-1.0579219390482786,2,2,0,2,1,1,1.0,3,True,SELL,AMR,0.3618024383117745
CADJPY_ARB,2025-03-26 08:00:00+00:00,-1.0353982300884998,0,0,0,0,0,0,0.0,0,True,BUY,ARB,0.4407954363704217
CADJPY_AMR,2025-03-27 00:15:00+00:00,0.6152275193056338,4,4,4,0,3,1,1.0,5,True,BUY,AMR,0.9356757761665736
EURJPY_AMR,2025-03-27 00:15:00+00:00,0.6340668296658644,4,4,4,0,3,1,1.0,4,True,BUY,AMR,0.8897682756789058
AUDJPY_AMR,2025-03-27 00:15:00+00:00,0.6054931335830224,4,4,4,0,3,1,1.0,4,True,BUY,AMR,0.8985601745888114
GBPJPY_AMR,2025-03-27 00:15:00+00:00,0.7568010936432168,4,4,4,0,3,1,1.0,4,True,BUY,AMR,0.8676990092698346
CADJPY_AMR,2025-03-28 01:30:00+00:00,0.5765520372262479,4,4,4,0,3,1,1.0,5,True,BUY,AMR,0.5735665152843067
AUDJPY_AMR,2025-03-28 01:30:00+00:00,0.5825034800300032,4,4,4,0,3,1,1.0,4,True,BUY,AMR,0.3965641134827274
GBPJPY_AMR,2025-03-28 01:30:00+00:00,0.7409594095940549,4,4,4,0,3,1,1.0,4,True,BUY,AMR,0.4846875083003533
EURJPY_AMR,2025-03-28 01:30:00+00:00,0.5984251968502595,4,4,4,0,3,1,1.0,4,True,BUY,AMR,0.4155102582829825
GBPUSD_MONDAY,2025-03-31 00:00:00+00:00,-0.2246505097368887,0,0,0,0,0,0,0.0,0,False,BUY,MONDAY,0.5065343788339468
AUDJPY_AMR,2025-03-31 00:15:00+00:00,-1.0606403013182784,2,1,2,0,1,0,0.5,4,True,BUY,AMR,0.7228668760312983
EURJPY_AMR,2025-03-31 00:15:00+00:00,-1.043401043401068,2,1,2,0,1,0,0.5,4,True,BUY,AMR,0.8208087112409534
CADJPY_AMR,2025-03-31 03:00:00+00:00,0.6104351412662274,1,0,1,0,0,0,1.0,2,True,BUY,AMR,0.9141901043741536
AUDJPY_AMR,2025-04-01 03:00:00+00:00,-1.092586023412529,0,0,0,0,0,0,0.0,0,True,BUY,AMR,0.6812290413583861
CADJPY_AMR,2025-04-01 03:45:00+00:00,0.5591748099891513,1,1,1,0,1,0,1.0,2,True,BUY,AMR,0.7518258837277242
EURJPY_AMR,2025-04-01 04:00:00+00:00,0.5909827471165064,1,1,1,0,1,0,1.0,2,True,BUY,AMR,0.6997144943894827
AUDJPY_AMR,2025-04-02 01:00:00+00:00,-1.0476190476190252,1,1,0,1,1,0,1.0,2,True,SELL,AMR,0.8474610102730612
EURJPY_AMR,2025-04-02 01:00:00+00:00,0.6281430875794506,1,1,0,1,1,0,1.0,2,True,SELL,AMR,0.7977159551158621
GBPJPY_AMR,2025-04-03 00:00:00+00:00,-1.0136054421768814,2,2,2,0,2,0,1.0,3,True,BUY,AMR,0.994382320911578
EURJPY_AMR,2025-04-03 00:00:00+00:00,0.6571230830874619,2,2,2,0,2,0,1.0,3,True,BUY,AMR,0.9982072903525664
AUDJPY_AMR,2025-04-03 00:00:00+00:00,-1.017566688353932,2,2,2,0,2,0,1.0,3,True,BUY,AMR,0.9969260658966308
CADJPY_AMR,2025-04-03 01:00:00+00:00,-1.0147505744570455,3,3,3,0,3,0,1.0,4,True,BUY,AMR,0.9975566355934454
EURJPY_AMR,2025-04-04 03:00:00+00:00,0.6278801843317701,1,1,1,0,1,0,1.0,2,True,SELL,AMR,0.926963681030476
CADJPY_ARB,2025-04-04 07:00:00+00:00,-0.1346351490236383,2,2,1,1,2,0,1.0,3,True,SELL,ARB,0.9752092552113878
EURJPY_AMR,2025-04-07 00:00:00+00:00,0.6612588561453848,4,3,4,0,3,0,0.75,5,True,BUY,AMR,0.999216519487418
AUDJPY_AMR,2025-04-07 00:00:00+00:00,0.6558244083035867,4,3,4,0,3,0,0.75,5,True,BUY,AMR,0.9989487411507958
CADJPY_AMR,2025-04-07 00:00:00+00:00,0.6549204984959179,4,3,4,0,3,0,0.75,5,True,BUY,AMR,0.9987783177967228
GBPJPY_AMR,2025-04-07 00:00:00+00:00,0.7937603478885307,4,3,4,0,3,0,0.75,6,True,BUY,AMR,0.998977396477994
GBPUSD_MONDAY,2025-04-07 00:00:00+00:00,0.7894651975275425,4,4,4,0,4,0,1.0,5,False,BUY,MONDAY,0.998506427695098
CADJPY_ARB,2025-04-08 07:00:00+00:00,-1.0216450216450144,0,0,0,0,0,0,0.0,0,True,BUY,ARB,0.9837927173855094
EURJPY_AMR,2025-04-09 02:00:00+00:00,0.6091514378807321,0,0,0,0,0,0,0.0,0,True,BUY,AMR,0.947745833609986
AUDJPY_AMR,2025-04-09 02:15:00+00:00,0.6396862426885658,2,2,2,0,2,0,1.0,3,True,BUY,AMR,0.9848964709639644
CADJPY_AMR,2025-04-09 02:15:00+00:00,0.630618661706741,2,2,2,0,2,0,1.0,3,True,BUY,AMR,0.9711178392159988
AUDJPY_AMR,2025-04-10 03:15:00+00:00,0.6361294657856442,1,1,1,0,1,0,1.0,2,True,BUY,AMR,0.9932133922393144
CADJPY_AMR,2025-04-10 03:15:00+00:00,-1.027704252690982,1,1,1,0,1,0,1.0,2,True,BUY,AMR,0.9897219345072106
AUDJPY_AMR,2025-04-11 02:00:00+00:00,-1.0329697881409157,0,0,0,0,0,0,0.0,0,True,BUY,AMR,0.9846436365571938
CADJPY_AMR,2025-04-11 03:00:00+00:00,0.637637744730935,2,2,2,0,2,0,1.0,3,True,BUY,AMR,0.976150638727326
EURJPY_AMR,2025-04-11 03:00:00+00:00,0.626806633196444,2,2,2,0,2,0,1.0,3,True,BUY,AMR,0.98604342341146
CADJPY_ARB,2025-04-11 07:00:00+00:00,-1.019323671497588,1,1,1,0,1,0,1.0,2,True,SELL,ARB,0.9822999413552274
GBPUSD_MONDAY,2025-04-14 00:00:00+00:00,0.5912821603231969,0,0,0,0,0,0,0.0,0,False,BUY,MONDAY,0.9972262228623248
EURJPY_AMR,2025-04-14 01:00:00+00:00,0.622266511653708,1,0,1,0,0,0,1.0,2,True,SELL,AMR,0.9685943828431048
AUDJPY_AMR,2025-04-14 03:45:00+00:00,0.638040304778172,3,2,3,0,2,0,0.667,4,True,BUY,AMR,0.9826874966732316
GBPJPY_AMR,2025-04-14 03:45:00+00:00,0.7785914721784719,3,2,3,0,2,0,0.667,5,True,BUY,AMR,0.9676485431219952
CADJPY_AMR,2025-04-14 03:45:00+00:00,0.6400211577242277,3,2,3,0,2,0,0.667,4,True,BUY,AMR,0.971715401163254
AUDJPY_AMR,2025-04-15 03:00:00+00:00,-1.0603697928268891,0,0,0,0,0,0,0.0,0,True,SELL,AMR,0.8540347048490978
CADJPY_AMR,2025-04-15 03:15:00+00:00,0.5878264323304987,1,1,0,1,1,0,1.0,2,True,SELL,AMR,0.8971529493001885
AUDJPY_AMR,2025-04-16 00:30:00+00:00,-1.0870770937327725,0,0,0,0,0,0,0.0,0,True,BUY,AMR,0.7953505083302284
CADJPY_AMR,2025-04-16 01:00:00+00:00,0.5078597339783055,1,1,1,0,1,0,1.0,2,True,BUY,AMR,0.7839215998725201
EURJPY_AMR,2025-04-16 04:00:00+00:00,0.591838657996413,0,0,0,0,0,0,0.0,0,True,SELL,AMR,0.6683885532169178
CADJPY_ARB,2025-04-16 08:00:00+00:00,-1.036900369003687,0,0,0,0,0,0,0.0,0,True,SELL,ARB,0.8154289065415579
CADJPY_AMR,2025-04-17 03:00:00+00:00,-1.050414963458463,1,1,0,1,1,0,1.0,2,True,SELL,AMR,0.9532440974158766
AUDJPY_AMR,2025-04-17 03:00:00+00:00,0.6053550640279532,1,1,0,1,1,0,1.0,2,True,SELL,AMR,0.926851013999042
EURJPY_AMR,2025-04-17 03:30:00+00:00,-1.0452517527086826,2,2,0,2,2,0,1.0,3,True,SELL,AMR,0.8950932872983202
CADJPY_AMR,2025-04-18 03:00:00+00:00,0.5609661082975724,0,0,0,0,0,0,0.0,0,True,BUY,AMR,0.8646190210607388
GBPJPY_AMR,2025-04-18 03:45:00+00:00,0.7407407407407907,0,0,0,0,0,0,0.0,0,True,SELL,AMR,0.8950569736247975
EURJPY_AMR,2025-04-21 00:00:00+00:00,0.6343180290267832,4,3,4,0,3,0,0.75,5,True,BUY,AMR,0.3805856184848283
GBPJPY_AMR,2025-04-21 00:00:00+00:00,0.7770773638968398,4,3,4,0,3,0,0.75,6,True,BUY,AMR,0.6169486573348562
AUDJPY_AMR,2025-04-21 00:00:00+00:00,0.629645016848995,4,3,4,0,3,0,0.75,5,True,BUY,AMR,0.2257278969500186
GBPUSD_MONDAY,2025-04-21 00:00:00+00:00,0.7923985027353876,4,4,4,0,4,0,1.0,5,False,BUY,MONDAY,0.1622659625540086
CADJPY_AMR,2025-04-21 00:00:00+00:00,0.6318870523416095,4,3,4,0,3,0,0.75,5,True,BUY,AMR,0.5302100762223462
AUDJPY_AMR,2025-04-22 02:45:00+00:00,0.5616224648986287,0,0,0,0,0,0,0.0,0,True,SELL,AMR,0.604207696811625
EURJPY_AMR,2025-04-22 03:00:00+00:00,0.569514237855981,3,3,0,3,3,0,1.0,4,True,SELL,AMR,0.545568023371622
GBPJPY_AMR,2025-04-22 03:00:00+00:00,0.7551283890402725,3,3,0,3,3,0,1.0,4,True,SELL,AMR,0.5708916571489283
CADJPY_AMR,2025-04-22 03:00:00+00:00,0.6187952981302071,3,3,0,3,3,0,1.0,4,True,SELL,AMR,0.7436459246275198
CADJPY_ARB,2025-04-22 08:00:00+00:00,-1.0310077519379908,0,0,0,0,0,0,0.0,0,True,SELL,ARB,0.6939809137921843
EURJPY_AMR,2025-04-23 00:15:00+00:00,0.6016260162601259,1,1,0,1,1,0,1.0,2,True,SELL,AMR,0.6979616227342142
CADJPY_AMR,2025-04-23 00:15:00+00:00,-1.0453514739229135,1,1,0,1,1,0,1.0,2,True,SELL,AMR,0.932342708416328
AUDJPY_AMR,2025-04-23 00:30:00+00:00,-1.0227865715776665,2,2,0,2,2,0,1.0,3,True,SELL,AMR,0.9511231170490232
GBPJPY_AMR,2025-04-23 00:30:00+00:00,0.7745683395190934,2,2,0,2,2,0,1.0,3,True,SELL,AMR,0.8957874047119445
EURJPY_AMR,2025-04-24 00:30:00+00:00,0.6333333333332793,1,1,0,1,1,0,1.0,2,True,BUY,AMR,0.839333377597769
EURJPY_AMR,2025-04-25 01:00:00+00:00,0.5907412666855886,2,2,0,2,2,0,1.0,3,True,SELL,AMR,0.5205896022840449
CADJPY_AMR,2025-04-25 01:00:00+00:00,-1.0945977824959732,2,2,0,2,2,0,1.0,3,True,SELL,AMR,0.5933922927787958
EURJPY_AMR,2025-04-28 00:00:00+00:00,0.6250646797061388,2,1,2,0,1,0,0.5,4,True,BUY,AMR,0.7169909036584556
AUDJPY_AMR,2025-04-28 00:00:00+00:00,0.6103793277189988,2,1,2,0,1,0,0.5,4,True,BUY,AMR,0.8070873476340023
GBPUSD_MONDAY,2025-04-28 00:00:00+00:00,0.6792628878003273,2,2,2,0,2,0,1.0,3,False,BUY,MONDAY,0.7188883554702086
EURJPY_AMR,2025-04-30 00:00:00+00:00,0.5745956339779897,0,0,0,0,0,0,0.0,0,True,BUY,AMR,0.581249585020915
CADJPY_AMR,2025-04-30 01:00:00+00:00,-1.1115651818553576,0,0,0,0,0,0,0.0,0,True,SELL,AMR,0.7758877114705336
CADJPY_ARB,2025-04-30 07:00:00+00:00,1.92857142857141,1,1,0,1,1,0,1.0,2,True,BUY,ARB,0.5909260542730714
EURJPY_AMR,2025-05-01 04:00:00+00:00,0.4896174863386955,1,1,1,0,0,1,1.0,2,True,BUY,AMR,0.5007370028550561
CADJPY_ARB,2025-05-01 07:00:00+00:00,0.7546419098143187,0,0,0,0,0,0,0.0,0,True,BUY,ARB,0.7227701658047663
EURJPY_AMR,2025-05-02 00:45:00+00:00,0.6164425615521225,1,1,1,0,0,1,1.0,2,True,BUY,AMR,0.5647964942566894
CADJPY_AMR,2025-05-02 03:15:00+00:00,0.6263714342708773,3,3,1,2,2,1,1.0,4,True,SELL,AMR,0.8009853132552519
AUDJPY_AMR,2025-05-02 03:15:00+00:00,0.0287384474706899,3,3,1,2,2,1,1.0,3,True,SELL,AMR,0.8456911694256667
GBPJPY_AMR,2025-05-02 03:15:00+00:00,0.7716411378555906,3,3,1,2,2,1,1.0,3,True,SELL,AMR,0.7691040930702011
GBPUSD_MONDAY,2025-05-05 00:00:00+00:00,0.0958582964313626,2,2,2,0,2,0,1.0,3,False,BUY,MONDAY,0.8814743692324105
EURJPY_AMR,2025-05-05 00:00:00+00:00,0.6184931928786712,2,1,2,0,1,0,1.0,3,True,BUY,AMR,0.6850408339419694
GBPJPY_AMR,2025-05-05 00:00:00+00:00,-1.0301748990966912,2,1,2,0,1,0,0.5,4,True,BUY,AMR,0.8408058646976015
CADJPY_AMR,2025-05-05 02:30:00+00:00,-1.0540725530459318,2,1,2,0,1,0,1.0,3,True,BUY,AMR,0.7926991209199798
AUDJPY_AMR,2025-05-05 02:45:00+00:00,0.595804688877149,3,2,3,0,2,0,0.667,4,True,BUY,AMR,0.7519694469580028
AUDJPY_AMR,2025-05-06 00:00:00+00:00,-1.0515569167942735,0,0,0,0,0,0,0.0,0,True,BUY,AMR,0.4847767072975994
EURJPY_AMR,2025-05-06 03:00:00+00:00,0.5931656995485992,1,1,1,0,1,0,1.0,2,True,BUY,AMR,0.3722196401301374
AUDJPY_AMR,2025-05-07 01:00:00+00:00,0.6378293912919897,3,3,0,3,3,0,1.0,4,True,SELL,AMR,0.8983871826262841
CADJPY_AMR,2025-05-07 01:00:00+00:00,-1.0331432349780931,3,3,0,3,3,0,1.0,4,True,SELL,AMR,0.8809523809523809
GBPJPY_AMR,2025-05-07 01:00:00+00:00,-1.034399912635125,3,3,0,3,3,0,1.0,4,True,SELL,AMR,0.8677654120959388
EURJPY_AMR,2025-05-07 01:00:00+00:00,-1.0673443456162175,3,3,0,3,3,0,1.0,4,True,SELL,AMR,0.6997410530509263
AUDJPY_AMR,2025-05-08 03:45:00+00:00,-1.0582010582010477,1,1,0,1,1,0,1.0,2,True,SELL,AMR,0.8571352531005483
EURJPY_AMR,2025-05-09 03:45:00+00:00,-1.0726336352334906,3,3,3,0,3,0,1.0,4,True,BUY,AMR,0.7036717349445588
GBPJPY_AMR,2025-05-09 03:45:00+00:00,-1.058997050147519,3,3,3,0,3,0,1.0,4,True,BUY,AMR,0.7403915110627108
AUDJPY_AMR,2025-05-09 03:45:00+00:00,0.6009480196031335,3,3,3,0,3,0,1.0,4,True,BUY,AMR,0.6779954223665301
CADJPY_AMR,2025-05-09 03:45:00+00:00,-1.091033071940038,3,3,3,0,3,0,1.0,4,True,BUY,AMR,0.826667197832842
GBPJPY_AMR,2025-05-12 00:00:00+00:00,-1.0460321942954312,4,3,1,3,3,0,0.75,6,True,SELL,AMR,0.5302929692687721
GBPUSD_MONDAY,2025-05-12 00:00:00+00:00,-1.0095693779904331,4,4,0,4,4,0,1.0,5,False,BUY,MONDAY,0.8481357017122739
CADJPY_AMR,2025-05-12 00:00:00+00:00,-1.018001241464919,4,3,1,3,3,0,0.75,5,True,SELL,AMR,0.9177754760576846
EURJPY_AMR,2025-05-12 00:00:00+00:00,-1.0893540400630244,4,3,1,3,3,0,0.75,5,True,SELL,AMR,0.4238762366376735
AUDJPY_AMR,2025-05-12 00:00:00+00:00,-1.026873643799025,4,3,1,3,3,0,0.75,5,True,SELL,AMR,0.8372677915579922
GBPJPY_AMR,2025-05-13 00:45:00+00:00,0.7339144873391994,0,0,0,0,0,0,0.0,0,True,BUY,AMR,0.6026587691572153
AUDJPY_AMR,2025-05-13 02:15:00+00:00,0.5434782608695027,0,0,0,0,0,0,0.0,0,True,SELL,AMR,0.5383110661627721
EURJPY_AMR,2025-05-13 03:00:00+00:00,-1.1130039750141634,1,1,1,0,1,0,1.0,2,True,BUY,AMR,0.4204900073036319
CADJPY_AMR,2025-05-13 03:00:00+00:00,-1.0830769230769608,1,1,1,0,1,0,1.0,2,True,BUY,AMR,0.6331235226940748
AUDJPY_AMR,2025-05-14 00:00:00+00:00,0.5859923740718438,1,1,1,0,1,0,1.0,2,True,BUY,AMR,0.691728322776388
EURJPY_AMR,2025-05-14 00:00:00+00:00,0.4499314128942798,1,1,1,0,1,0,1.0,2,True,BUY,AMR,0.3495916605803068
CADJPY_AMR,2025-05-14 03:00:00+00:00,0.5557825909276143,1,1,0,1,1,0,1.0,2,True,SELL,AMR,0.446245983055799
GBPJPY_AMR,2025-05-14 03:00:00+00:00,0.7157100511990038,1,1,0,1,1,0,1.0,2,True,SELL,AMR,0.3018539669048314
CADJPY_ARB,2025-05-14 07:00:00+00:00,1.7990867579908576,0,0,0,0,0,0,0.0,0,True,SELL,ARB,0.6322439622540919
AUDJPY_AMR,2025-05-15 00:00:00+00:00,0.5529953917050163,0,0,0,0,0,0,0.0,0,True,BUY,AMR,0.675307393410337
CADJPY_AMR,2025-05-15 02:00:00+00:00,0.5740287014350891,1,1,1,0,1,0,1.0,2,True,BUY,AMR,0.6242264892571641
GBPJPY_AMR,2025-05-15 03:45:00+00:00,-1.0432482475863716,1,1,1,0,1,0,1.0,2,True,BUY,AMR,0.7426093654545938
EURJPY_AMR,2025-05-15 03:45:00+00:00,-1.049044663502504,1,1,1,0,1,0,1.0,2,True,BUY,AMR,0.5541464710178607
CADJPY_ARB,2025-05-15 08:00:00+00:00,0.2007575757575735,2,2,2,0,2,0,1.0,3,True,SELL,ARB,0.7225569120861545
AUDJPY_AMR,2025-05-16 03:00:00+00:00,-1.1083676268861682,4,4,3,1,3,1,1.0,4,True,BUY,AMR,0.4963804758609677
GBPJPY_AMR,2025-05-16 03:00:00+00:00,-1.0655967903711592,4,4,3,1,3,1,1.0,4,True,BUY,AMR,0.5114611277855986
EURJPY_AMR,2025-05-16 03:00:00+00:00,-1.0883468834690198,4,4,3,1,3,1,1.0,4,True,BUY,AMR,0.425974370891707
CADJPY_AMR,2025-05-16 03:00:00+00:00,-1.094456340708987,4,4,3,1,3,1,1.0,5,True,BUY,AMR,0.7057870554803071
EURJPY_AMR,2025-05-19 00:00:00+00:00,0.6201006201006347,4,3,4,0,3,0,0.75,5,True,BUY,AMR,0.319593652479915
CADJPY_AMR,2025-05-19 00:00:00+00:00,-1.0363644701243118,4,3,4,0,3,0,0.75,5,True,BUY,AMR,0.6955488274506679
GBPUSD_MONDAY,2025-05-19 00:00:00+00:00,0.7912456344586729,4,4,4,0,4,0,1.0,5,False,BUY,MONDAY,0.5196031365018403
GBPJPY_AMR,2025-05-19 00:00:00+00:00,0.7801710682399979,4,3,4,0,3,0,0.75,6,True,BUY,AMR,0.658038726128184
AUDJPY_AMR,2025-05-19 00:00:00+00:00,0.6361056028617118,4,3,4,0,3,0,0.75,5,True,BUY,AMR,0.5235269069037101
EURJPY_AMR,2025-05-20 03:00:00+00:00,0.5989786202718441,3,3,1,2,3,0,1.0,4,True,SELL,AMR,0.2672996480977359
AUDJPY_AMR,2025-05-20 03:00:00+00:00,0.5719132436690093,3,3,1,2,3,0,1.0,4,True,SELL,AMR,0.1073614733592377
GBPJPY_AMR,2025-05-20 03:00:00+00:00,0.7541222822121876,3,3,1,2,3,0,1.0,4,True,SELL,AMR,0.2849876490743446
CADJPY_ARB,2025-05-20 08:00:00+00:00,-0.5592105263157857,1,1,1,0,1,0,1.0,2,True,SELL,ARB,0.6907287945833556
GBPJPY_AMR,2025-05-21 01:00:00+00:00,0.7506053268765193,4,4,3,1,3,1,1.0,4,True,BUY,AMR,0.5154187362214135
AUDJPY_AMR,2025-05-21 01:00:00+00:00,0.5929179247872399,4,4,3,1,3,1,1.0,4,True,BUY,AMR,0.5867222015223292
EURJPY_AMR,2025-05-21 01:00:00+00:00,0.6170355466130901,4,4,3,1,3,1,1.0,4,True,BUY,AMR,0.4095345594582033
CADJPY_AMR,2025-05-21 01:00:00+00:00,0.584395399440434,4,4,3,1,3,1,1.0,5,True,BUY,AMR,0.6128595331049319
GBPJPY_AMR,2025-05-22 01:00:00+00:00,0.7656994369856901,4,4,0,4,3,1,1.0,4,True,SELL,AMR,0.6956492868336477
AUDJPY_AMR,2025-05-22 01:00:00+00:00,0.6127450980391853,4,4,0,4,3,1,1.0,4,True,SELL,AMR,0.8285383509873849
EURJPY_AMR,2025-05-22 01:00:00+00:00,0.6340882002384229,4,4,0,4,3,1,1.0,4,True,SELL,AMR,0.7544386162937388
CADJPY_AMR,2025-05-22 01:00:00+00:00,0.6151840990550521,4,4,0,4,3,1,1.0,5,True,SELL,AMR,0.8447401269487159
EURJPY_AMR,2025-05-23 03:45:00+00:00,0.5665149215985106,1,1,0,1,0,1,1.0,2,True,SELL,AMR,0.5176283115330987
GBPUSD_MONDAY,2025-05-26 00:00:00+00:00,0.2732433334923442,3,3,3,0,3,0,1.0,4,False,BUY,MONDAY,0.799807969275084
AUDJPY_AMR,2025-05-26 00:00:00+00:00,0.5983120247346906,3,2,3,0,2,0,0.667,4,True,BUY,AMR,0.5955048703890988
CADJPY_AMR,2025-05-26 00:00:00+00:00,0.5773383339015475,3,2,3,0,2,0,0.667,4,True,BUY,AMR,0.6424056516081056
GBPJPY_AMR,2025-05-26 00:00:00+00:00,0.7331536388140886,3,2,3,0,2,0,0.667,5,True,BUY,AMR,0.6174134771175861
EURJPY_AMR,2025-05-26 01:00:00+00:00,-1.0247923753486636,1,0,1,0,0,0,1.0,2,True,SELL,AMR,0.8315649691255561
GBPJPY_AMR,2025-05-27 00:15:00+00:00,0.6594360086767713,1,1,0,1,1,0,1.0,2,True,BUY,AMR,0.0084862811761268
CADJPY_AMR,2025-05-27 00:30:00+00:00,0.4523424878836212,2,2,1,1,2,0,1.0,3,True,BUY,AMR,0.1666932249754335
AUDJPY_AMR,2025-05-27 01:30:00+00:00,-1.1780104712043045,1,1,0,1,1,0,1.0,2,True,BUY,AMR,0.0971150263480066
CADJPY_ARB,2025-05-27 08:00:00+00:00,1.4155495978552102,1,1,0,1,1,0,1.0,2,True,BUY,ARB,0.4869648664498587
AUDJPY_AMR,2025-05-28 00:45:00+00:00,0.456112437019377,1,1,1,0,0,1,1.0,2,True,BUY,AMR,0.2975594826209613
GBPJPY_AMR,2025-05-28 03:00:00+00:00,0.7255460588793942,3,3,3,0,2,1,1.0,3,True,BUY,AMR,0.1658078567823846
EURJPY_AMR,2025-05-28 03:00:00+00:00,0.5839109430792518,3,3,3,0,2,1,1.0,3,True,BUY,AMR,0.1194077418498107
CADJPY_AMR,2025-05-28 03:00:00+00:00,0.5810008481764092,3,3,3,0,2,1,1.0,4,True,BUY,AMR,0.3390832071813667
AUDJPY_AMR,2025-05-29 00:00:00+00:00,0.5693950177936399,1,1,1,0,0,1,1.0,2,True,BUY,AMR,0.5315244584020865
CADJPY_AMR,2025-05-29 02:00:00+00:00,-1.0447512893029405,2,2,0,2,2,0,1.0,3,True,SELL,AMR,0.6177329827636576
EURJPY_AMR,2025-05-29 02:00:00+00:00,0.6267975800852622,2,2,0,2,2,0,1.0,3,True,SELL,AMR,0.3771728304893433
GBPJPY_AMR,2025-05-29 02:00:00+00:00,-1.0356506238859706,2,2,0,2,2,0,1.0,3,True,SELL,AMR,0.4440888204201971
AUDJPY_AMR,2025-05-30 00:30:00+00:00,0.5341446923597541,0,0,0,0,0,0,0.0,0,True,BUY,AMR,0.4306302230265609
EURJPY_AMR,2025-05-30 01:15:00+00:00,0.5849358974358619,1,1,1,0,1,0,1.0,2,True,BUY,AMR,0.3235774516964345
CADJPY_AMR,2025-05-30 01:15:00+00:00,-1.126669885723345,1,1,1,0,1,0,1.0,2,True,BUY,AMR,0.5349640134916208
GBPJPY_AMR,2025-05-30 02:30:00+00:00,-1.0572934973638706,1,1,1,0,1,0,1.0,2,True,BUY,AMR,0.4393875003320141
EURJPY_AMR,2025-06-02 00:00:00+00:00,0.605235285217182,1,0,1,0,0,0,1.0,2,True,BUY,AMR,0.5517163534957839
GBPUSD_MONDAY,2025-06-02 00:00:00+00:00,0.7903828669562607,1,1,1,0,1,0,1.0,2,False,BUY,MONDAY,0.7810849735957753
CADJPY_ARB,2025-06-02 08:00:00+00:00,-1.0512820512820498,1,0,1,0,0,0,1.0,2,True,SELL,ARB,0.6748413925467825
AUDJPY_AMR,2025-06-03 00:00:00+00:00,0.5630097342804543,3,3,2,1,2,1,1.0,3,True,BUY,AMR,0.3846276680683451
GBPJPY_AMR,2025-06-03 00:00:00+00:00,0.719191919191892,3,3,2,1,2,1,1.0,3,True,BUY,AMR,0.1752503386544131
CADJPY_AMR,2025-06-03 00:00:00+00:00,0.5811965811966121,3,3,2,1,2,1,1.0,4,True,BUY,AMR,0.4809842509229012
EURJPY_AMR,2025-06-03 04:15:00+00:00,0.6217616580310935,1,1,0,1,0,1,1.0,2,True,SELL,AMR,0.3911294070778833
EURJPY_AMR,2025-06-04 03:45:00+00:00,0.5730791450027775,0,0,0,0,0,0,0.0,0,True,SELL,AMR,0.4491733616625722
AUDJPY_AMR,2025-06-05 00:00:00+00:00,0.6121199755151855,3,3,3,0,3,0,1.0,4,True,BUY,AMR,0.4197583435354234
CADJPY_AMR,2025-06-05 00:00:00+00:00,0.5802835476425843,3,3,3,0,3,0,1.0,4,True,BUY,AMR,0.5399835338485646
GBPJPY_AMR,2025-06-05 00:00:00+00:00,0.725959367945944,3,3,3,0,3,0,1.0,4,True,BUY,AMR,0.3015883556004143
EURJPY_AMR,2025-06-05 00:00:00+00:00,0.5914425653822066,3,3,3,0,3,0,1.0,4,True,BUY,AMR,0.3698824779231127
CADJPY_ARB,2025-06-05 07:00:00+00:00,1.726708074534147,0,0,0,0,0,0,0.0,0,True,BUY,ARB,0.6115583515487552
EURJPY_AMR,2025-06-06 00:00:00+00:00,0.5983341832398398,2,2,2,0,2,0,1.0,3,True,BUY,AMR,0.781940110218445
AUDJPY_AMR,2025-06-06 00:00:00+00:00,0.6154641841220849,2,2,2,0,2,0,1.0,3,True,BUY,AMR,0.8292835471336563
CADJPY_AMR,2025-06-06 00:00:00+00:00,0.6146572104018955,2,2,2,0,2,0,1.0,3,True,BUY,AMR,0.8959312670969113
CADJPY_ARB,2025-06-06 07:00:00+00:00,0.8540268456375787,0,0,0,0,0,0,0.0,0,True,BUY,ARB,0.6915818094578025
EURJPY_AMR,2025-06-09 00:00:00+00:00,0.5833333333333458,2,1,2,0,1,0,1.0,3,True,BUY,AMR,0.2940840581634685
GBPJPY_AMR,2025-06-09 00:00:00+00:00,0.7201800450113509,2,1,2,0,1,0,0.5,4,True,BUY,AMR,0.2781879996812664
GBPUSD_MONDAY,2025-06-09 00:00:00+00:00,0.2471983462082473,2,2,2,0,2,0,1.0,3,False,BUY,MONDAY,0.5176828292526804
CADJPY_AMR,2025-06-09 03:45:00+00:00,0.5913528591352518,2,1,1,1,1,0,0.5,4,True,SELL,AMR,0.3828911374923645
AUDJPY_AMR,2025-06-09 03:45:00+00:00,0.5859491778774442,2,1,1,1,1,0,0.5,4,True,SELL,AMR,0.2209506573694576
CADJPY_AMR,2025-06-10 00:00:00+00:00,0.5785401950891772,1,1,1,0,1,0,1.0,2,True,BUY,AMR,0.4356226595490399
AUDJPY_AMR,2025-06-10 00:00:00+00:00,0.582647245091838,1,1,1,0,1,0,1.0,2,True,BUY,AMR,0.2351359982966945
EURJPY_AMR,2025-06-10 05:00:00+00:00,0.6085514456702384,0,0,0,0,0,0,0.0,0,True,SELL,AMR,0.3191687138968196
EURJPY_AMR,2025-06-11 00:00:00+00:00,0.5495920996136333,1,1,1,0,1,0,1.0,2,True,BUY,AMR,0.2441272159883142
AUDJPY_AMR,2025-06-11 00:00:00+00:00,0.540955893652965,1,1,1,0,1,0,1.0,2,True,BUY,AMR,0.3349922818970565
CADJPY_AMR,2025-06-11 01:30:00+00:00,-1.1390635918938052,0,0,0,0,0,0,0.0,0,True,SELL,AMR,0.3915358669959897
AUDJPY_AMR,2025-06-12 02:00:00+00:00,-1.1201937632455063,1,1,1,0,1,0,1.0,2,True,BUY,AMR,0.5759168574013945
CADJPY_AMR,2025-06-12 02:00:00+00:00,-1.0813058847992905,1,1,1,0,1,0,1.0,2,True,BUY,AMR,0.6289804265264388
EURJPY_AMR,2025-06-12 04:00:00+00:00,-1.0935116742932174,1,1,1,0,1,0,1.0,2,True,BUY,AMR,0.534094681628046
AUDJPY_AMR,2025-06-13 00:00:00+00:00,0.4648862512363558,1,1,1,0,1,0,1.0,2,True,BUY,AMR,0.4164182679512428
CADJPY_AMR,2025-06-13 00:00:00+00:00,-1.1351805205709733,1,1,1,0,1,0,1.0,2,True,BUY,AMR,0.604931877938013
EURJPY_AMR,2025-06-13 02:45:00+00:00,-1.125461254612366,1,1,1,0,1,0,1.0,2,True,BUY,AMR,0.4122037049332713
GBPJPY_AMR,2025-06-13 02:45:00+00:00,-1.0607565915170427,1,1,1,0,1,0,1.0,2,True,BUY,AMR,0.4672501261653696
EURJPY_AMR,2025-06-16 00:00:00+00:00,0.6274275470570698,1,0,1,0,0,0,1.0,2,True,BUY,AMR,0.8254166390013943
GBPUSD_MONDAY,2025-06-16 00:00:00+00:00,0.4946578767901806,1,1,1,0,1,0,1.0,2,False,BUY,MONDAY,0.9305488878220516
CADJPY_AMR,2025-06-16 01:00:00+00:00,0.6339144215530879,1,0,1,0,0,0,1.0,2,True,SELL,AMR,0.9072583857859932
AUDJPY_AMR,2025-06-16 01:15:00+00:00,0.6233421750663266,2,1,1,1,1,0,0.5,4,True,SELL,AMR,0.9104433917070316
AUDJPY_AMR,2025-06-17 00:00:00+00:00,0.565476190476193,1,1,0,1,1,0,1.0,2,True,BUY,AMR,0.5595225421834247
EURJPY_AMR,2025-06-17 01:45:00+00:00,0.5927572473835623,1,1,0,1,1,0,1.0,2,True,BUY,AMR,0.3702542991833211
GBPJPY_AMR,2025-06-17 03:45:00+00:00,0.753691671588928,1,1,0,1,1,0,1.0,2,True,SELL,AMR,0.6469096124731069
AUDJPY_AMR,2025-06-18 02:45:00+00:00,0.5877167205406763,1,1,0,1,1,0,1.0,2,True,SELL,AMR,0.4568318518124235
EURJPY_AMR,2025-06-18 03:00:00+00:00,0.5785753126699834,2,2,0,2,2,0,1.0,3,True,SELL,AMR,0.5535356218046611
EURJPY_AMR,2025-06-19 02:45:00+00:00,-1.0902896081771922,0,0,0,0,0,0,0.0,0,True,BUY,AMR,0.3954850275546112
GBPJPY_AMR,2025-06-19 03:00:00+00:00,0.7411033703633442,3,3,3,0,3,0,1.0,4,True,BUY,AMR,0.5079019363064092
CADJPY_AMR,2025-06-19 03:00:00+00:00,0.560529388867322,3,3,3,0,3,0,1.0,4,True,BUY,AMR,0.565200648022734
AUDJPY_AMR,2025-06-19 03:00:00+00:00,-1.1039043622027056,3,3,3,0,3,0,1.0,4,True,BUY,AMR,0.5444988555916325
CADJPY_AMR,2025-06-20 00:15:00+00:00,0.5241428827857832,0,0,0,0,0,0,0.0,0,True,BUY,AMR,0.6091679281863331
EURJPY_AMR,2025-06-20 01:00:00+00:00,-1.0716238381629926,1,1,0,1,1,0,1.0,2,True,SELL,AMR,0.497377332182458
AUDJPY_AMR,2025-06-20 01:00:00+00:00,0.5824628046850284,1,1,0,1,1,0,1.0,2,True,SELL,AMR,0.5941741629850429
GBPUSD_MONDAY,2025-06-23 00:00:00+00:00,0.7894647600746055,2,2,1,1,2,0,1.0,3,False,BUY,MONDAY,0.8573638448818478
CADJPY_AMR,2025-06-23 00:00:00+00:00,-1.0618630007110847,2,1,2,0,1,0,0.5,4,True,SELL,AMR,0.6791357926327252
EURJPY_AMR,2025-06-23 00:00:00+00:00,0.5811857036801303,2,1,1,1,1,0,0.5,4,True,BUY,AMR,0.4213398844698227
AUDJPY_AMR,2025-06-23 00:45:00+00:00,0.5694648993617929,3,2,2,1,2,0,0.667,5,True,BUY,AMR,0.6094906052057274
CADJPY_ARB,2025-06-23 07:00:00+00:00,-1.0397614314115304,2,1,1,1,1,0,0.5,4,True,BUY,ARB,0.5892200245241777
CADJPY_AMR,2025-06-24 01:00:00+00:00,-1.124648547329072,0,0,0,0,0,0,0.0,0,True,BUY,AMR,0.6794677714923114
AUDJPY_AMR,2025-06-24 01:15:00+00:00,0.5503546099291126,1,1,1,0,1,0,1.0,2,True,SELL,AMR,0.6633443338478735
EURJPY_AMR,2025-06-24 02:00:00+00:00,0.5456702253854887,2,2,1,1,2,0,1.0,3,True,SELL,AMR,0.7206692782683752
GBPJPY_AMR,2025-06-24 03:30:00+00:00,-1.0630702102340996,1,1,0,1,1,0,1.0,2,True,BUY,AMR,0.679314191611995
EURJPY_AMR,2025-06-25 00:15:00+00:00,0.5476190476189342,0,0,0,0,0,0,0.0,0,True,BUY,AMR,0.4892238231193148
AUDJPY_AMR,2025-06-25 03:30:00+00:00,0.5730659025787904,1,1,0,1,1,0,1.0,2,True,SELL,AMR,0.3644408367488156
CADJPY_AMR,2025-06-25 03:30:00+00:00,0.5433255269320576,1,1,0,1,1,0,1.0,2,True,SELL,AMR,0.4622340849334714
GBPJPY_AMR,2025-06-26 00:00:00+00:00,0.7334963325183691,1,1,1,0,1,0,1.0,2,True,BUY,AMR,0.2939387500332014
AUDJPY_AMR,2025-06-26 00:00:00+00:00,0.5287239450940713,1,1,1,0,1,0,1.0,2,True,BUY,AMR,0.3068877415233938
CADJPY_AMR,2025-06-26 03:15:00+00:00,-1.0928961748634167,0,0,0,0,0,0,0.0,0,True,BUY,AMR,0.3621358191910339
EURJPY_AMR,2025-06-26 03:30:00+00:00,-1.1238357001068902,1,1,1,0,1,0,1.0,2,True,BUY,AMR,0.2834605935860833
CADJPY_ARB,2025-06-26 08:00:00+00:00,-1.0496277915632972,1,1,1,0,1,0,1.0,2,True,SELL,ARB,0.4632403902543051
EURJPY_AMR,2025-06-27 00:00:00+00:00,0.6034063260340613,3,3,3,0,3,0,1.0,4,True,BUY,AMR,0.4050594250049797
GBPJPY_AMR,2025-06-27 00:00:00+00:00,0.7514013028329689,3,3,3,0,3,0,1.0,4,True,BUY,AMR,0.3304337432601131
CADJPY_AMR,2025-06-27 00:00:00+00:00,0.5712936732766851,3,3,3,0,3,0,1.0,4,True,BUY,AMR,0.4718747510158553
AUDJPY_AMR,2025-06-27 00:00:00+00:00,0.5861244019138966,3,3,3,0,3,0,1.0,4,True,BUY,AMR,0.2443977218289242
GBPJPY_AMR,2025-06-30 00:00:00+00:00,0.7547586206896908,1,0,1,0,0,0,1.0,2,True,BUY,AMR,0.6884910621796063
GBPUSD_MONDAY,2025-06-30 00:00:00+00:00,-0.0757290447351007,1,1,1,0,1,0,1.0,2,False,BUY,MONDAY,0.8187976742945537
EURJPY_AMR,2025-06-30 04:45:00+00:00,-1.0510164940544118,1,0,1,0,0,0,1.0,2,True,BUY,AMR,0.6082464643781953
CADJPY_ARB,2025-06-30 07:00:00+00:00,-1.049504950495022,2,1,2,0,1,0,0.5,4,True,SELL,ARB,0.7302340459561764
GBPJPY_AMR,2025-07-01 00:00:00+00:00,-1.0951111111110006,1,1,1,0,1,0,1.0,2,True,BUY,AMR,0.5355786342266727
AUDJPY_AMR,2025-07-01 00:00:00+00:00,-1.088986387670146,1,1,1,0,1,0,1.0,2,True,BUY,AMR,0.4735721509554479
CADJPY_AMR,2025-07-01 02:45:00+00:00,-1.1931818181817089,2,2,2,0,2,0,1.0,3,True,BUY,AMR,0.2831381297638966
EURJPY_AMR,2025-07-01 03:00:00+00:00,0.5925925925926385,1,1,1,0,1,0,1.0,2,True,BUY,AMR,0.386441803333112
CADJPY_AMR,2025-07-02 00:00:00+00:00,0.5894020969112974,0,0,0,0,0,0,0.0,0,True,BUY,AMR,0.5882532600324011
EURJPY_AMR,2025-07-03 00:15:00+00:00,-1.2065439672806089,0,0,0,0,0,0,0.0,0,True,BUY,AMR,0.2301175220768873
GBPJPY_AMR,2025-07-03 00:30:00+00:00,0.7484643250906136,1,1,1,0,1,0,1.0,2,True,SELL,AMR,0.5644771441472549
CADJPY_AMR,2025-07-03 02:30:00+00:00,0.4833561331509571,0,0,0,0,0,0,0.0,0,True,BUY,AMR,0.3608875786789897
AUDJPY_AMR,2025-07-04 00:15:00+00:00,-1.0945273631840051,0,0,0,0,0,0,0.0,0,True,BUY,AMR,0.172339915899292
EURJPY_AMR,2025-07-04 02:45:00+00:00,0.4517993170474206,1,1,1,0,1,0,1.0,2,True,BUY,AMR,0.0894230130801407
GBPJPY_AMR,2025-07-04 03:00:00+00:00,-1.1058201058201886,1,1,1,0,1,0,1.0,2,True,BUY,AMR,0.1760206114372227
GBPUSD_MONDAY,2025-07-07 00:00:00+00:00,-0.3655967159602345,2,2,2,0,2,0,1.0,3,False,BUY,MONDAY,0.2751906971782152
AUDJPY_AMR,2025-07-07 00:00:00+00:00,0.5591397849462582,2,1,2,0,1,0,0.5,4,True,BUY,AMR,0.3979879704050673
CADJPY_AMR,2025-07-07 00:00:00+00:00,0.5217391304348703,2,1,2,0,1,0,0.5,4,True,BUY,AMR,0.3446737311767986
EURJPY_AMR,2025-07-07 04:00:00+00:00,0.6103481758912709,1,0,1,0,0,0,1.0,2,True,BUY,AMR,0.4880021246929155
CADJPY_ARB,2025-07-07 07:00:00+00:00,1.9338422391858168,1,0,1,0,0,0,1.0,2,True,BUY,ARB,0.3639174708108972
CADJPY_AMR,2025-07-08 00:15:00+00:00,0.589569160997729,1,1,1,0,0,1,1.0,2,True,BUY,AMR,0.6259262210182456
AUDJPY_AMR,2025-07-08 03:30:00+00:00,-1.059641419685326,1,1,1,0,0,1,1.0,2,True,SELL,AMR,0.5278383988928514
EURJPY_AMR,2025-07-08 03:45:00+00:00,0.6380057040244919,3,3,1,2,2,1,1.0,4,True,SELL,AMR,0.6682026425868136
GBPJPY_AMR,2025-07-08 03:45:00+00:00,0.7656334964654473,3,3,1,2,2,1,1.0,4,True,SELL,AMR,0.596602831416505
AUDJPY_AMR,2025-07-09 00:15:00+00:00,0.5871779508688397,1,1,0,1,1,0,1.0,2,True,BUY,AMR,0.512096130302869
CADJPY_AMR,2025-07-09 02:00:00+00:00,0.5711610486891587,1,1,0,1,1,0,1.0,2,True,SELL,AMR,0.3894244814490213
AUDJPY_AMR,2025-07-10 00:00:00+00:00,0.5458089668616231,1,1,0,1,1,0,1.0,2,True,BUY,AMR,0.2370655240325757
CADJPY_AMR,2025-07-10 02:15:00+00:00,-1.1297208538586103,2,2,1,1,2,0,1.0,3,True,BUY,AMR,0.3191777547605768
EURJPY_AMR,2025-07-11 01:00:00+00:00,0.5319865319865882,0,0,0,0,0,0,0.0,0,True,SELL,AMR,0.1947812230263594
CADJPY_AMR,2025-07-11 03:15:00+00:00,0.621574278126236,1,1,1,0,1,0,1.0,2,True,BUY,AMR,0.708894377606034
AUDJPY_AMR,2025-07-11 03:15:00+00:00,0.6050783360345576,1,1,1,0,1,0,1.0,2,True,BUY,AMR,0.6122584766061638
CADJPY_ARB,2025-07-11 07:00:00+00:00,0.3871763255240478,0,0,0,0,0,0,0.0,0,True,BUY,ARB,0.5421975795702938
EURJPY_AMR,2025-07-14 00:00:00+00:00,0.6430606430606235,4,3,4,0,3,0,0.75,5,True,BUY,AMR,0.7592988513378925
AUDJPY_AMR,2025-07-14 00:00:00+00:00,0.6334164588528962,4,3,4,0,3,0,0.75,5,True,BUY,AMR,0.4942912652365998
GBPUSD_MONDAY,2025-07-14 00:00:00+00:00,-0.4552023851634733,4,4,4,0,4,0,1.0,5,False,BUY,MONDAY,0.6099642609484184
CADJPY_AMR,2025-07-14 00:00:00+00:00,0.6301408057995308,4,3,4,0,3,0,0.75,5,True,BUY,AMR,0.6169495126550342
GBPJPY_AMR,2025-07-14 00:00:00+00:00,0.7741935483870911,4,3,4,0,3,0,0.75,6,True,BUY,AMR,0.5227097665276634
EURJPY_AMR,2025-07-16 00:45:00+00:00,0.4082934609251447,0,0,0,0,0,0,0.0,0,True,BUY,AMR,0.1652878294933935
AUDJPY_AMR,2025-07-16 03:15:00+00:00,-1.111111111111069,0,0,0,0,0,0,0.0,0,True,SELL,AMR,0.3335817320487571
CADJPY_AMR,2025-07-16 03:45:00+00:00,0.5791464073474156,1,1,0,1,1,0,1.0,2,True,SELL,AMR,0.4590603670358271
GBPJPY_AMR,2025-07-16 03:45:00+00:00,0.7420546932742008,1,1,0,1,1,0,1.0,2,True,SELL,AMR,0.2809636378124253
CADJPY_AMR,2025-07-17 02:30:00+00:00,-1.1307189542483231,1,1,0,1,1,0,1.0,2,True,SELL,AMR,0.6451544365654795
EURJPY_AMR,2025-07-17 02:30:00+00:00,-1.0722869291921564,1,1,0,1,1,0,1.0,2,True,SELL,AMR,0.5741318637540668
GBPJPY_AMR,2025-07-17 03:00:00+00:00,-1.0623306233062686,2,2,0,2,2,0,1.0,3,True,SELL,AMR,0.466200961512922
AUDJPY_AMR,2025-07-17 03:15:00+00:00,0.5699671172817141,3,3,0,3,3,0,1.0,4,True,SELL,AMR,0.3785463352318092
EURJPY_AMR,2025-07-18 02:45:00+00:00,-1.1257861635220705,0,0,0,0,0,0,0.0,0,True,SELL,AMR,0.1517429121572272
AUDJPY_AMR,2025-07-18 03:15:00+00:00,-1.0695187165775657,0,0,0,0,0,0,0.0,0,True,SELL,AMR,0.2251024644701123
CADJPY_AMR,2025-07-18 03:45:00+00:00,0.5724508050089762,1,1,0,1,1,0,1.0,2,True,SELL,AMR,0.4137518922794996
CADJPY_ARB,2025-07-18 08:00:00+00:00,0.0500000000000002,1,1,0,1,1,0,1.0,2,True,BUY,ARB,0.4240017060297489
GBPJPY_AMR,2025-07-21 00:00:00+00:00,-0.0686075378018499,4,3,4,0,3,0,0.75,6,True,BUY,AMR,0.6812000318733565
GBPUSD_MONDAY,2025-07-21 00:00:00+00:00,0.7896760600474038,4,4,4,0,4,0,1.0,5,False,BUY,MONDAY,0.426521576785619
AUDJPY_AMR,2025-07-21 00:00:00+00:00,-1.0365198711063797,4,3,4,0,3,0,0.75,5,True,BUY,AMR,0.5614653749933465
CADJPY_AMR,2025-07-21 00:00:00+00:00,-0.1593943016537139,4,3,4,0,3,0,0.75,5,True,BUY,AMR,0.7759142697793004
EURJPY_AMR,2025-07-21 00:00:00+00:00,0.6506640672596433,4,3,4,0,3,0,0.75,5,True,BUY,AMR,0.7718212602084855
EURJPY_AMR,2025-07-23 02:00:00+00:00,0.6028875138822459,2,2,2,0,2,0,1.0,3,True,BUY,AMR,0.4868335435894031
AUDJPY_AMR,2025-07-23 02:15:00+00:00,0.5812301977493525,2,2,2,0,2,0,1.0,3,True,SELL,AMR,0.6788869963272476
EURJPY_AMR,2025-07-24 02:15:00+00:00,-1.102181400689079,2,2,2,0,2,0,1.0,3,True,BUY,AMR,0.4930349910364517
EURJPY_AMR,2025-07-25 00:00:00+00:00,0.6121035867608265,2,2,2,0,2,0,1.0,3,True,BUY,AMR,0.4034526259876502
AUDJPY_AMR,2025-07-25 03:00:00+00:00,0.5869257235377586,2,2,2,0,2,0,1.0,3,True,SELL,AMR,0.2612045563421515
CADJPY_ARB,2025-07-25 08:00:00+00:00,-1.050377833753134,2,2,2,0,2,0,1.0,3,True,SELL,ARB,0.5411313109772352
GBPUSD_MONDAY,2025-07-28 00:00:00+00:00,-0.7577263638960292,2,2,0,2,2,0,1.0,3,False,BUY,MONDAY,0.4344695151224196
AUDJPY_AMR,2025-07-28 00:00:00+00:00,-1.1360864262067512,2,1,1,1,1,0,0.5,4,True,SELL,AMR,0.2379171767711715
EURJPY_AMR,2025-07-28 00:00:00+00:00,0.6152294503277981,2,1,1,1,1,0,0.5,4,True,SELL,AMR,0.3646637009494721
CADJPY_AMR,2025-07-28 01:00:00+00:00,-1.0883468834689192,2,1,1,1,1,0,0.5,4,True,SELL,AMR,0.3003877513079967
GBPJPY_AMR,2025-07-28 01:45:00+00:00,-1.068229384679778,3,2,1,2,2,0,0.667,5,True,SELL,AMR,0.2236712794496533
CADJPY_AMR,2025-07-29 00:00:00+00:00,0.557856945595208,0,0,0,0,0,0,0.0,0,True,BUY,AMR,0.2356651528430669
AUDJPY_AMR,2025-07-29 01:00:00+00:00,0.5509157509157702,0,0,0,0,0,0,0.0,0,True,SELL,AMR,0.3017645180177782
EURJPY_AMR,2025-07-29 05:15:00+00:00,-1.0830544569517286,0,0,0,0,0,0,0.0,0,True,BUY,AMR,0.5143217581833875
CADJPY_ARB,2025-07-29 08:00:00+00:00,1.7826086956521985,0,0,0,0,0,0,0.0,0,True,SELL,ARB,0.2838940129018499
CADJPY_AMR,2025-07-30 03:30:00+00:00,-1.1590774689533778,1,1,0,1,0,1,1.0,2,True,BUY,AMR,0.2414415849998672
GBPJPY_AMR,2025-07-30 03:45:00+00:00,-1.0569280343716194,2,2,1,1,1,1,1.0,3,True,BUY,AMR,0.2529018035007569
EURJPY_AMR,2025-07-30 03:45:00+00:00,-1.076063275551591,2,2,1,1,1,1,1.0,3,True,BUY,AMR,0.3260474072106766
EURJPY_AMR,2025-07-31 03:30:00+00:00,0.6022340942204546,0,0,0,0,0,0,0.0,0,True,SELL,AMR,0.4934466502888254
EURJPY_AMR,2025-08-01 05:30:00+00:00,0.5852493281576508,0,0,0,0,0,0,0.0,0,True,BUY,AMR,0.5624327733882213
CADJPY_ARB,2025-08-01 08:00:00+00:00,1.7261904761904108,1,1,1,0,1,0,1.0,2,True,SELL,ARB,0.600255904462334
GBPUSD_MONDAY,2025-08-04 00:00:00+00:00,0.0522288221758441,0,0,0,0,0,0,0.0,0,False,BUY,MONDAY,0.9881581052968474
CADJPY_AMR,2025-08-04 03:00:00+00:00,-1.0755731672798754,2,1,1,1,1,0,0.5,4,True,SELL,AMR,0.8037606565213927
AUDJPY_AMR,2025-08-04 03:00:00+00:00,-1.059641419685326,2,1,1,1,1,0,0.5,4,True,SELL,AMR,0.7482567733006866
EURJPY_AMR,2025-08-04 04:30:00+00:00,0.6262875978573841,2,1,1,1,1,0,0.5,4,True,SELL,AMR,0.8040767545315716
AUDJPY_AMR,2025-08-05 00:15:00+00:00,0.5642633228840079,0,0,0,0,0,0,0.0,0,True,BUY,AMR,0.3284851226912226
CADJPY_AMR,2025-08-05 02:00:00+00:00,0.5330599692465497,0,0,0,0,0,0,0.0,0,True,BUY,AMR,0.5258013969670411
AUDJPY_AMR,2025-08-06 02:30:00+00:00,0.5265030238348637,2,2,0,2,2,0,1.0,3,True,SELL,AMR,0.1379810507265662
CADJPY_AMR,2025-08-06 02:30:00+00:00,0.5250431778929633,2,2,0,2,2,0,1.0,3,True,SELL,AMR,0.2911985764746501
EURJPY_AMR,2025-08-06 02:30:00+00:00,0.5255579553635457,2,2,0,2,2,0,1.0,3,True,SELL,AMR,0.0710975366841511
CADJPY_ARB,2025-08-06 07:00:00+00:00,-1.0749063670411578,0,0,0,0,0,0,0.0,0,True,SELL,ARB,0.2702457749107
AUDJPY_AMR,2025-08-07 03:30:00+00:00,-1.137214845080064,1,1,0,1,1,0,1.0,2,True,SELL,AMR,0.3369351147069782
CADJPY_AMR,2025-08-07 03:30:00+00:00,0.561841591884488,1,1,0,1,1,0,1.0,2,True,SELL,AMR,0.3627068228295222
EURJPY_AMR,2025-08-07 03:45:00+00:00,0.6082078535577411,2,2,0,2,2,0,1.0,3,True,SELL,AMR,0.3981408936989575
AUDJPY_AMR,2025-08-08 01:00:00+00:00,0.5008210180623375,0,0,0,0,0,0,0.0,0,True,SELL,AMR,0.4157529142492149
EURJPY_AMR,2025-08-08 03:00:00+00:00,0.5812188245499331,0,0,0,0,0,0,0.0,0,True,SELL,AMR,0.6706991567624991
CADJPY_AMR,2025-08-08 03:45:00+00:00,-1.0950313555234146,1,1,0,1,1,0,1.0,2,True,SELL,AMR,0.6197381350755584
CADJPY_ARB,2025-08-08 08:00:00+00:00,0.4033613445378158,2,2,0,2,2,0,1.0,3,True,BUY,ARB,0.371701231540225
CADJPY_AMR,2025-08-11 00:00:00+00:00,0.5740112994350526,3,2,3,0,2,0,0.667,4,True,BUY,AMR,0.2904416646747935
AUDJPY_AMR,2025-08-11 00:00:00+00:00,0.5899363794100688,3,2,3,0,2,0,0.667,4,True,BUY,AMR,0.0747325278117847
GBPJPY_AMR,2025-08-11 00:00:00+00:00,0.7328504473796221,3,2,3,0,2,0,0.667,5,True,BUY,AMR,0.453305532683471
GBPUSD_MONDAY,2025-08-11 00:00:00+00:00,-0.1143112301853092,3,3,3,0,3,0,1.0,4,False,BUY,MONDAY,0.415053075158692
EURJPY_AMR,2025-08-12 03:00:00+00:00,-1.0907881609577428,1,1,0,1,1,0,1.0,2,True,SELL,AMR,0.1231923511055042
AUDJPY_AMR,2025-08-12 03:00:00+00:00,-1.0993554663748994,1,1,0,1,1,0,1.0,2,True,SELL,AMR,0.0819582690158088
AUDJPY_AMR,2025-08-13 00:15:00+00:00,0.4966816527510298,0,0,0,0,0,0,0.0,0,True,BUY,AMR,0.2126869643902698
CADJPY_AMR,2025-08-13 01:45:00+00:00,0.4985213350232981,0,0,0,0,0,0,0.0,0,True,SELL,AMR,0.2260643242238334
EURJPY_AMR,2025-08-13 04:00:00+00:00,0.596707818930036,0,0,0,0,0,0,0.0,0,True,SELL,AMR,0.3114534227474935
EURJPY_AMR,2025-08-14 00:00:00+00:00,-1.122355105795486,0,0,0,0,0,0,0.0,0,True,BUY,AMR,0.1327401898944293
AUDJPY_AMR,2025-08-14 00:45:00+00:00,-1.1386399578282231,1,1,1,0,1,0,1.0,2,True,BUY,AMR,0.0442194070367807
GBPJPY_AMR,2025-08-14 03:00:00+00:00,-1.037420569545756,2,2,2,0,2,0,1.0,3,True,BUY,AMR,0.2730617015060161
CADJPY_AMR,2025-08-14 03:00:00+00:00,-1.0612683076452074,2,2,2,0,2,0,1.0,3,True,BUY,AMR,0.2553315804849547
CADJPY_ARB,2025-08-14 07:00:00+00:00,-1.0292397660818753,0,0,0,0,0,0,0.0,0,True,SELL,ARB,0.3725009329850189
EURJPY_AMR,2025-08-15 02:45:00+00:00,-1.1544342507649588,0,0,0,0,0,0,0.0,0,True,BUY,AMR,0.1369364584024965
CADJPY_AMR,2025-08-15 03:45:00+00:00,-1.090407177363754,2,2,2,0,2,0,1.0,3,True,BUY,AMR,0.2436459246275197
GBPJPY_AMR,2025-08-15 03:45:00+00:00,-1.0597594819612417,2,2,2,0,2,0,1.0,3,True,BUY,AMR,0.1870302000053122
AUDJPY_AMR,2025-08-15 03:45:00+00:00,-1.098498718418164,2,2,2,0,2,0,1.0,3,True,BUY,AMR,0.2150822377175706
GBPUSD_MONDAY,2025-08-18 00:00:00+00:00,-0.4419692581866781,1,1,1,0,1,0,1.0,2,False,BUY,MONDAY,0.1043900357390515
AUDJPY_AMR,2025-08-18 00:00:00+00:00,0.5228758169934324,1,0,1,0,0,0,1.0,2,True,BUY,AMR,0.1269228721988609
GBPJPY_AMR,2025-08-18 00:15:00+00:00,0.7136447611507232,2,1,2,0,1,0,0.5,4,True,BUY,AMR,0.1510797099524555
EURJPY_AMR,2025-08-18 02:00:00+00:00,0.5741851982586247,1,0,1,0,0,0,1.0,2,True,SELL,AMR,0.1596839519288228
CADJPY_AMR,2025-08-18 03:00:00+00:00,-1.074440777411101,2,1,1,1,1,0,0.5,4,True,SELL,AMR,0.3063899290893156
GBPJPY_AMR,2025-08-19 00:00:00+00:00,0.7115063924401184,0,0,0,0,0,0,0.0,0,True,BUY,AMR,0.1367234189487104
CADJPY_AMR,2025-08-19 01:00:00+00:00,0.5237315875613672,0,0,0,0,0,0,0.0,0,True,SELL,AMR,0.246554059437495
EURJPY_AMR,2025-08-19 04:30:00+00:00,0.623359580052493,0,0,0,0,0,0,0.0,0,True,BUY,AMR,0.4984529579709182
CADJPY_AMR,2025-08-20 02:15:00+00:00,0.531969309462889,0,0,0,0,0,0,0.0,0,True,SELL,AMR,0.1735319894829097
EURJPY_AMR,2025-08-20 03:45:00+00:00,-1.0802286615415833,0,0,0,0,0,0,0.0,0,True,BUY,AMR,0.2406613106699422
EURJPY_AMR,2025-08-21 05:00:00+00:00,0.528052805280439,0,0,0,0,0,0,0.0,0,True,BUY,AMR,0.3200053117322887
EURJPY_AMR,2025-08-22 00:00:00+00:00,0.5573419078243121,2,2,2,0,2,0,1.0,3,True,BUY,AMR,0.2634088041962685
GBPJPY_AMR,2025-08-22 00:00:00+00:00,0.7131865216238149,2,2,2,0,2,0,1.0,3,True,BUY,AMR,0.2694493877659433
CADJPY_AMR,2025-08-22 00:00:00+00:00,0.5560098119379422,2,2,2,0,2,0,1.0,3,True,BUY,AMR,0.2158659336573447
CADJPY_ARB,2025-08-22 07:00:00+00:00,-1.0546448087431703,0,0,0,0,0,0,0.0,0,True,BUY,ARB,0.2111211814256011
GBPUSD_MONDAY,2025-08-25 00:00:00+00:00,-0.3710432770975564,0,0,0,0,0,0,0.0,0,False,BUY,MONDAY,0.6380754254013976
AUDJPY_AMR,2025-08-25 01:00:00+00:00,-1.1353409484250676,1,0,1,0,0,0,1.0,2,True,SELL,AMR,0.2223212859956352
CADJPY_AMR,2025-08-25 01:45:00+00:00,-1.108420769437791,2,1,1,1,1,0,0.5,4,True,SELL,AMR,0.3870342336600005
EURJPY_AMR,2025-08-25 02:15:00+00:00,-1.071684587813743,3,2,1,2,2,0,0.667,5,True,SELL,AMR,0.3461523139233782
GBPJPY_AMR,2025-08-25 02:30:00+00:00,0.7530224525042708,3,2,1,2,2,0,0.667,5,True,SELL,AMR,0.4657627028606337
CADJPY_AMR,2025-08-26 03:00:00+00:00,0.6186057577920675,2,2,2,0,2,0,1.0,3,True,BUY,AMR,0.5164130348179428
AUDJPY_AMR,2025-08-26 03:00:00+00:00,0.5850465377927457,2,2,2,0,2,0,1.0,3,True,BUY,AMR,0.257984244424336
GBPJPY_AMR,2025-08-26 03:00:00+00:00,0.7538904899135882,2,2,2,0,2,0,1.0,3,True,BUY,AMR,0.3837552126218492
EURJPY_AMR,2025-08-26 03:30:00+00:00,0.6192549588775429,3,3,3,0,3,0,1.0,4,True,BUY,AMR,0.571794701547042
EURJPY_AMR,2025-08-27 01:00:00+00:00,0.5471956224349395,0,0,0,0,0,0,0.0,0,True,SELL,AMR,0.2752805258614966
CADJPY_ARB,2025-08-27 07:00:00+00:00,0.1823529411764738,0,0,0,0,0,0,0.0,0,True,BUY,ARB,0.1932078690622167
AUDJPY_AMR,2025-08-28 00:00:00+00:00,0.5720265085455256,2,2,2,0,1,1,1.0,3,True,BUY,AMR,0.0775403204343428
GBPJPY_AMR,2025-08-28 00:00:00+00:00,0.7181328545780759,2,2,2,0,1,1,1.0,3,True,BUY,AMR,0.2157693431432441
EURJPY_AMR,2025-08-28 00:15:00+00:00,0.5602240896357981,3,3,3,0,2,1,1.0,4,True,BUY,AMR,0.2655998937653542
CADJPY_AMR,2025-08-28 00:30:00+00:00,0.5553287055941172,4,4,4,0,3,1,1.0,5,True,BUY,AMR,0.303680981595092
AUDJPY_AMR,2025-08-29 00:00:00+00:00,0.5571179858042233,2,2,2,0,1,1,1.0,3,True,BUY,AMR,0.1116995794964603
EURJPY_AMR,2025-08-29 00:00:00+00:00,0.6073028163667374,2,2,2,0,1,1,1.0,3,True,BUY,AMR,0.234141159285572
GBPUSD_MONDAY,2025-09-01 00:00:00+00:00,0.4348846304262799,0,0,0,0,0,0,0.0,0,False,BUY,MONDAY,0.3834213474155865
AUDJPY_AMR,2025-09-01 00:45:00+00:00,0.5474452554744508,1,0,1,0,0,0,1.0,2,True,BUY,AMR,0.1724729866396976
EURJPY_AMR,2025-09-01 03:00:00+00:00,-1.06205431649224,1,0,1,0,0,0,1.0,2,True,SELL,AMR,0.2516433171768142
GBPJPY_AMR,2025-09-02 00:00:00+00:00,0.7202832574607047,2,2,2,0,2,0,1.0,3,True,BUY,AMR,0.0990198942867008
AUDJPY_AMR,2025-09-02 00:00:00+00:00,0.5389126644475686,2,2,2,0,2,0,1.0,3,True,BUY,AMR,0.0030073987331665
EURJPY_AMR,2025-09-02 00:00:00+00:00,0.5270655270654752,2,2,2,0,2,0,1.0,3,True,BUY,AMR,0.0214195604541531
CADJPY_AMR,2025-09-02 03:00:00+00:00,-1.114532922715873,0,0,0,0,0,0,0.0,0,True,SELL,AMR,0.0874166733062438
CADJPY_ARB,2025-09-02 08:00:00+00:00,-1.0341880341880452,0,0,0,0,0,0,0.0,0,True,BUY,ARB,0.1704963480300687
AUDJPY_AMR,2025-09-03 00:00:00+00:00,0.5587510271158397,1,1,1,0,0,1,1.0,2,True,BUY,AMR,0.2245834885825304
EURJPY_AMR,2025-09-03 01:45:00+00:00,-1.1134307585248713,2,2,1,1,1,1,1.0,2,True,SELL,AMR,0.192032401566961
CADJPY_AMR,2025-09-03 01:45:00+00:00,-1.1304909560723395,2,2,1,1,1,1,1.0,3,True,SELL,AMR,0.2791942209120123
AUDJPY_AMR,2025-09-04 00:00:00+00:00,0.547703180212053,1,1,1,0,0,1,1.0,2,True,BUY,AMR,0.1496646617341779
EURJPY_AMR,2025-09-05 00:00:00+00:00,0.470117529382276,2,2,2,0,1,1,1.0,3,True,BUY,AMR,0.1612243542925436
GBPJPY_AMR,2025-09-05 00:00:00+00:00,0.7104160848925298,2,2,2,0,1,1,1.0,3,True,BUY,AMR,0.1955297617466599
CADJPY_AMR,2025-09-05 00:15:00+00:00,0.5163776493256208,3,3,3,0,2,1,1.0,4,True,BUY,AMR,0.2382811462566063
AUDJPY_AMR,2025-09-05 00:15:00+00:00,0.5110062893081682,3,3,3,0,2,1,1.0,3,True,BUY,AMR,0.229374035237132
GBPJPY_AMR,2025-09-08 00:00:00+00:00,0.7823371989295406,4,3,1,3,3,0,0.75,6,True,SELL,AMR,0.8392520385667614
EURJPY_AMR,2025-09-08 00:00:00+00:00,0.6499384685981087,4,3,1,3,3,0,0.75,5,True,SELL,AMR,0.818949604939911
CADJPY_AMR,2025-09-08 00:00:00+00:00,0.6413026459996811,4,3,1,3,3,0,0.75,5,True,SELL,AMR,0.8188457759009906
GBPUSD_MONDAY,2025-09-08 00:00:00+00:00,0.2411363898833576,4,4,0,4,4,0,1.0,5,False,BUY,MONDAY,0.7171280738251453
AUDJPY_AMR,2025-09-08 00:00:00+00:00,-1.031651120146707,4,3,1,3,3,0,0.75,5,True,SELL,AMR,0.6897056475222229
CADJPY_ARB,2025-09-09 07:00:00+00:00,1.631944444444463,4,4,0,4,4,0,1.0,5,True,SELL,ARB,0.3075651756677507
GBPJPY_AMR,2025-09-10 00:00:00+00:00,0.6981071543149787,2,2,1,1,2,0,1.0,3,True,BUY,AMR,0.187694228266355
EURJPY_AMR,2025-09-10 00:00:00+00:00,0.5125218404192049,2,2,1,1,2,0,1.0,3,True,BUY,AMR,0.285797755793108
CADJPY_ARB,2025-09-10 08:00:00+00:00,-1.0673400673400268,1,1,0,1,1,0,1.0,2,True,BUY,ARB,0.2800021325371861
GBPJPY_AMR,2025-09-11 00:30:00+00:00,0.714285714285673,1,1,1,0,0,1,1.0,2,True,BUY,AMR,0.3173391059523493
CADJPY_AMR,2025-09-12 02:30:00+00:00,0.4587155963302977,0,0,0,0,0,0,0.0,0,True,SELL,AMR,0.2376039093830504
AUDJPY_AMR,2025-09-12 02:45:00+00:00,-1.1187110503117217,1,1,0,1,1,0,1.0,2,True,SELL,AMR,0.1080135199872252
EURJPY_AMR,2025-09-12 04:30:00+00:00,-1.124942369755303,1,1,0,1,1,0,1.0,2,True,SELL,AMR,0.2179934931279463
CADJPY_ARB,2025-09-12 07:00:00+00:00,0.1797385620915048,2,2,0,2,2,0,1.0,3,True,BUY,ARB,0.1093991576478114
EURJPY_AMR,2025-09-15 00:00:00+00:00,0.5913978494623884,4,3,4,0,3,0,0.75,5,True,BUY,AMR,0.2361861762167186
CADJPY_AMR,2025-09-15 00:00:00+00:00,0.5550835457377549,4,3,4,0,3,0,0.75,5,True,BUY,AMR,0.2650120840304889
GBPUSD_MONDAY,2025-09-15 00:00:00+00:00,0.5193436339681382,4,4,4,0,4,0,1.0,5,False,BUY,MONDAY,0.5988158105296848
AUDJPY_AMR,2025-09-15 00:00:00+00:00,-1.159763313609391,4,3,4,0,3,0,0.75,5,True,BUY,AMR,0.0871879491137488
GBPJPY_AMR,2025-09-15 00:00:00+00:00,0.7486563389187185,4,3,4,0,3,0,0.75,6,True,BUY,AMR,0.1927275624850593
EURJPY_AMR,2025-09-16 04:15:00+00:00,0.5322415557829916,0,0,0,0,0,0,0.0,0,True,SELL,AMR,0.0266914547506805
CADJPY_ARB,2025-09-16 07:00:00+00:00,1.583098591549278,0,0,0,0,0,0,0.0,0,True,SELL,ARB,0.1488510955909793
EURJPY_AMR,2025-09-17 00:00:00+00:00,0.5658972449739554,1,1,0,1,0,1,1.0,2,True,BUY,AMR,0.3837726578580439
GBPJPY_AMR,2025-09-17 00:15:00+00:00,0.7206137094779033,1,1,0,1,0,1,1.0,2,True,BUY,AMR,0.3069404233844192
CADJPY_AMR,2025-09-17 03:00:00+00:00,0.5190058479532128,1,1,0,1,0,1,1.0,2,True,BUY,AMR,0.4448782301543038
EURJPY_AMR,2025-09-18 02:45:00+00:00,-1.1277589817946458,0,0,0,0,0,0,0.0,0,True,SELL,AMR,0.4190292809242414
CADJPY_ARB,2025-09-18 08:00:00+00:00,1.5643564356435784,1,1,0,1,1,0,1.0,2,True,BUY,ARB,0.29445007197313
GBPJPY_AMR,2025-09-19 00:15:00+00:00,0.693121693121745,1,1,1,0,1,0,1.0,2,True,BUY,AMR,0.3765305851417036
CADJPY_AMR,2025-09-19 00:15:00+00:00,0.5361757105942359,1,1,1,0,1,0,1.0,2,True,BUY,AMR,0.4029559397657557
AUDJPY_AMR,2025-09-19 02:30:00+00:00,0.5049888006516685,1,1,0,1,1,0,1.0,2,True,SELL,AMR,0.0864294458934369
EURJPY_AMR,2025-09-19 02:30:00+00:00,0.5276292335115531,1,1,0,1,1,0,1.0,2,True,SELL,AMR,0.131173228869265
GBPJPY_AMR,2025-09-22 00:00:00+00:00,0.72947277441657,2,1,2,0,1,0,0.5,4,True,BUY,AMR,0.2235650349278865
GBPUSD_MONDAY,2025-09-22 00:00:00+00:00,0.4714415231187653,2,2,2,0,2,0,1.0,3,False,BUY,MONDAY,0.5984957593214915
CADJPY_AMR,2025-09-22 00:00:00+00:00,0.5621224060940726,2,1,2,0,1,0,1.0,3,True,BUY,AMR,0.3364273763046769
EURJPY_AMR,2025-09-22 00:15:00+00:00,0.5668422372711037,3,2,3,0,2,0,0.667,4,True,BUY,AMR,0.3388354026957041
AUDJPY_AMR,2025-09-22 03:00:00+00:00,0.5852876327921188,1,0,1,0,0,0,1.0,2,True,SELL,AMR,0.2240378985468675
GBPJPY_AMR,2025-09-23 00:00:00+00:00,0.7230769230769286,1,1,1,0,1,0,1.0,2,True,BUY,AMR,0.0509442481872028
AUDJPY_AMR,2025-09-23 00:00:00+00:00,0.5185185185184988,1,1,1,0,1,0,1.0,2,True,BUY,AMR,0.0535343588651727
EURJPY_AMR,2025-09-23 04:30:00+00:00,0.549053604970349,0,0,0,0,0,0,0.0,0,True,SELL,AMR,0.0379390478719872
EURJPY_AMR,2025-09-24 03:00:00+00:00,0.5359477124184296,0,0,0,0,0,0,0.0,0,True,BUY,AMR,0.1628311533098732
CADJPY_AMR,2025-09-24 03:30:00+00:00,-1.1855905152759327,0,0,0,0,0,0,0.0,0,True,SELL,AMR,0.358351260191751
CADJPY_ARB,2025-09-24 07:00:00+00:00,1.7807308970100395,1,1,0,1,1,0,1.0,2,True,BUY,ARB,0.1267793357146665
EURJPY_AMR,2025-09-25 03:00:00+00:00,0.5258418872682081,1,1,1,0,0,1,1.0,2,True,BUY,AMR,0.0661576256556669
CADJPY_AMR,2025-09-25 03:15:00+00:00,0.4528699315430323,2,2,2,0,1,1,1.0,3,True,BUY,AMR,0.2071282500730353
GBPJPY_AMR,2025-09-26 00:45:00+00:00,0.687390848760083,1,1,1,0,1,0,1.0,2,True,BUY,AMR,0.4464129193338468
AUDJPY_AMR,2025-09-26 00:45:00+00:00,0.5297557619539542,1,1,1,0,1,0,1.0,2,True,BUY,AMR,0.6258982274977378
EURJPY_AMR,2025-09-26 01:00:00+00:00,0.5087825560266648,0,0,0,0,0,0,0.0,0,True,SELL,AMR,0.4669411061682491
GBPJPY_AMR,2025-09-29 00:00:00+00:00,-1.0836155248763184,1,0,1,0,0,0,1.0,2,True,BUY,AMR,0.1617838455204653
GBPUSD_MONDAY,2025-09-29 00:00:00+00:00,0.2177687278962595,1,1,1,0,1,0,1.0,2,False,BUY,MONDAY,0.4252413719528458
EURJPY_AMR,2025-09-29 04:15:00+00:00,-1.0803378511095827,2,1,2,0,1,0,1.0,3,True,BUY,AMR,0.1749153442666489
CADJPY_ARB,2025-09-29 08:00:00+00:00,1.5068493150685145,3,2,3,0,2,0,0.667,4,True,SELL,ARB,0.1130777842938636
EURJPY_AMR,2025-09-30 03:45:00+00:00,0.5720414730068111,3,3,0,3,2,1,1.0,3,True,SELL,AMR,0.2695305756589868
CADJPY_AMR,2025-09-30 03:45:00+00:00,0.5615662029881949,3,3,0,3,2,1,1.0,4,True,SELL,AMR,0.2952354394072185
AUDJPY_AMR,2025-09-30 03:45:00+00:00,-1.077441077441064,3,3,0,3,2,1,1.0,3,True,SELL,AMR,0.2256613615798158
EURJPY_AMR,2025-10-01 00:00:00+00:00,0.581740976645501,2,2,2,0,2,0,1.0,3,True,BUY,AMR,0.2936723989110948
AUDJPY_AMR,2025-10-01 00:00:00+00:00,0.5459508644222213,2,2,2,0,2,0,1.0,3,True,BUY,AMR,0.2167988502688028
GBPJPY_AMR,2025-10-01 00:00:00+00:00,0.7146724417975392,2,2,2,0,2,0,1.0,3,True,BUY,AMR,0.4369571568965975
CADJPY_AMR,2025-10-01 02:45:00+00:00,0.5165637282425587,0,0,0,0,0,0,0.0,0,True,SELL,AMR,0.1907948901813932
CADJPY_ARB,2025-10-01 07:00:00+00:00,1.8397932816537448,0,0,0,0,0,0,0.0,0,True,SELL,ARB,0.1893159886975529
GBPJPY_AMR,2025-10-02 00:00:00+00:00,0.7266154541347075,2,2,2,0,2,0,1.0,3,True,BUY,AMR,0.2198863183617094
AUDJPY_AMR,2025-10-02 00:00:00+00:00,0.5495920996135663,2,2,2,0,2,0,1.0,3,True,BUY,AMR,0.0919518816202693
EURJPY_AMR,2025-10-02 00:00:00+00:00,0.548187444739155,2,2,2,0,2,0,1.0,3,True,BUY,AMR,0.2623198990770865
CADJPY_AMR,2025-10-02 03:00:00+00:00,0.5578569455951424,0,0,0,0,0,0,0.0,0,True,SELL,AMR,0.2749581706636921
CADJPY_AMR,2025-10-03 00:00:00+00:00,0.4645416357796326,0,0,0,0,0,0,0.0,0,True,BUY,AMR,0.1767189865349374
GBPJPY_AMR,2025-10-03 00:15:00+00:00,0.718964204112767,1,1,1,0,1,0,1.0,2,True,BUY,AMR,0.373449494010465
EURJPY_AMR,2025-10-03 03:00:00+00:00,-1.0800859159249747,1,1,0,1,1,0,1.0,2,True,SELL,AMR,0.1074165062080871
AUDJPY_AMR,2025-10-03 03:00:00+00:00,-1.109253065774754,1,1,0,1,1,0,1.0,2,True,SELL,AMR,0.0778463831372757
CADJPY_ARB,2025-10-03 08:00:00+00:00,-0.1516393442622952,0,0,0,0,0,0,0.0,0,True,BUY,ARB,0.2401236871567948
GBPJPY_AMR,2025-10-06 00:00:00+00:00,-1.0080070737338551,4,3,1,3,3,0,0.75,6,True,SELL,AMR,0.9379930409838244
EURJPY_AMR,2025-10-06 00:00:00+00:00,-1.0070169800203617,4,3,1,3,3,0,0.75,5,True,SELL,AMR,0.9466303698293606
CADJPY_AMR,2025-10-06 00:00:00+00:00,-1.0115619451781892,4,3,1,3,3,0,0.75,5,True,SELL,AMR,0.9500703795182324
GBPUSD_MONDAY,2025-10-06 00:00:00+00:00,0.385827704704348,4,4,0,4,4,0,1.0,5,False,BUY,MONDAY,0.6320477943137569
AUDJPY_AMR,2025-10-06 00:00:00+00:00,-1.0156927687090949,4,3,1,3,3,0,0.75,5,True,SELL,AMR,0.9000904881034758
CADJPY_ARB,2025-10-06 07:00:00+00:00,1.7211155378485974,5,4,1,4,4,0,0.8,6,True,BUY,ARB,0.8314762488670896
AUDJPY_AMR,2025-10-07 03:00:00+00:00,0.5934065934065863,4,4,1,3,3,1,1.0,4,True,SELL,AMR,0.2115159418747006
CADJPY_AMR,2025-10-08 02:00:00+00:00,-1.1636363636362193,3,3,1,2,2,1,1.0,4,True,SELL,AMR,0.554139112421321
AUDJPY_AMR,2025-10-08 02:00:00+00:00,-1.1328124999999674,3,3,1,2,2,1,1.0,3,True,SELL,AMR,0.3871160909139298
GBPJPY_AMR,2025-10-08 03:00:00+00:00,0.7520259319286959,3,3,1,2,2,1,1.0,4,True,SELL,AMR,0.6108528778984833
AUDJPY_AMR,2025-10-09 00:00:00+00:00,0.5286037210920698,1,1,0,1,1,0,1.0,2,True,BUY,AMR,0.1455527758556448
GBPJPY_AMR,2025-10-09 03:45:00+00:00,0.7261058904424225,2,2,0,2,2,0,1.0,3,True,SELL,AMR,0.5748227044543016
CADJPY_AMR,2025-10-09 03:45:00+00:00,0.5454545454545483,2,2,0,2,2,0,1.0,3,True,SELL,AMR,0.6147186147186147
GBPJPY_AMR,2025-10-10 02:00:00+00:00,0.7092688543465883,3,3,0,3,3,0,1.0,4,True,SELL,AMR,0.5546628064490424
EURJPY_AMR,2025-10-10 02:00:00+00:00,0.5783664459160747,3,3,0,3,3,0,1.0,4,True,SELL,AMR,0.4239691919527256
CADJPY_AMR,2025-10-10 02:00:00+00:00,0.5410447761193728,3,3,0,3,3,0,1.0,4,True,SELL,AMR,0.5099062491700529
AUDJPY_AMR,2025-10-10 02:00:00+00:00,0.577392849211602,3,3,0,3,3,0,1.0,4,True,SELL,AMR,0.447410443391707
GBPUSD_MONDAY,2025-10-13 00:00:00+00:00,-0.0035012856283166,0,0,0,0,0,0,0.0,0,False,BUY,MONDAY,0.8934229476716274
EURJPY_AMR,2025-10-13 04:45:00+00:00,0.6033466886636578,1,0,1,0,0,0,1.0,2,True,SELL,AMR,0.7920855188898479
EURJPY_AMR,2025-10-14 00:00:00+00:00,0.5856273842663876,2,2,2,0,2,0,1.0,3,True,BUY,AMR,0.1949671336564637
AUDJPY_AMR,2025-10-14 00:00:00+00:00,0.5582922824301793,2,2,2,0,2,0,1.0,3,True,BUY,AMR,0.2519295257358812
CADJPY_AMR,2025-10-14 00:00:00+00:00,0.503451075923689,2,2,2,0,2,0,1.0,3,True,BUY,AMR,0.1149841978062837
GBPJPY_AMR,2025-10-14 02:45:00+00:00,0.7280721037590532,0,0,0,0,0,0,0.0,0,True,SELL,AMR,0.1616377593030359
CADJPY_ARB,2025-10-14 07:00:00+00:00,1.4409722222222388,0,0,0,0,0,0,0.0,0,True,SELL,ARB,0.4134456469584688
EURJPY_AMR,2025-10-15 03:30:00+00:00,-1.0827250608270598,2,2,1,1,1,1,1.0,2,True,BUY,AMR,0.5514242082199057
CADJPY_AMR,2025-10-15 03:30:00+00:00,-1.104658665634434,2,2,1,1,1,1,1.0,3,True,BUY,AMR,0.6318885613364141
AUDJPY_AMR,2025-10-16 01:30:00+00:00,-1.0807491556646829,4,4,3,1,3,1,1.0,4,True,BUY,AMR,0.714283813275137
EURJPY_AMR,2025-10-16 01:30:00+00:00,0.6199905704856007,4,4,3,1,3,1,1.0,4,True,BUY,AMR,0.4895425270566363
CADJPY_AMR,2025-10-16 01:30:00+00:00,0.6064659977703514,4,4,3,1,3,1,1.0,5,True,BUY,AMR,0.6362706822829522
GBPJPY_AMR,2025-10-16 01:30:00+00:00,0.7425445562025426,4,4,3,1,3,1,1.0,4,True,BUY,AMR,0.6424871842545619
CADJPY_ARB,2025-10-16 07:00:00+00:00,-1.0466200466200417,1,1,1,0,1,0,1.0,2,True,BUY,ARB,0.5256704163778856
AUDJPY_AMR,2025-10-17 02:15:00+00:00,0.563081009296138,2,2,2,0,2,0,1.0,3,True,BUY,AMR,0.7206845158886465
EURJPY_AMR,2025-10-17 02:15:00+00:00,0.56079664570236,2,2,2,0,2,0,1.0,3,True,BUY,AMR,0.3810769537215324
CADJPY_AMR,2025-10-17 02:15:00+00:00,0.5139833711262254,2,2,2,0,2,0,1.0,3,True,BUY,AMR,0.5342734974636815
CADJPY_ARB,2025-10-17 08:00:00+00:00,-1.0520833333333324,0,0,0,0,0,0,0.0,0,True,SELL,ARB,0.5523271312043504
GBPUSD_MONDAY,2025-10-20 00:00:00+00:00,-0.1896792189679213,1,1,1,0,1,0,1.0,2,False,BUY,MONDAY,0.7106203659252147
EURJPY_AMR,2025-10-20 00:00:00+00:00,0.589903573454347,1,0,1,0,0,0,1.0,2,True,BUY,AMR,0.4155633756058695
GBPJPY_AMR,2025-10-20 01:00:00+00:00,-1.0377668308702848,3,2,1,2,2,0,0.667,5,True,SELL,AMR,0.874843953358655
AUDJPY_AMR,2025-10-20 01:00:00+00:00,0.6233992697945772,3,2,1,2,2,0,0.667,4,True,SELL,AMR,0.8849736519933997
CADJPY_AMR,2025-10-20 01:00:00+00:00,-1.059602649006659,3,2,1,2,2,0,0.667,4,True,SELL,AMR,0.83563062704167
AUDJPY_AMR,2025-10-21 00:00:00+00:00,0.5511580181765152,1,1,1,0,1,0,1.0,2,True,BUY,AMR,0.1612551232235056
EURJPY_AMR,2025-10-21 00:00:00+00:00,0.5633074935400924,1,1,1,0,1,0,1.0,2,True,BUY,AMR,0.1630037846092557
CADJPY_AMR,2025-10-21 02:00:00+00:00,0.5325244354566114,0,0,0,0,0,0,0.0,0,True,SELL,AMR,0.333147425171965
CADJPY_ARB,2025-10-21 08:00:00+00:00,1.2690909090909157,0,0,0,0,0,0,0.0,0,True,BUY,ARB,0.6402409767020313
AUDJPY_AMR,2025-10-22 00:00:00+00:00,0.5580881337201377,1,1,1,0,1,0,1.0,2,True,BUY,AMR,0.3242667802203651
CADJPY_AMR,2025-10-22 00:00:00+00:00,0.538000324096636,1,1,1,0,1,0,1.0,2,True,BUY,AMR,0.4055586540249117
GBPJPY_AMR,2025-10-22 03:00:00+00:00,0.7202441505595503,1,1,1,0,1,0,1.0,2,True,BUY,AMR,0.1672155966957953
EURJPY_AMR,2025-10-22 03:00:00+00:00,-1.1084337349396538,1,1,1,0,1,0,1.0,2,True,BUY,AMR,0.0839917668149525
CADJPY_ARB,2025-10-22 08:00:00+00:00,1.509971509971514,0,0,0,0,0,0,0.0,0,True,BUY,ARB,0.496561283787386
AUDJPY_AMR,2025-10-23 03:00:00+00:00,-1.110652920962168,3,3,1,2,2,1,1.0,3,True,SELL,AMR,0.3637222547506254
EURJPY_AMR,2025-10-23 03:00:00+00:00,-1.115357395612164,3,3,1,2,2,1,1.0,3,True,SELL,AMR,0.2016067990173295
CADJPY_AMR,2025-10-23 03:00:00+00:00,-1.0797546012271098,3,3,1,2,2,1,1.0,4,True,SELL,AMR,0.4276020503014368
AUDJPY_AMR,2025-10-24 00:00:00+00:00,0.5915941215014545,1,1,1,0,1,0,1.0,2,True,BUY,AMR,0.3711342949912173
CADJPY_AMR,2025-10-24 00:00:00+00:00,0.5600870038064559,1,1,1,0,1,0,1.0,2,True,BUY,AMR,0.2659150665285634
EURJPY_AMR,2025-10-24 03:45:00+00:00,-1.1420564021724748,0,0,0,0,0,0,0.0,0,True,SELL,AMR,0.1154239426332912
EURJPY_AMR,2025-10-27 00:00:00+00:00,0.6189181021456266,4,3,1,3,3,0,0.75,5,True,SELL,AMR,0.3025961091560985
GBPUSD_MONDAY,2025-10-27 00:00:00+00:00,0.1450607567839822,4,4,0,4,4,0,1.0,5,False,BUY,MONDAY,0.6447965007734571
AUDJPY_AMR,2025-10-27 00:00:00+00:00,0.6441821247892036,4,3,1,3,3,0,0.75,5,True,SELL,AMR,0.6842630542396337
CADJPY_AMR,2025-10-27 00:00:00+00:00,0.5930807248765162,4,3,1,3,3,0,0.75,5,True,SELL,AMR,0.3155127081507449
GBPJPY_AMR,2025-10-27 00:00:00+00:00,0.7681405329872976,4,3,1,3,3,0,0.75,6,True,SELL,AMR,0.4000106244521766
CADJPY_ARB,2025-10-27 07:00:00+00:00,-1.0645161290322502,5,4,1,4,4,0,0.8,6,True,BUY,ARB,0.2696060137548648
CADJPY_AMR,2025-10-28 01:45:00+00:00,-1.1550387596901333,2,2,0,2,2,0,1.0,3,True,BUY,AMR,0.2703901415557857
EURJPY_AMR,2025-10-28 02:00:00+00:00,-1.0702806011640118,3,3,1,2,3,0,1.0,4,True,BUY,AMR,0.1222096806320961
CADJPY_ARB,2025-10-28 07:00:00+00:00,-1.0299850074962495,1,1,0,1,1,0,1.0,2,True,SELL,ARB,0.3647704856853441
CADJPY_AMR,2025-10-29 01:45:00+00:00,0.5912450255827221,3,3,3,0,3,0,1.0,4,True,BUY,AMR,0.628927309908905
AUDJPY_AMR,2025-10-29 01:45:00+00:00,0.5918573660508851,3,3,3,0,3,0,1.0,4,True,BUY,AMR,0.477377974131048
GBPJPY_AMR,2025-10-29 01:45:00+00:00,0.756727371568378,3,3,3,0,3,0,1.0,4,True,BUY,AMR,0.4704640229488167
EURJPY_AMR,2025-10-29 01:45:00+00:00,0.6271949349557273,3,3,3,0,3,0,1.0,4,True,BUY,AMR,0.4804329061815284
CADJPY_ARB,2025-10-29 07:00:00+00:00,1.397212543553977,2,2,2,0,2,0,1.0,3,True,BUY,ARB,0.6361358426187557
AUDJPY_AMR,2025-10-30 02:45:00+00:00,0.588404961061439,1,1,1,0,0,1,1.0,2,True,SELL,AMR,0.7636663650396551
EURJPY_AMR,2025-10-30 04:45:00+00:00,0.595882990249223,1,1,1,0,0,1,1.0,2,True,BUY,AMR,0.6273687006174888
CADJPY_ARB,2025-10-30 08:00:00+00:00,-0.1497524752475234,0,0,0,0,0,0,0.0,0,True,BUY,ARB,0.8514154715572853
CADJPY_AMR,2025-10-31 01:30:00+00:00,0.45797553994269,1,1,1,0,0,1,1.0,2,True,BUY,AMR,0.3637027594082809
AUDJPY_AMR,2025-10-31 03:00:00+00:00,0.5658056580566085,3,3,3,0,2,1,1.0,4,True,BUY,AMR,0.5244317879384681
GBPJPY_AMR,2025-10-31 03:00:00+00:00,0.7393658159319375,3,3,3,0,2,1,1.0,4,True,BUY,AMR,0.5066535631756488
EURJPY_AMR,2025-10-31 03:00:00+00:00,0.6016731016731008,3,3,3,0,2,1,1.0,4,True,BUY,AMR,0.5313060221764823
GBPUSD_MONDAY,2025-11-03 00:00:00+00:00,-0.0248595673479143,2,2,2,0,2,0,1.0,3,False,BUY,MONDAY,0.6428761935242973
CADJPY_AMR,2025-11-03 00:00:00+00:00,0.5128205128204739,2,1,2,0,1,0,0.5,4,True,BUY,AMR,0.4803202932037287
AUDJPY_AMR,2025-11-03 00:00:00+00:00,0.5182306126225878,2,1,2,0,1,0,0.5,4,True,BUY,AMR,0.2540985788044925
EURJPY_AMR,2025-11-03 01:00:00+00:00,0.5899705014750148,1,0,1,0,0,0,1.0,2,True,SELL,AMR,0.4091627381979948
GBPJPY_AMR,2025-11-04 02:15:00+00:00,0.658698539176722,1,1,1,0,1,0,1.0,2,True,BUY,AMR,0.2103110308374724
EURJPY_AMR,2025-11-04 02:15:00+00:00,0.4848484848486289,1,1,1,0,1,0,1.0,2,True,BUY,AMR,0.0644578713232853
AUDJPY_AMR,2025-11-04 02:45:00+00:00,0.5265929436545705,0,0,0,0,0,0,0.0,0,True,SELL,AMR,0.183983605684782
CADJPY_AMR,2025-11-04 03:15:00+00:00,0.527426160337596,1,1,0,1,1,0,1.0,2,True,SELL,AMR,0.2412025602209651
CADJPY_ARB,2025-11-04 07:00:00+00:00,1.5572519083969438,0,0,0,0,0,0,0.0,0,True,SELL,ARB,0.2775497147731514
EURJPY_AMR,2025-11-05 01:00:00+00:00,0.5354227881161882,2,2,0,2,1,1,1.0,3,True,SELL,AMR,0.1702941371754863
AUDJPY_AMR,2025-11-05 01:00:00+00:00,0.5266805266804704,2,2,0,2,1,1,1.0,3,True,SELL,AMR,0.4091126843029755
CADJPY_AMR,2025-11-05 02:30:00+00:00,-1.0673575129534585,2,2,1,1,1,1,1.0,3,True,BUY,AMR,0.4742782779592595
GBPJPY_AMR,2025-11-05 02:30:00+00:00,-1.0456170456170548,2,2,1,1,1,1,1.0,2,True,BUY,AMR,0.5838933305001461
AUDJPY_AMR,2025-11-06 00:00:00+00:00,0.5322819122720561,0,0,0,0,0,0,0.0,0,True,BUY,AMR,0.1802177037313035
CADJPY_AMR,2025-11-06 01:45:00+00:00,0.4821511358368143,0,0,0,0,0,0,0.0,0,True,SELL,AMR,0.168512469125966
EURJPY_AMR,2025-11-06 02:15:00+00:00,0.5489154493139351,0,0,0,0,0,0,0.0,0,True,BUY,AMR,0.1500564371555673
EURJPY_AMR,2025-11-07 01:15:00+00:00,0.5832819880879473,0,0,0,0,0,0,0.0,0,True,BUY,AMR,0.5477325542792644
AUDJPY_AMR,2025-11-07 02:30:00+00:00,0.5873715124817082,0,0,0,0,0,0,0.0,0,True,SELL,AMR,0.7016953212327673
CADJPY_AMR,2025-11-07 03:00:00+00:00,0.5739357286849094,1,1,0,1,1,0,1.0,2,True,SELL,AMR,0.6008020609247603
CADJPY_ARB,2025-11-07 07:00:00+00:00,1.795053003533651,0,0,0,0,0,0,0.0,0,True,BUY,ARB,0.4807805086101189
GBPUSD_MONDAY,2025-11-10 00:00:00+00:00,0.2638244514106579,1,1,0,1,1,0,1.0,2,False,BUY,MONDAY,0.5993492292100069
EURJPY_AMR,2025-11-10 00:00:00+00:00,0.6100217864923705,1,0,1,0,0,0,1.0,2,True,SELL,AMR,0.5443596042759445
CADJPY_AMR,2025-11-10 01:00:00+00:00,0.6159217006420545,3,2,1,2,2,0,0.667,5,True,SELL,AMR,0.8644729503625209
AUDJPY_AMR,2025-11-10 01:00:00+00:00,-1.040869432113881,3,2,1,2,2,0,0.667,5,True,SELL,AMR,0.9044419013147388
CADJPY_ARB,2025-11-10 07:00:00+00:00,0.803333333333341,1,0,1,0,0,0,1.0,2,True,BUY,ARB,0.6836381084395159
EURJPY_AMR,2025-11-11 02:00:00+00:00,-1.13251028806592,1,1,1,0,0,1,1.0,2,True,SELL,AMR,0.2272359073102715
CADJPY_AMR,2025-11-11 02:15:00+00:00,-1.1712285168683445,2,2,1,1,1,1,1.0,3,True,SELL,AMR,0.2021751254880089
AUDJPY_AMR,2025-11-11 02:45:00+00:00,0.5415499533147177,3,3,1,2,2,1,1.0,3,True,SELL,AMR,0.1628253579602916
CADJPY_AMR,2025-11-12 00:00:00+00:00,0.5311817112120739,2,2,2,0,1,1,1.0,3,True,BUY,AMR,0.203954532175391
AUDJPY_AMR,2025-11-12 00:00:00+00:00,0.5510116229013986,2,2,2,0,1,1,1.0,2,True,BUY,AMR,0.2106509820620642
EURJPY_AMR,2025-11-12 02:15:00+00:00,-1.1851851851851405,1,1,1,0,0,1,1.0,2,True,SELL,AMR,0.1025961091560985
AUDJPY_AMR,2025-11-13 00:45:00+00:00,0.521415270018616,2,2,2,0,1,1,1.0,2,True,BUY,AMR,0.2159605046042476
CADJPY_AMR,2025-11-13 00:45:00+00:00,0.5187214611871209,2,2,2,0,1,1,1.0,3,True,BUY,AMR,0.1713674873184075
EURJPY_AMR,2025-11-13 03:00:00+00:00,0.5448423630241535,1,1,1,0,0,1,1.0,2,True,SELL,AMR,0.3363388885200186
GBPJPY_AMR,2025-11-14 00:45:00+00:00,-1.041138421733549,1,1,1,0,0,1,1.0,2,True,BUY,AMR,0.6823421604823501
EURJPY_AMR,2025-11-14 01:45:00+00:00,-1.208300499080311,2,2,2,0,1,1,1.0,3,True,SELL,AMR,0.2569550494655069
AUDJPY_AMR,2025-11-14 02:30:00+00:00,0.5702066999287392,2,2,2,0,1,1,1.0,3,True,SELL,AMR,0.551831053387981
GBPUSD_MONDAY,2025-11-17 00:00:00+00:00,-0.0688408056369646,1,1,1,0,1,0,1.0,2,False,BUY,MONDAY,0.9228143169573798
GBPJPY_AMR,2025-11-17 00:00:00+00:00,0.7290596381505512,1,0,1,0,0,0,1.0,2,True,BUY,AMR,0.6762198199155356
EURJPY_AMR,2025-11-17 00:15:00+00:00,0.458365164247528,2,1,2,0,1,0,1.0,3,True,SELL,AMR,0.3018657459664033
CADJPY_AMR,2025-11-17 01:45:00+00:00,0.530577088716623,1,0,1,0,0,0,1.0,2,True,SELL,AMR,0.5466496693490559
AUDJPY_AMR,2025-11-17 03:30:00+00:00,0.5614035087719552,1,0,1,0,0,0,1.0,2,True,BUY,AMR,0.6590860701548943
EURJPY_AMR,2025-11-19 04:00:00+00:00,0.5691056910569315,0,0,0,0,0,0,0.0,0,True,BUY,AMR,0.2120841909567757
CADJPY_AMR,2025-11-20 03:45:00+00:00,0.5992133232906427,1,1,0,1,1,0,1.0,2,True,SELL,AMR,0.7166626829203516
GBPJPY_AMR,2025-11-20 03:45:00+00:00,-1.05164319248824,1,1,0,1,1,0,1.0,2,True,SELL,AMR,0.6892480543971952
CADJPY_ARB,2025-11-20 07:00:00+00:00,-1.0518134715026024,2,2,0,2,2,0,1.0,3,True,BUY,ARB,0.4993868955589913
EURJPY_AMR,2025-11-21 01:00:00+00:00,0.6159624413145225,0,0,0,0,0,0,0.0,0,True,BUY,AMR,0.6929287563906779
GBPUSD_MONDAY,2025-11-24 00:00:00+00:00,0.1629504640231413,0,0,0,0,0,0,0.0,0,False,BUY,MONDAY,0.7211287139275617
AUDJPY_AMR,2025-11-24 01:00:00+00:00,0.6126495726495583,2,1,1,1,1,0,0.5,4,True,SELL,AMR,0.9126523659977644
EURJPY_AMR,2025-11-24 01:00:00+00:00,-1.1015576323988194,2,1,1,1,1,0,0.5,4,True,SELL,AMR,0.6689994024301176
CADJPY_AMR,2025-11-24 01:45:00+00:00,0.5978449774070191,3,2,1,2,2,0,0.667,5,True,SELL,AMR,0.7935224284917537
AUDJPY_AMR,2025-11-25 01:00:00+00:00,0.5675915368047453,2,2,0,2,2,0,1.0,3,True,SELL,AMR,0.3833368818864108
EURJPY_AMR,2025-11-25 01:00:00+00:00,0.4738213693438208,2,2,0,2,2,0,1.0,3,True,SELL,AMR,0.131120111546378
GBPJPY_AMR,2025-11-25 02:45:00+00:00,0.7253837072019061,1,1,0,1,1,0,1.0,2,True,BUY,AMR,0.4118436080639592
CADJPY_ARB,2025-11-25 08:00:00+00:00,-1.0668896321070505,2,2,1,1,2,0,1.0,3,True,SELL,ARB,0.2288212400703737
AUDJPY_AMR,2025-11-26 00:00:00+00:00,0.5620232838218258,2,2,1,1,1,1,1.0,3,True,BUY,AMR,0.5431814552616171
EURJPY_AMR,2025-11-26 00:00:00+00:00,0.5675840978593698,2,2,1,1,1,1,1.0,3,True,BUY,AMR,0.2646437819533895
CADJPY_AMR,2025-11-26 03:00:00+00:00,0.6020665527622033,1,1,0,1,0,1,1.0,2,True,SELL,AMR,0.5155897272461689
EURJPY_AMR,2025-11-27 00:00:00+00:00,0.5231607629428338,0,0,0,0,0,0,0.0,0,True,BUY,AMR,0.1379191288759046
GBPJPY_AMR,2025-11-27 01:45:00+00:00,-1.1115789473685451,0,0,0,0,0,0,0.0,0,True,BUY,AMR,0.3817896889691625
CADJPY_AMR,2025-11-27 02:00:00+00:00,-1.0818713450292563,2,2,2,0,2,0,1.0,3,True,BUY,AMR,0.3492550394390885
AUDJPY_AMR,2025-11-27 02:00:00+00:00,-1.136898755465941,2,2,2,0,2,0,1.0,3,True,BUY,AMR,0.309149944110289
AUDJPY_AMR,2025-11-28 00:00:00+00:00,0.4523424878837251,2,2,2,0,2,0,1.0,3,True,BUY,AMR,0.0055091286527918
EURJPY_AMR,2025-11-28 00:00:00+00:00,0.4127579737337475,2,2,2,0,2,0,1.0,3,True,BUY,AMR,0.0099462187105769
CADJPY_AMR,2025-11-28 00:00:00+00:00,0.5438435685915164,2,2,2,0,2,0,1.0,3,True,BUY,AMR,0.0497171540116325
EURJPY_AMR,2025-12-01 00:00:00+00:00,0.5847953216374199,4,3,4,0,3,0,0.75,5,True,BUY,AMR,0.2652280725051457
CADJPY_AMR,2025-12-01 00:00:00+00:00,0.5232974910394067,4,3,4,0,3,0,0.75,5,True,BUY,AMR,0.4458476084242955
GBPJPY_AMR,2025-12-01 00:00:00+00:00,0.7425320056899424,4,3,4,0,3,0,0.75,6,True,BUY,AMR,0.5721931525405721
AUDJPY_AMR,2025-12-01 00:00:00+00:00,0.5916942300624887,4,3,4,0,3,0,0.75,5,True,BUY,AMR,0.4949433118645872
GBPUSD_MONDAY,2025-12-01 00:00:00+00:00,-0.1699637427644555,4,4,4,0,4,0,1.0,5,False,BUY,MONDAY,0.4928255187496666
EURJPY_AMR,2025-12-02 00:00:00+00:00,0.5239865462914634,1,1,1,0,1,0,1.0,2,True,BUY,AMR,0.0980811367107097
CADJPY_AMR,2025-12-02 00:00:00+00:00,0.5241428827857832,1,1,1,0,1,0,1.0,2,True,BUY,AMR,0.2209252914774387
GBPJPY_AMR,2025-12-02 03:00:00+00:00,-1.063510848126103,1,1,0,1,1,0,1.0,2,True,SELL,AMR,0.2493691731520093
AUDJPY_AMR,2025-12-02 03:00:00+00:00,-1.0871199914062228,1,1,0,1,1,0,1.0,2,True,SELL,AMR,0.2167722361207217
CADJPY_ARB,2025-12-02 08:00:00+00:00,-1.0666666666666262,2,2,0,2,2,0,1.0,3,True,BUY,ARB,0.1771605267366849
AUDJPY_AMR,2025-12-03 00:00:00+00:00,0.5065359477123639,1,1,1,0,0,1,1.0,2,True,BUY,AMR,0.2107574386543886
EURJPY_AMR,2025-12-03 04:15:00+00:00,0.5597359735973647,1,1,1,0,0,1,1.0,2,True,SELL,AMR,0.1967864019653409
EURJPY_AMR,2025-12-04 01:30:00+00:00,-1.1896264572922566,1,1,1,0,0,1,1.0,2,True,BUY,AMR,0.223995750614169
AUDJPY_AMR,2025-12-04 02:15:00+00:00,-1.1058201058200638,1,1,1,0,0,1,1.0,2,True,SELL,AMR,0.2130462553893649
GBPJPY_AMR,2025-12-05 00:00:00+00:00,0.7332908975174395,3,3,3,0,3,0,1.0,4,True,BUY,AMR,0.2880156179446997
CADJPY_AMR,2025-12-05 00:00:00+00:00,0.4819277108432953,3,3,3,0,3,0,1.0,4,True,BUY,AMR,0.1941943537035561
AUDJPY_AMR,2025-12-05 00:00:00+00:00,0.5215794306703404,3,3,3,0,3,0,1.0,4,True,BUY,AMR,0.2363336349603449
EURJPY_AMR,2025-12-05 00:00:00+00:00,0.4915912031049155,3,3,3,0,3,0,1.0,4,True,BUY,AMR,0.1084124560122169
CADJPY_ARB,2025-12-05 07:00:00+00:00,-1.0533333333333332,0,0,0,0,0,0,0.0,0,True,SELL,ARB,0.3141760409447139
AUDJPY_AMR,2025-12-08 00:00:00+00:00,0.5772384388323974,3,2,3,0,2,0,0.667,4,True,BUY,AMR,0.316255921647948
EURJPY_AMR,2025-12-08 00:00:00+00:00,0.5815831987075664,3,2,3,0,2,0,0.667,4,True,BUY,AMR,0.2296527455016267
GBPJPY_AMR,2025-12-08 00:00:00+00:00,0.7469095640858786,3,2,3,0,2,0,0.667,5,True,BUY,AMR,0.5741055539323754
GBPUSD_MONDAY,2025-12-08 00:00:00+00:00,-0.0568990042674255,3,3,3,0,3,0,1.0,4,False,BUY,MONDAY,0.2771110044273751
CADJPY_AMR,2025-12-08 00:15:00+00:00,0.5754385964911776,4,3,4,0,3,0,0.75,5,True,BUY,AMR,0.7180038775130799
CADJPY_AMR,2025-12-09 02:45:00+00:00,0.5385878489325933,1,1,0,1,1,0,1.0,2,True,SELL,AMR,0.2657424375215786
EURJPY_AMR,2025-12-09 02:45:00+00:00,0.5604958232281784,1,1,0,1,1,0,1.0,2,True,SELL,AMR,0.227262465971715
CADJPY_AMR,2025-12-10 00:00:00+00:00,0.4681933842239177,1,1,1,0,1,0,1.0,2,True,BUY,AMR,0.3049557804159031
GBPJPY_AMR,2025-12-10 00:00:00+00:00,0.7081284350592547,1,1,1,0,1,0,1.0,2,True,BUY,AMR,0.3855879306223272
EURJPY_AMR,2025-12-10 02:45:00+00:00,0.5949447942330658,0,0,0,0,0,0,0.0,0,True,BUY,AMR,0.3202974570081668
AUDJPY_AMR,2025-12-10 03:00:00+00:00,-1.1560242140210115,1,1,1,0,1,0,1.0,2,True,BUY,AMR,0.3237344972587427
EURJPY_AMR,2025-12-11 01:30:00+00:00,0.6106022758812424,3,3,3,0,3,0,1.0,4,True,BUY,AMR,0.6950136113139898
CADJPY_AMR,2025-12-11 01:30:00+00:00,-1.0646766169154578,3,3,3,0,3,0,1.0,4,True,BUY,AMR,0.6887631795607255
GBPJPY_AMR,2025-12-11 01:30:00+00:00,-1.054425317336078,3,3,3,0,3,0,1.0,4,True,BUY,AMR,0.6282504183378045
AUDJPY_AMR,2025-12-11 01:30:00+00:00,-1.0612370815980388,3,3,3,0,3,0,1.0,4,True,BUY,AMR,0.7107574386543887
EURJPY_AMR,2025-12-12 02:15:00+00:00,0.5867475973697595,1,1,0,1,1,0,1.0,2,True,SELL,AMR,0.3768275678905783
AUDJPY_AMR,2025-12-12 02:15:00+00:00,-1.1153573956122986,1,1,0,1,1,0,1.0,2,True,SELL,AMR,0.4672512907861819
AUDJPY_AMR,2025-12-15 00:00:00+00:00,0.5270362765229659,1,0,1,0,0,0,1.0,2,True,BUY,AMR,0.5947330600947464
GBPUSD_MONDAY,2025-12-15 00:00:00+00:00,-0.0171593270326429,1,1,1,0,1,0,1.0,2,False,BUY,MONDAY,0.3638448818477623
CADJPY_AMR,2025-12-15 00:30:00+00:00,0.5584926121729564,2,1,2,0,1,0,0.5,4,True,BUY,AMR,0.6006825485353092
EURJPY_AMR,2025-12-15 00:30:00+00:00,0.5610171713199619,2,1,2,0,1,0,0.5,4,True,BUY,AMR,0.4267976893964544
CADJPY_ARB,2025-12-15 07:00:00+00:00,-1.029673590504441,1,0,1,0,0,0,1.0,2,True,SELL,ARB,0.4449005704536973
EURJPY_AMR,2025-12-16 00:00:00+00:00,0.4975753742357461,4,4,3,1,3,1,1.0,4,True,BUY,AMR,0.3449306154969789
CADJPY_AMR,2025-12-16 00:00:00+00:00,0.5195755579948929,4,4,3,1,3,1,1.0,5,True,BUY,AMR,0.3487769898812843
GBPJPY_AMR,2025-12-16 00:00:00+00:00,0.7093377666944573,4,4,3,1,3,1,1.0,4,True,BUY,AMR,0.2887062073361842
AUDJPY_AMR,2025-12-16 00:00:00+00:00,0.5635259144371062,4,4,3,1,3,1,1.0,4,True,BUY,AMR,0.2205780592963219
EURJPY_AMR,2025-12-17 02:30:00+00:00,0.5502461627570994,3,3,2,1,2,1,1.0,3,True,BUY,AMR,0.4309673992430781
AUDJPY_AMR,2025-12-17 02:30:00+00:00,0.588521874695529,3,3,2,1,2,1,1.0,3,True,BUY,AMR,0.5764358332889764
CADJPY_AMR,2025-12-17 02:30:00+00:00,0.5364356115689157,3,3,2,1,2,1,1.0,4,True,BUY,AMR,0.5229729370833666
EURJPY_AMR,2025-12-18 00:15:00+00:00,-1.1991869918701157,1,1,0,1,0,1,1.0,2,True,BUY,AMR,0.2728504083394197
AUDJPY_AMR,2025-12-18 01:45:00+00:00,0.5789530960931142,2,2,1,1,1,1,1.0,3,True,BUY,AMR,0.3105471868845478
GBPJPY_AMR,2025-12-18 01:45:00+00:00,0.7355573637103257,2,2,1,1,1,1,1.0,3,True,BUY,AMR,0.2803660123774867
CADJPY_AMR,2025-12-18 03:45:00+00:00,-1.1006879299561907,1,1,0,1,0,1,1.0,2,True,SELL,AMR,0.4603750033197886
EURJPY_AMR,2025-12-19 00:00:00+00:00,0.5869776482022049,2,2,1,1,1,1,1.0,3,True,BUY,AMR,0.372538344067459
GBPJPY_AMR,2025-12-19 00:00:00+00:00,0.7351950881361519,2,2,1,1,1,1,1.0,3,True,BUY,AMR,0.3734627745756859
AUDJPY_AMR,2025-12-19 02:30:00+00:00,0.5843953994404856,2,2,0,2,1,1,1.0,2,True,SELL,AMR,0.3411002288816735
CADJPY_AMR,2025-12-19 02:30:00+00:00,-1.1088125775753366,2,2,0,2,1,1,1.0,3,True,SELL,AMR,0.4918598783629458
CADJPY_AMR,2025-12-22 00:00:00+00:00,0.5493562231760231,1,0,1,0,0,0,1.0,2,True,BUY,AMR,0.6616604254641064
GBPUSD_MONDAY,2025-12-22 00:00:00+00:00,0.7877599058454339,1,1,1,0,1,0,1.0,2,False,BUY,MONDAY,0.5165093081559716
AUDJPY_AMR,2025-12-22 00:30:00+00:00,0.5853051058530426,3,2,3,0,2,0,0.667,5,True,BUY,AMR,0.576209613030287
EURJPY_AMR,2025-12-22 00:30:00+00:00,0.5691660480079993,3,2,3,0,2,0,0.667,5,True,BUY,AMR,0.584117920456809
CADJPY_AMR,2025-12-23 01:30:00+00:00,-1.1285061969992318,0,0,0,0,0,0,0.0,0,True,BUY,AMR,0.5768199081082517
EURJPY_AMR,2025-12-23 02:45:00+00:00,-1.051458538184265,3,3,3,0,3,0,1.0,4,True,BUY,AMR,0.5928291614102649
AUDJPY_AMR,2025-12-23 02:45:00+00:00,-1.0745927407831084,3,3,3,0,3,0,1.0,4,True,BUY,AMR,0.3607148560174589
GBPJPY_AMR,2025-12-23 02:45:00+00:00,-1.0553656869446593,3,3,3,0,3,0,1.0,4,True,BUY,AMR,0.4761746659937847
CADJPY_AMR,2025-12-24 02:45:00+00:00,-1.1102085025724906,2,2,2,0,2,0,1.0,3,True,BUY,AMR,0.6348498127639232
AUDJPY_AMR,2025-12-24 02:45:00+00:00,0.5567271193589248,2,2,2,0,2,0,1.0,3,True,BUY,AMR,0.3681535104061319
EURJPY_AMR,2025-12-24 02:45:00+00:00,-1.07660455486545,2,2,2,0,2,0,1.0,3,True,BUY,AMR,0.6184184317110417
GBPJPY_AMR,2025-12-24 03:15:00+00:00,-1.0562414266117364,3,3,3,0,3,0,1.0,4,True,BUY,AMR,0.7117187707508832
GBPJPY_AMR,2025-12-26 00:00:00+00:00,0.747784045124908,1,1,1,0,1,0,1.0,2,True,SELL,AMR,0.5399479401843342
AUDJPY_AMR,2025-12-26 00:00:00+00:00,0.5439653840210213,1,1,0,1,1,0,1.0,2,True,BUY,AMR,0.1329642838132751
EURJPY_AMR,2025-12-26 01:45:00+00:00,-0.6998970739597307,1,1,0,1,1,0,1.0,2,True,SELL,AMR,0.6269703206958369
CADJPY_AMR,2025-12-26 01:45:00+00:00,-1.0661497455778255,1,1,0,1,1,0,1.0,2,True,SELL,AMR,0.4732823413805009
GBPJPY_AMR,2025-12-29 00:00:00+00:00,0.7049529018534554,3,2,3,0,2,0,0.667,5,True,BUY,AMR,0.3218412175622194
GBPUSD_MONDAY,2025-12-29 00:00:00+00:00,-0.0797872340425536,3,3,3,0,3,0,1.0,4,False,BUY,MONDAY,0.4662612684696218
EURJPY_AMR,2025-12-29 00:00:00+00:00,0.5375286791214814,3,2,3,0,2,0,0.667,4,True,BUY,AMR,0.3079742380983998
AUDJPY_AMR,2025-12-29 00:00:00+00:00,0.6156585893277314,3,2,3,0,2,0,0.667,4,True,BUY,AMR,0.1908766700377921
CADJPY_AMR,2025-12-29 00:30:00+00:00,0.5046805046805644,2,1,2,0,1,0,0.5,4,True,BUY,AMR,0.3248612328366929
AUDJPY_AMR,2025-12-30 00:15:00+00:00,0.5712245626561272,0,0,0,0,0,0,0.0,0,True,BUY,AMR,0.1978761909831266
EURJPY_AMR,2025-12-30 01:15:00+00:00,0.5533938607869141,1,1,0,1,1,0,1.0,2,True,SELL,AMR,0.6036518159484762
GBPJPY_AMR,2025-12-30 01:15:00+00:00,0.6743295019157934,1,1,0,1,1,0,1.0,2,True,SELL,AMR,0.3182953066482509
CADJPY_AMR,2025-12-30 02:45:00+00:00,0.5808580858085316,0,0,0,0,0,0,0.0,0,True,SELL,AMR,0.5706982179374818
CADJPY_AMR,2025-12-31 00:00:00+00:00,0.5642394205107819,3,3,3,0,3,0,1.0,4,True,BUY,AMR,0.3203197620375534
GBPJPY_AMR,2025-12-31 00:00:00+00:00,0.7025089605735335,3,3,3,0,3,0,1.0,4,True,BUY,AMR,0.2426093654545937
EURJPY_AMR,2025-12-31 00:00:00+00:00,0.5976300875837451,3,3,3,0,3,0,1.0,4,True,BUY,AMR,0.2987185445853529
AUDJPY_AMR,2025-12-31 00:00:00+00:00,0.5651412853213672,3,3,3,0,3,0,1.0,4,True,BUY,AMR,0.2115425560227817
EURJPY_AMR,2026-01-02 01:00:00+00:00,0.5821474773608701,0,0,0,0,0,0,0.0,0,True,SELL,AMR,0.2954651085585286
AUDJPY_AMR,2026-01-02 03:30:00+00:00,-1.0624904038078284,0,0,0,0,0,0,0.0,0,True,SELL,AMR,0.3196093043061692
CADJPY_ARB,2026-01-02 07:00:00+00:00,-1.0638977635782665,1,1,0,1,1,0,1.0,2,True,BUY,ARB,0.162765900730394
GBPUSD_MONDAY,2026-01-05 00:00:00+00:00,0.7867409394126962,2,2,2,0,2,0,1.0,3,False,BUY,MONDAY,0.4853043153571238
GBPJPY_AMR,2026-01-05 00:00:00+00:00,0.722479863314644,2,1,2,0,1,0,0.5,4,True,BUY,AMR,0.3207389306488884
CADJPY_AMR,2026-01-05 00:00:00+00:00,0.555321834244738,2,1,2,0,1,0,1.0,3,True,BUY,AMR,0.4273763046769182
EURJPY_AMR,2026-01-05 00:45:00+00:00,0.6011598464428795,4,3,4,0,3,0,0.75,5,True,BUY,AMR,0.2830887723258747
AUDJPY_AMR,2026-01-05 00:45:00+00:00,0.6039380496536593,4,3,4,0,3,0,0.75,5,True,BUY,AMR,0.7842657156544419
AUDJPY_AMR,2026-01-06 00:45:00+00:00,-1.1019695836451728,1,1,0,1,1,0,1.0,2,True,SELL,AMR,0.2224144355139192
EURJPY_AMR,2026-01-06 00:45:00+00:00,0.5932517612160717,1,1,0,1,1,0,1.0,2,True,SELL,AMR,0.4195604541531106
CADJPY_AMR,2026-01-06 01:15:00+00:00,0.5641606850523107,2,2,0,2,2,0,1.0,3,True,SELL,AMR,0.3999282925663294
GBPJPY_AMR,2026-01-07 02:00:00+00:00,0.7105190119346206,1,1,0,1,1,0,1.0,2,True,SELL,AMR,0.2156099763605939
EURJPY_AMR,2026-01-07 02:00:00+00:00,0.5454275974507407,1,1,0,1,1,0,1.0,2,True,SELL,AMR,0.2382046344864218
AUDJPY_AMR,2026-01-07 02:30:00+00:00,0.5160793375698749,1,1,1,0,1,0,1.0,2,True,BUY,AMR,0.4969926012668334
CADJPY_AMR,2026-01-07 02:30:00+00:00,0.5308831036243127,1,1,1,0,1,0,1.0,2,True,BUY,AMR,0.3595596632406448
CADJPY_ARB,2026-01-07 07:00:00+00:00,1.5999999999999686,0,0,0,0,0,0,0.0,0,True,SELL,ARB,0.2283414192034973
EURJPY_AMR,2026-01-08 00:00:00+00:00,0.5214557305812035,1,1,0,1,0,1,1.0,2,True,BUY,AMR,0.1017329526591859
GBPJPY_AMR,2026-01-08 00:15:00+00:00,0.6872559460418868,2,2,1,1,1,1,1.0,3,True,BUY,AMR,0.0968153204600387
AUDJPY_AMR,2026-01-08 03:15:00+00:00,0.5455635491606879,1,1,0,1,0,1,1.0,2,True,SELL,AMR,0.1837174642039708
CADJPY_AMR,2026-01-08 03:30:00+00:00,0.549828178694097,2,2,0,2,1,1,1.0,3,True,SELL,AMR,0.2759939447056011
CADJPY_ARB,2026-01-08 08:00:00+00:00,-1.0689655172414083,0,0,0,0,0,0,0.0,0,True,SELL,ARB,0.1765740790105027
EURJPY_AMR,2026-01-09 03:00:00+00:00,-1.097753491196158,0,0,0,0,0,0,0.0,0,True,SELL,AMR,0.2894761304030276
CADJPY_ARB,2026-01-09 07:00:00+00:00,0.4282868525896454,0,0,0,0,0,0,0.0,0,True,BUY,ARB,0.2155461960867942
GBPUSD_MONDAY,2026-01-12 00:00:00+00:00,0.7869025613942443,1,1,1,0,1,0,1.0,2,False,BUY,MONDAY,0.4429508721395423
AUDJPY_AMR,2026-01-12 00:00:00+00:00,0.5349381477765948,1,0,1,0,0,0,1.0,2,True,BUY,AMR,0.1323787725554905
EURJPY_AMR,2026-01-12 00:15:00+00:00,-1.1101951085463877,2,1,2,0,1,0,0.5,4,True,SELL,AMR,0.2608857313591395
CADJPY_AMR,2026-01-12 01:00:00+00:00,0.53279379531277,2,1,1,1,1,0,0.5,4,True,SELL,AMR,0.384444798555228
AUDJPY_AMR,2026-01-13 00:00:00+00:00,0.5386565272496288,2,2,2,0,2,0,1.0,3,True,BUY,AMR,0.1177276840368339
CADJPY_AMR,2026-01-13 00:00:00+00:00,0.5125262956588607,2,2,2,0,2,0,1.0,3,True,BUY,AMR,0.2815446312378827
EURJPY_AMR,2026-01-13 00:00:00+00:00,0.5507745266781786,2,2,2,0,2,0,1.0,3,True,BUY,AMR,0.1587942367704667
GBPJPY_AMR,2026-01-13 03:15:00+00:00,-1.0366350067842278,0,0,0,0,0,0,0.0,0,True,SELL,AMR,0.4802252383861457
AUDJPY_AMR,2026-01-14 00:45:00+00:00,-1.156342182891054,0,0,0,0,0,0,0.0,0,True,SELL,AMR,0.2510512588492042
CADJPY_AMR,2026-01-14 03:00:00+00:00,0.5514004986068003,3,3,0,3,3,0,1.0,4,True,SELL,AMR,0.4261413433192574
GBPJPY_AMR,2026-01-14 03:00:00+00:00,0.7348295926849525,3,3,0,3,3,0,1.0,4,True,SELL,AMR,0.3169141278652819
EURJPY_AMR,2026-01-14 03:00:00+00:00,0.5870764381402063,3,3,0,3,3,0,1.0,4,True,SELL,AMR,0.3678905783148529
CADJPY_AMR,2026-01-15 00:30:00+00:00,0.5795248748268637,0,0,0,0,0,0,0.0,0,True,BUY,AMR,0.5752264095822378
AUDJPY_AMR,2026-01-16 00:00:00+00:00,0.5128205128204739,0,0,0,0,0,0,0.0,0,True,BUY,AMR,0.1419465587906531
EURJPY_AMR,2026-01-16 01:15:00+00:00,0.4941539819104824,1,1,0,1,1,0,1.0,2,True,SELL,AMR,0.2239293539605603
CADJPY_AMR,2026-01-16 01:15:00+00:00,0.5021971123667776,1,1,0,1,1,0,1.0,2,True,SELL,AMR,0.2615860621995591
EURJPY_AMR,2026-01-19 00:00:00+00:00,0.6403162055335606,4,3,4,0,3,0,0.75,5,True,BUY,AMR,0.5751676515503619
GBPJPY_AMR,2026-01-19 00:00:00+00:00,0.782470903229325,4,3,4,0,3,0,0.75,6,True,BUY,AMR,0.684467050917687
GBPUSD_MONDAY,2026-01-19 00:00:00+00:00,0.7867591511572019,4,4,4,0,4,0,1.0,5,False,BUY,MONDAY,0.3912092601482904
CADJPY_AMR,2026-01-19 00:00:00+00:00,0.5785667324128697,4,3,4,0,3,0,0.75,5,True,BUY,AMR,0.3779512920617215
AUDJPY_AMR,2026-01-19 00:00:00+00:00,0.626922513549159,4,3,4,0,3,0,0.75,5,True,BUY,AMR,0.4801192313834034
CADJPY_ARB,2026-01-19 07:00:00+00:00,1.8520547945205736,2,1,2,0,1,0,1.0,3,True,BUY,ARB,0.3390734125926321
CADJPY_AMR,2026-01-20 00:00:00+00:00,0.435422182994962,2,2,2,0,1,1,1.0,3,True,BUY,AMR,0.1304544126630016
AUDJPY_AMR,2026-01-20 00:00:00+00:00,0.5221548078691952,2,2,2,0,1,1,1.0,2,True,BUY,AMR,0.0785516580614254
EURJPY_AMR,2026-01-20 01:15:00+00:00,0.4590505998955406,1,1,1,0,0,1,1.0,2,True,SELL,AMR,0.1302436757187437
GBPJPY_AMR,2026-01-20 02:45:00+00:00,0.748045316738438,1,1,1,0,0,1,1.0,2,True,BUY,AMR,0.4021620760179553
CADJPY_ARB,2026-01-20 08:00:00+00:00,1.2661870503597183,0,0,0,0,0,0,0.0,0,True,BUY,ARB,0.3521352028575998
AUDJPY_AMR,2026-01-21 00:00:00+00:00,0.5372645372645606,1,1,1,0,0,1,1.0,2,True,BUY,AMR,0.3565763559908447
EURJPY_AMR,2026-01-21 02:00:00+00:00,0.5422647527910603,1,1,1,0,0,1,1.0,2,True,SELL,AMR,0.3350507934400106
EURJPY_AMR,2026-01-22 00:00:00+00:00,0.5766479586222731,1,1,1,0,0,1,1.0,2,True,BUY,AMR,0.4583759378527322
AUDJPY_AMR,2026-01-22 02:30:00+00:00,-1.0342859651433003,1,1,1,0,0,1,1.0,2,True,SELL,AMR,0.8232022142971204
CADJPY_AMR,2026-01-22 03:45:00+00:00,-1.1382113821136794,2,2,1,1,1,1,1.0,3,True,SELL,AMR,0.5241946192866438
CADJPY_AMR,2026-01-23 01:45:00+00:00,-1.1451942740287346,1,1,1,0,0,1,1.0,2,True,SELL,AMR,0.3456431094467904
AUDJPY_AMR,2026-01-23 02:00:00+00:00,-1.124049060704894,2,2,1,1,1,1,1.0,2,True,SELL,AMR,0.1784345558098685
EURJPY_AMR,2026-01-23 03:15:00+00:00,0.5818942961799581,1,1,0,1,1,0,1.0,2,True,SELL,AMR,0.4425071376402629
CADJPY_ARB,2026-01-23 08:00:00+00:00,-1.0480769230769311,1,1,0,1,1,0,1.0,2,True,BUY,ARB,0.3577864264008104
CADJPY_AMR,2026-01-26 00:00:00+00:00,-1.020954781786633,1,0,1,0,0,0,1.0,2,True,BUY,AMR,0.9786338405970308
GBPUSD_MONDAY,2026-01-26 00:00:00+00:00,0.1103659704924314,1,1,1,0,1,0,1.0,2,False,BUY,MONDAY,0.9051048167706832
AUDJPY_AMR,2026-01-26 00:30:00+00:00,0.6413826212193868,4,3,4,0,3,0,0.75,5,True,BUY,AMR,0.9679964869324532
GBPJPY_AMR,2026-01-26 00:30:00+00:00,0.7878670937367548,4,3,4,0,3,0,0.75,6,True,BUY,AMR,0.9821774814736116
EURJPY_AMR,2026-01-26 00:30:00+00:00,0.6495551866513509,4,3,4,0,3,0,0.75,5,True,BUY,AMR,0.9800544452559592
CADJPY_AMR,2026-01-27 01:45:00+00:00,0.5854873871068179,3,3,2,1,3,0,1.0,4,True,SELL,AMR,0.7241388468382334
EURJPY_AMR,2026-01-27 01:45:00+00:00,0.6029826682789211,3,3,2,1,3,0,1.0,4,True,SELL,AMR,0.6673129274284576
CADJPY_AMR,2026-01-28 03:15:00+00:00,-1.0640870616687574,2,2,2,0,2,0,1.0,3,True,SELL,AMR,0.9418240246461104
EURJPY_AMR,2026-01-28 05:15:00+00:00,-1.0938040844582433,3,3,2,1,3,0,1.0,4,True,BUY,AMR,0.8783082132660514
CADJPY_AMR,2026-01-29 02:15:00+00:00,0.5564738292011244,1,1,1,0,1,0,1.0,2,True,BUY,AMR,0.8864366717127453
AUDJPY_AMR,2026-01-29 03:30:00+00:00,0.6124948958758291,1,1,1,0,1,0,1.0,2,True,BUY,AMR,0.9344626603502422
CADJPY_AMR,2026-01-30 02:00:00+00:00,-1.1144449207028904,1,1,1,0,1,0,1.0,2,True,SELL,AMR,0.8615913738613125
AUDJPY_AMR,2026-01-30 03:30:00+00:00,-1.0889687465969196,1,1,1,0,1,0,1.0,2,True,BUY,AMR,0.947809655612924
EURJPY_AMR,2026-01-30 05:45:00+00:00,-1.05392156862746,1,1,1,0,1,0,1.0,2,True,SELL,AMR,0.8941371754863555
GBPUSD_MONDAY,2026-02-02 00:00:00+00:00,-0.303089010870735,0,0,0,0,0,0,0.0,0,False,BUY,MONDAY,0.9557262495332588
CADJPY_AMR,2026-02-02 00:15:00+00:00,0.6203656534782411,3,2,1,2,2,0,0.667,4,True,SELL,AMR,0.9113616444904789
EURJPY_AMR,2026-02-02 00:15:00+00:00,0.645283529570993,3,2,1,2,2,0,0.667,4,True,SELL,AMR,0.8827567890578315
GBPJPY_AMR,2026-02-02 00:15:00+00:00,0.779086010776309,3,2,1,2,2,0,0.667,5,True,SELL,AMR,0.8812451857951075
AUDJPY_AMR,2026-02-02 02:00:00+00:00,-1.0844273668480404,3,2,1,2,2,0,0.667,4,True,SELL,AMR,0.9711236493319848
CADJPY_ARB,2026-02-02 07:00:00+00:00,-1.0272479564032575,2,1,1,1,1,0,0.5,4,True,SELL,ARB,0.8866556485578717
AUDJPY_AMR,2026-02-03 01:15:00+00:00,-1.1478072550079923,1,1,0,1,0,1,1.0,2,True,SELL,AMR,0.7009102038643743
EURJPY_AMR,2026-02-03 02:15:00+00:00,-1.101928374655539,2,2,0,2,1,1,1.0,3,True,SELL,AMR,0.442653210278202
GBPJPY_AMR,2026-02-03 02:15:00+00:00,-1.1646586345377097,2,2,0,2,1,1,1.0,3,True,SELL,AMR,0.3595845839198916
CADJPY_AMR,2026-02-03 02:30:00+00:00,0.537634408602135,3,3,0,3,2,1,1.0,4,True,SELL,AMR,0.5130135712957798
EURJPY_AMR,2026-02-04 02:15:00+00:00,-1.1289537712893778,0,0,0,0,0,0,0.0,0,True,SELL,AMR,0.4361330588938317
CADJPY_AMR,2026-02-04 02:30:00+00:00,-1.1273080660836736,1,1,0,1,1,0,1.0,2,True,SELL,AMR,0.4316389132340053
GBPJPY_AMR,2026-02-04 03:00:00+00:00,-1.03561030235159,1,1,0,1,1,0,1.0,2,True,SELL,AMR,0.4958166219554304
AUDJPY_AMR,2026-02-04 03:00:00+00:00,-1.0460157126823395,1,1,0,1,1,0,1.0,2,True,SELL,AMR,0.8394235375525629
CADJPY_ARB,2026-02-04 07:00:00+00:00,0.8254269449715353,1,1,0,1,1,0,1.0,2,True,BUY,ARB,0.3592792024310924
CADJPY_AMR,2026-02-05 02:15:00+00:00,0.5125172481764914,2,2,1,1,1,1,1.0,3,True,SELL,AMR,0.534406289007516
AUDJPY_AMR,2026-02-05 02:15:00+00:00,0.5674808783616719,2,2,1,1,1,1,1.0,2,True,SELL,AMR,0.8090834087400862
EURJPY_AMR,2026-02-05 02:45:00+00:00,0.5284552845528561,2,2,1,1,1,1,1.0,3,True,BUY,AMR,0.5113737467631632
CADJPY_AMR,2026-02-06 00:00:00+00:00,-1.07776126795443,1,1,1,0,0,1,1.0,2,True,BUY,AMR,0.8124983401057021
GBPJPY_AMR,2026-02-06 01:15:00+00:00,-1.0557672324212817,3,3,3,0,2,1,1.0,3,True,BUY,AMR,0.7389704905840793
EURJPY_AMR,2026-02-06 01:15:00+00:00,-1.0727542687453986,3,3,3,0,2,1,1.0,3,True,BUY,AMR,0.6662240223092756
AUDJPY_AMR,2026-02-06 02:00:00+00:00,0.6475390716118617,1,1,1,0,0,1,1.0,2,True,BUY,AMR,0.9588012987704264
GBPJPY_AMR,2026-02-09 00:00:00+00:00,0.7560746408914225,4,3,4,0,3,0,0.75,6,True,BUY,AMR,0.692395548354538
EURJPY_AMR,2026-02-09 00:00:00+00:00,0.5606240909692267,4,3,4,0,3,0,0.75,5,True,BUY,AMR,0.7447048668747095
GBPUSD_MONDAY,2026-02-09 00:00:00+00:00,0.7122789287518942,4,4,4,0,4,0,1.0,5,False,BUY,MONDAY,0.5904411372486265
CADJPY_AMR,2026-02-09 00:00:00+00:00,0.6070311904217373,4,3,4,0,3,0,0.75,5,True,BUY,AMR,0.819005125753592
AUDJPY_AMR,2026-02-09 00:00:00+00:00,0.5781632199244398,4,3,4,0,3,0,0.75,5,True,BUY,AMR,0.8361366902645446
AUDJPY_AMR,2026-02-10 00:00:00+00:00,0.5839416058394646,1,1,1,0,1,0,1.0,2,True,BUY,AMR,0.7265263213924522
CADJPY_AMR,2026-02-10 00:00:00+00:00,0.5638095238096092,1,1,1,0,1,0,1.0,2,True,BUY,AMR,0.8154861498419781
EURJPY_AMR,2026-02-10 02:15:00+00:00,0.6106870229007328,0,0,0,0,0,0,0.0,0,True,SELL,AMR,0.6709780227076555
EURJPY_AMR,2026-02-11 02:15:00+00:00,-1.1071756526302243,0,0,0,0,0,0,0.0,0,True,BUY,AMR,0.4199853927362061
GBPJPY_AMR,2026-02-11 02:30:00+00:00,-1.041396000509489,2,2,2,0,2,0,1.0,3,True,BUY,AMR,0.5570533081887965
CADJPY_AMR,2026-02-11 02:30:00+00:00,-1.083540115798222,2,2,2,0,2,0,1.0,3,True,BUY,AMR,0.6785913473030037
CADJPY_ARB,2026-02-11 07:00:00+00:00,0.9952830188679258,0,0,0,0,0,0,0.0,0,True,SELL,ARB,0.7632883723409927
CADJPY_AMR,2026-02-12 02:00:00+00:00,0.5737234652897694,2,2,0,2,1,1,1.0,3,True,SELL,AMR,0.8141847927124001
AUDJPY_AMR,2026-02-12 02:00:00+00:00,0.593427230046918,2,2,0,2,1,1,1.0,2,True,SELL,AMR,0.8738090168733699
EURJPY_AMR,2026-02-12 03:00:00+00:00,0.6060606060605984,1,1,0,1,0,1,1.0,2,True,BUY,AMR,0.8840316048071177
GBPJPY_AMR,2026-02-13 03:00:00+00:00,-1.0311007117090476,4,4,0,4,3,1,1.0,4,True,SELL,AMR,0.8847512550134133
AUDJPY_AMR,2026-02-13 03:00:00+00:00,0.6240775880244671,4,4,0,4,3,1,1.0,4,True,SELL,AMR,0.957270985255762
CADJPY_AMR,2026-02-13 03:00:00+00:00,0.6159624413145554,4,4,0,4,3,1,1.0,5,True,SELL,AMR,0.904323692667251
EURJPY_AMR,2026-02-13 03:00:00+00:00,0.6361056028616907,4,4,0,4,3,1,1.0,4,True,SELL,AMR,0.8911094880818007
AUDJPY_AMR,2026-02-16 00:00:00+00:00,0.6256232614286801,2,1,2,0,1,0,1.0,3,True,BUY,AMR,0.9084739447490284
GBPJPY_AMR,2026-02-16 00:00:00+00:00,0.7536316947908712,2,1,2,0,1,0,0.5,4,True,BUY,AMR,0.7472442827166724
GBPUSD_MONDAY,2026-02-16 00:00:00+00:00,-0.1384367209268221,2,2,2,0,2,0,1.0,3,False,BUY,MONDAY,0.7302501733610711
CADJPY_AMR,2026-02-16 02:00:00+00:00,-1.0514842597935936,2,1,1,1,1,0,0.5,4,True,SELL,AMR,0.7237537513611133
EURJPY_AMR,2026-02-16 02:00:00+00:00,-1.0450934318003855,2,1,1,1,1,0,0.5,4,True,SELL,AMR,0.7285306420556404
GBPJPY_AMR,2026-02-17 00:00:00+00:00,0.6658259773013182,1,1,1,0,1,0,1.0,2,True,BUY,AMR,0.1060320327233127
AUDJPY_AMR,2026-02-17 00:00:00+00:00,0.5494666082128803,1,1,1,0,1,0,1.0,2,True,BUY,AMR,0.188641081598978
EURJPY_AMR,2026-02-17 01:00:00+00:00,0.5814079618179886,1,1,0,1,1,0,1.0,2,True,SELL,AMR,0.1635482371688467
CADJPY_AMR,2026-02-17 01:00:00+00:00,0.5359801488834236,1,1,0,1,1,0,1.0,2,True,SELL,AMR,0.270576049717154
CADJPY_ARB,2026-02-17 07:00:00+00:00,-1.031746031746016,0,0,0,0,0,0,0.0,0,True,SELL,ARB,0.5231113717545449
EURJPY_AMR,2026-02-18 01:45:00+00:00,0.5819101834281409,2,2,1,1,1,1,1.0,2,True,BUY,AMR,0.3975167651550362
CADJPY_AMR,2026-02-18 01:45:00+00:00,0.520542851831243,2,2,1,1,1,1,1.0,3,True,BUY,AMR,0.5224019334448782
AUDJPY_AMR,2026-02-18 02:30:00+00:00,0.5596305351807465,1,1,0,1,0,1,1.0,2,True,BUY,AMR,0.7290679725341992
EURJPY_AMR,2026-02-19 00:00:00+00:00,0.5175038051751527,0,0,0,0,0,0,0.0,0,True,BUY,AMR,0.4776176880685213
AUDJPY_AMR,2026-02-19 03:00:00+00:00,-1.0540838852096897,0,0,0,0,0,0,0.0,0,True,SELL,AMR,0.7842923298025231
CADJPY_AMR,2026-02-19 03:30:00+00:00,-1.0997086025593128,1,1,0,1,1,0,1.0,2,True,SELL,AMR,0.5217246965713224
GBPJPY_AMR,2026-02-19 03:45:00+00:00,0.7416822429906196,2,2,0,2,2,0,1.0,3,True,SELL,AMR,0.5817551594995883
CADJPY_AMR,2026-02-20 01:30:00+00:00,0.5919429980817029,3,3,0,3,3,0,1.0,4,True,SELL,AMR,0.5918253525615489
EURJPY_AMR,2026-02-20 01:30:00+00:00,0.6077626557211906,3,3,0,3,3,0,1.0,4,True,SELL,AMR,0.5315450501294735
AUDJPY_AMR,2026-02-20 01:30:00+00:00,0.5914425653820669,3,3,0,3,3,0,1.0,4,True,SELL,AMR,0.6641294512162665
GBPJPY_AMR,2026-02-20 01:30:00+00:00,0.7475665152497704,3,3,0,3,3,0,1.0,4,True,SELL,AMR,0.580493505803607
CADJPY_ARB,2026-02-20 07:00:00+00:00,-1.0595238095238142,0,0,0,0,0,0,0.0,0,True,BUY,ARB,0.4560430772511595
GBPUSD_MONDAY,2026-02-23 00:00:00+00:00,0.0228001425008906,1,1,1,0,1,0,1.0,2,False,BUY,MONDAY,0.8741131914439644
GBPJPY_AMR,2026-02-23 00:00:00+00:00,0.7420456588170804,1,0,1,0,0,0,1.0,2,True,BUY,AMR,0.5682089829743154
CADJPY_AMR,2026-02-23 01:15:00+00:00,-1.1042629686698435,1,0,1,0,0,0,1.0,2,True,BUY,AMR,0.68046370807107
EURJPY_AMR,2026-02-23 02:00:00+00:00,-1.1144621571161728,2,1,2,0,1,0,0.5,4,True,BUY,AMR,0.5295531505212138
AUDJPY_AMR,2026-02-23 02:15:00+00:00,-1.052843078159575,3,2,3,0,2,0,0.667,5,True,BUY,AMR,0.8776547612710918
AUDJPY_AMR,2026-02-24 02:00:00+00:00,-1.0592040923794792,2,2,0,2,2,0,1.0,3,True,SELL,AMR,0.624075158354181
CADJPY_AMR,2026-02-24 02:00:00+00:00,-1.0925860234126392,2,2,0,2,2,0,1.0,3,True,SELL,AMR,0.5058029904655672
EURJPY_AMR,2026-02-24 02:00:00+00:00,-1.0735837161126571,2,2,0,2,2,0,1.0,3,True,SELL,AMR,0.4880154040236372
AUDJPY_AMR,2026-02-25 00:00:00+00:00,0.5376860297648142,1,1,1,0,1,0,1.0,2,True,BUY,AMR,0.4811971043806888
EURJPY_AMR,2026-02-25 00:00:00+00:00,0.5495818399043717,1,1,1,0,1,0,1.0,2,True,BUY,AMR,0.3025429918332116
CADJPY_AMR,2026-02-25 01:00:00+00:00,0.5258418872681274,0,0,0,0,0,0,0.0,0,True,SELL,AMR,0.4524871856160199
EURJPY_AMR,2026-02-26 00:15:00+00:00,0.562565720294414,1,1,1,0,1,0,1.0,2,True,BUY,AMR,0.4447911825244007
GBPJPY_AMR,2026-02-26 00:15:00+00:00,0.7296996662959758,1,1,1,0,1,0,1.0,2,True,BUY,AMR,0.4884990305187389
AUDJPY_AMR,2026-02-26 01:30:00+00:00,-1.0879785090665053,0,0,0,0,0,0,0.0,0,True,BUY,AMR,0.6257784638313728
CADJPY_AMR,2026-02-26 02:45:00+00:00,0.5747906766236098,1,1,1,0,1,0,1.0,2,True,BUY,AMR,0.5542187873476218
EURJPY_AMR,2026-02-27 03:15:00+00:00,0.6155392249230294,0,0,0,0,0,0,0.0,0,True,BUY,AMR,0.6880154040236373
GBPJPY_AMR,2026-03-02 00:00:00+00:00,0.7787987748035969,3,2,3,0,2,0,0.667,5,True,BUY,AMR,0.9167972588913385
EURJPY_AMR,2026-03-02 00:00:00+00:00,0.6425702811245252,3,2,3,0,2,0,0.667,4,True,BUY,AMR,0.8123099395790452
AUDJPY_AMR,2026-03-02 00:00:00+00:00,0.6528331459334095,3,2,3,0,2,0,0.667,4,True,BUY,AMR,0.973239474104434
GBPUSD_MONDAY,2026-03-02 00:00:00+00:00,-0.0912721049629209,3,3,3,0,3,0,1.0,4,False,BUY,MONDAY,0.9547660959086788
CADJPY_AMR,2026-03-02 01:30:00+00:00,-1.094138543516676,4,3,4,0,3,0,0.75,5,True,SELL,AMR,0.793177170477784
CADJPY_ARB,2026-03-02 07:00:00+00:00,1.6958904109588948,2,1,1,1,1,0,0.5,4,True,BUY,ARB,0.6203550674414885
CADJPY_AMR,2026-03-03 02:30:00+00:00,0.5485780280063728,2,2,1,1,1,1,1.0,3,True,SELL,AMR,0.6079462459830558
EURJPY_AMR,2026-03-03 02:30:00+00:00,-1.125335862178069,2,2,1,1,1,1,1.0,2,True,SELL,AMR,0.6168780293473209
GBPJPY_AMR,2026-03-03 02:45:00+00:00,0.7466845727714304,3,3,1,2,2,1,1.0,3,True,SELL,AMR,0.6508672209089219
AUDJPY_AMR,2026-03-03 03:00:00+00:00,0.629664812050489,3,3,1,2,2,1,1.0,3,True,SELL,AMR,0.882152552296801
AUDJPY_AMR,2026-03-04 00:00:00+00:00,0.6020488573680443,2,2,2,0,1,1,1.0,2,True,BUY,AMR,0.9617687762814712
CADJPY_AMR,2026-03-04 00:00:00+00:00,0.5929261656815841,2,2,2,0,1,1,1.0,3,True,BUY,AMR,0.7338193503837676
EURJPY_AMR,2026-03-04 02:15:00+00:00,-1.0683102208526858,1,1,1,0,0,1,1.0,2,True,BUY,AMR,0.8199986720669278
GBPJPY_AMR,2026-03-04 02:30:00+00:00,-1.0363636363636417,2,2,2,0,1,1,1.0,3,True,BUY,AMR,0.8323461446519164
EURJPY_AMR,2026-03-05 02:00:00+00:00,-1.058294642199045,2,2,2,0,1,1,1.0,3,True,BUY,AMR,0.4021114135847553
GBPJPY_AMR,2026-03-05 02:00:00+00:00,-1.0577572418695451,2,2,2,0,1,1,1.0,3,True,BUY,AMR,0.4643151212515605
CADJPY_AMR,2026-03-05 02:45:00+00:00,0.6074140241179086,4,4,4,0,3,1,1.0,5,True,BUY,AMR,0.679188909250259
AUDJPY_AMR,2026-03-05 02:45:00+00:00,-1.0789290335422446,4,4,4,0,3,1,1.0,4,True,BUY,AMR,0.6940171395113642
EURJPY_AMR,2026-03-06 01:15:00+00:00,0.574948665297781,1,1,1,0,0,1,1.0,2,True,SELL,AMR,0.5700949472146604
AUDJPY_AMR,2026-03-06 03:00:00+00:00,-1.0563329745245438,1,1,1,0,0,1,1.0,2,True,SELL,AMR,0.8264358332889764
GBPUSD_MONDAY,2026-03-09 00:00:00+00:00,0.5577452850180135,2,2,1,1,2,0,1.0,3,False,BUY,MONDAY,0.991251933642716
CADJPY_AMR,2026-03-09 00:00:00+00:00,-1.03998037772865,2,1,2,0,1,0,0.5,4,True,SELL,AMR,0.832111651130056
EURJPY_AMR,2026-03-09 00:00:00+00:00,0.6384081251943207,2,1,1,1,1,0,0.5,4,True,BUY,AMR,0.8608326140362526
AUDJPY_AMR,2026-03-09 00:15:00+00:00,-1.0603964960811658,3,2,2,1,2,0,0.667,5,True,BUY,AMR,0.9379358066748285
EURJPY_AMR,2026-03-10 00:00:00+00:00,0.6088017804580632,0,0,0,0,0,0,0.0,0,True,SELL,AMR,0.5582365048801541
CADJPY_AMR,2026-03-10 02:30:00+00:00,0.5859065716548207,0,0,0,0,0,0,0.0,0,True,BUY,AMR,0.7795793163891324
AUDJPY_AMR,2026-03-10 02:45:00+00:00,0.5849358974358619,1,1,1,0,1,0,1.0,2,True,BUY,AMR,0.7690557300260819
AUDJPY_AMR,2026-03-11 02:00:00+00:00,-1.164086687306577,0,0,0,0,0,0,0.0,0,True,SELL,AMR,0.5634215148773087
EURJPY_AMR,2026-03-11 02:30:00+00:00,-1.0827629122589255,1,1,0,1,1,0,1.0,2,True,SELL,AMR,0.2426399309474802
GBPJPY_AMR,2026-03-11 02:30:00+00:00,-1.0687285223367815,1,1,0,1,1,0,1.0,2,True,SELL,AMR,0.2658237934606496
CADJPY_AMR,2026-03-11 02:45:00+00:00,-1.1259541984734636,2,2,0,2,2,0,1.0,3,True,SELL,AMR,0.5230127745465168
EURJPY_AMR,2026-03-12 00:15:00+00:00,-1.1277589817946458,0,0,0,0,0,0,0.0,0,True,BUY,AMR,0.217316247261138
AUDJPY_AMR,2026-03-12 00:45:00+00:00,0.5872499753670246,1,1,1,0,1,0,1.0,2,True,BUY,AMR,0.6688401554266248
CADJPY_AMR,2026-03-12 02:15:00+00:00,0.550431854779684,1,1,1,0,1,0,1.0,2,True,SELL,AMR,0.3814437096645686
EURJPY_AMR,2026-03-13 02:00:00+00:00,0.5595143837424729,0,0,0,0,0,0,0.0,0,True,BUY,AMR,0.395843569484098
AUDJPY_AMR,2026-03-13 03:00:00+00:00,0.5460546054605789,1,1,1,0,1,0,1.0,2,True,SELL,AMR,0.7388752861020919
GBPUSD_MONDAY,2026-03-16 00:00:00+00:00,0.7343399611302142,0,0,0,0,0,0,0.0,0,False,BUY,MONDAY,0.8492558809409505
CADJPY_AMR,2026-03-16 02:15:00+00:00,0.5564648117839309,1,0,1,0,0,0,1.0,2,True,BUY,AMR,0.4695243406899849
EURJPY_AMR,2026-03-16 04:15:00+00:00,0.6077956397268796,1,0,1,0,0,0,1.0,2,True,SELL,AMR,0.3464975765221433
CADJPY_ARB,2026-03-16 07:00:00+00:00,-1.0696864111498028,2,1,1,1,1,0,0.5,4,True,SELL,ARB,0.3744735298821773
CADJPY_AMR,2026-03-17 02:45:00+00:00,0.5635948210205198,0,0,0,0,0,0,0.0,0,True,SELL,AMR,0.363291105622394
EURJPY_AMR,2026-03-17 03:00:00+00:00,0.5432322317790149,2,2,0,2,2,0,1.0,3,True,SELL,AMR,0.3023703605338291
AUDJPY_AMR,2026-03-17 03:00:00+00:00,-1.081417029210703,2,2,0,2,2,0,1.0,3,True,SELL,AMR,0.5859237770798956
EURJPY_AMR,2026-03-18 02:00:00+00:00,0.5322415557829916,1,1,1,0,1,0,1.0,2,True,BUY,AMR,0.1076289754996348
CADJPY_AMR,2026-03-18 02:00:00+00:00,0.4678362573101317,1,1,1,0,1,0,1.0,2,True,BUY,AMR,0.0872042068361086
AUDJPY_AMR,2026-03-18 03:00:00+00:00,0.57677143178993,0,0,0,0,0,0,0.0,0,True,SELL,AMR,0.4406770639271837
CADJPY_ARB,2026-03-18 07:00:00+00:00,-1.0536193029490484,0,0,0,0,0,0,0.0,0,True,SELL,ARB,0.1735352135202857
GBPJPY_AMR,2026-03-19 02:45:00+00:00,0.7530758226037676,3,3,0,3,3,0,1.0,4,True,SELL,AMR,0.4737974448192515
EURJPY_AMR,2026-03-19 02:45:00+00:00,0.5983341832398398,3,3,0,3,3,0,1.0,4,True,SELL,AMR,0.4686408605006307
CADJPY_AMR,2026-03-19 02:45:00+00:00,0.5186020293122717,3,3,0,3,3,0,1.0,4,True,SELL,AMR,0.2751440788250604
AUDJPY_AMR,2026-03-19 02:45:00+00:00,0.6135216952572897,3,3,0,3,3,0,1.0,4,True,SELL,AMR,0.8627907595677863
CADJPY_AMR,2026-03-20 03:30:00+00:00,-1.0742152059516397,1,1,0,1,1,0,1.0,2,True,SELL,AMR,0.6128196956417815
AUDJPY_AMR,2026-03-20 03:30:00+00:00,-1.0666666666667215,1,1,0,1,1,0,1.0,2,True,SELL,AMR,0.8766700377920903
EURJPY_AMR,2026-03-20 04:15:00+00:00,-1.0581547879317723,2,2,0,2,2,0,1.0,3,True,SELL,AMR,0.6004647765752607
GBPUSD_MONDAY,2026-03-23 00:00:00+00:00,0.791695988740323,0,0,0,0,0,0,0.0,0,False,BUY,MONDAY,0.9744492452125674
CADJPY_AMR,2026-03-23 01:00:00+00:00,0.5728257073000692,2,1,2,0,1,0,0.5,4,True,BUY,AMR,0.5862215494117334
EURJPY_AMR,2026-03-23 01:00:00+00:00,0.5765765765765917,2,1,2,0,1,0,0.5,4,True,BUY,AMR,0.6438350707124361
CADJPY_AMR,2026-03-24 02:00:00+00:00,0.5211726384364704,1,1,1,0,1,0,1.0,2,True,SELL,AMR,0.48583114227286
AUDJPY_AMR,2026-03-24 02:00:00+00:00,-1.088986387670146,1,1,0,1,1,0,1.0,2,True,BUY,AMR,0.8748070474264119
EURJPY_AMR,2026-03-24 02:30:00+00:00,0.5839416058393615,1,1,1,0,1,0,1.0,2,True,BUY,AMR,0.4905251975300445
GBPJPY_AMR,2026-03-24 02:30:00+00:00,-1.0864466866647386,1,1,1,0,1,0,1.0,2,True,BUY,AMR,0.6402826104278998
GBPJPY_AMR,2026-03-25 02:00:00+00:00,0.7479726506598974,1,1,0,1,1,0,1.0,2,True,SELL,AMR,0.4312199527211878
EURJPY_AMR,2026-03-25 02:00:00+00:00,0.6183228886899015,1,1,0,1,1,0,1.0,2,True,SELL,AMR,0.4416838191355156
EURJPY_AMR,2026-03-26 03:00:00+00:00,0.5610692073574663,0,0,0,0,0,0,0.0,0,True,SELL,AMR,0.187530708452294
CADJPY_ARB,2026-03-26 08:00:00+00:00,-1.1242236024844623,0,0,0,0,0,0,0.0,0,True,SELL,ARB,0.080929786213147
AUDJPY_AMR,2026-03-27 02:15:00+00:00,-1.1014273083237136,1,1,0,1,0,1,1.0,2,True,BUY,AMR,0.7587560547186885
EURJPY_AMR,2026-03-27 02:45:00+00:00,0.5923473142015593,1,1,0,1,0,1,1.0,2,True,BUY,AMR,0.2443662439413053
EURJPY_AMR,2026-03-30 00:00:00+00:00,0.6206379419738136,3,2,3,0,2,0,0.667,4,True,BUY,AMR,0.3728172100126153
GBPJPY_AMR,2026-03-30 00:00:00+00:00,-1.0473933649289702,3,2,3,0,2,0,0.667,5,True,BUY,AMR,0.3486945204387899
GBPUSD_MONDAY,2026-03-30 00:00:00+00:00,-0.4998344918901019,3,3,3,0,3,0,1.0,4,False,BUY,MONDAY,0.7728703259188137
AUDJPY_AMR,2026-03-30 00:00:00+00:00,-1.063318608075616,3,2,3,0,2,0,0.667,4,True,BUY,AMR,0.8167349763134082
CADJPY_AMR,2026-03-30 02:45:00+00:00,-1.1382113821137725,3,2,3,0,2,0,0.667,4,True,BUY,AMR,0.4971582609619419
AUDJPY_AMR,2026-03-31 01:45:00+00:00,0.5676855895196526,0,0,0,0,0,0,0.0,0,True,SELL,AMR,0.4710970351839038
EURJPY_AMR,2026-03-31 03:30:00+00:00,-1.0851707738867062,1,1,0,1,1,0,1.0,2,True,SELL,AMR,0.277883274682956
GBPJPY_AMR,2026-03-31 03:30:00+00:00,-1.0662210152496268,1,1,0,1,1,0,1.0,2,True,SELL,AMR,0.3565300539190948
CADJPY_AMR,2026-03-31 03:45:00+00:00,0.5639476334340814,1,1,0,1,1,0,1.0,2,True,SELL,AMR,0.2219610655193477
EURJPY_AMR,2026-04-01 00:45:00+00:00,0.575635876840751,0,0,0,0,0,0,0.0,0,True,BUY,AMR,0.6208087112409535
AUDJPY_AMR,2026-04-01 02:45:00+00:00,0.5968613326472421,0,0,0,0,0,0,0.0,0,True,SELL,AMR,0.7108905093947943
CADJPY_AMR,2026-04-01 03:30:00+00:00,-1.1788896504458757,1,1,0,1,1,0,1.0,2,True,SELL,AMR,0.4530847475632751
GBPJPY_AMR,2026-04-01 03:45:00+00:00,0.749367088607589,1,1,0,1,1,0,1.0,2,True,SELL,AMR,0.5007835533480305
EURJPY_AMR,2026-04-02 05:30:00+00:00,0.5863453815261156,0,0,0,0,0,0,0.0,0,True,SELL,AMR,0.6675652347121706
AUDJPY_AMR,2026-04-03 00:00:00+00:00,0.5351607113721187,0,0,0,0,0,0,0.0,0,True,BUY,AMR,0.4227391281205088
CADJPY_AMR,2026-04-03 00:30:00+00:00,0.4892150322437103,1,1,1,0,1,0,1.0,2,True,BUY,AMR,0.2538974318115422
GBPJPY_AMR,2026-04-03 03:45:00+00:00,0.7191899234379907,0,0,0,0,0,0,0.0,0,True,SELL,AMR,0.1438019602114266
EURJPY_AMR,2026-04-03 04:15:00+00:00,0.4794836330105198,1,1,0,1,1,0,1.0,2,True,SELL,AMR,0.0678706593187703
CADJPY_AMR,2026-04-06 00:00:00+00:00,0.4938271604939569,1,0,1,0,0,0,1.0,2,True,BUY,AMR,0.3036411441319416
GBPUSD_MONDAY,2026-04-06 00:00:00+00:00,0.2408661519216662,1,1,1,0,1,0,1.0,2,False,BUY,MONDAY,0.2368378940630501
GBPJPY_AMR,2026-04-06 00:15:00+00:00,0.7101248266297894,3,2,3,0,2,0,0.667,5,True,BUY,AMR,0.2533666232834869
AUDJPY_AMR,2026-04-06 00:15:00+00:00,0.5842651354890958,3,2,3,0,2,0,0.667,4,True,BUY,AMR,0.6462048224836323
EURJPY_AMR,2026-04-06 00:30:00+00:00,0.5855855855855703,2,1,2,0,1,0,0.5,4,True,SELL,AMR,0.510590266250581
EURJPY_AMR,2026-04-07 00:15:00+00:00,0.5289369740683723,0,0,0,0,0,0,0.0,0,True,BUY,AMR,0.0737268441670539
CADJPY_AMR,2026-04-07 00:30:00+00:00,0.4388185654008009,2,2,2,0,2,0,1.0,3,True,BUY,AMR,0.1363901946724032
GBPJPY_AMR,2026-04-07 00:30:00+00:00,0.6817496229259654,2,2,2,0,2,0,1.0,3,True,BUY,AMR,0.1066960609843555
AUDJPY_AMR,2026-04-07 03:15:00+00:00,0.510705165979161,0,0,0,0,0,0,0.0,0,True,SELL,AMR,0.134840581252994
AUDJPY_AMR,2026-04-08 01:00:00+00:00,-1.0483330285853174,1,1,0,1,1,0,1.0,2,True,SELL,AMR,0.8555650183637622
EURJPY_AMR,2026-04-08 01:00:00+00:00,-1.1272898074213746,1,1,0,1,1,0,1.0,2,True,SELL,AMR,0.3568288958236504
GBPJPY_AMR,2026-04-08 01:30:00+00:00,-1.0374394708870445,1,1,1,0,1,0,1.0,2,True,SELL,AMR,0.5805599086297113
CADJPY_AMR,2026-04-08 01:30:00+00:00,-1.1041339612767438,1,1,0,1,1,0,1.0,2,True,BUY,AMR,0.6046131782328101
GBPJPY_AMR,2026-04-09 00:00:00+00:00,0.7421361293761382,0,0,0,0,0,0,0.0,0,True,BUY,AMR,0.2725570400276236
EURJPY_AMR,2026-04-09 00:15:00+00:00,0.570485619990438,0,0,0,0,0,0,0.0,0,True,BUY,AMR,0.3227806918531306
CADJPY_AMR,2026-04-09 03:45:00+00:00,-1.0915371329880028,0,0,0,0,0,0,0.0,0,True,SELL,AMR,0.2923671420603936
CADJPY_AMR,2026-04-13 00:00:00+00:00,0.5314497140935466,4,3,4,0,3,0,0.75,5,True,BUY,AMR,0.1732664063952407
GBPUSD_MONDAY,2026-04-13 00:00:00+00:00,0.5755643632603819,4,4,4,0,4,0,1.0,5,False,BUY,MONDAY,0.8447751640262442
EURJPY_AMR,2026-04-13 00:00:00+00:00,0.642598640656718,4,3,4,0,3,0,0.75,5,True,BUY,AMR,0.5738397184781887
AUDJPY_AMR,2026-04-13 00:00:00+00:00,0.6526953446434536,4,3,4,0,3,0,0.75,5,True,BUY,AMR,0.9503912279767924
GBPJPY_AMR,2026-04-13 00:00:00+00:00,0.7783550367721462,4,3,4,0,3,0,0.75,6,True,BUY,AMR,0.5956333501553827
AUDJPY_AMR,2026-04-14 03:00:00+00:00,-1.081188908836992,0,0,0,0,0,0,0.0,0,True,BUY,AMR,0.2229067972534199
EURJPY_AMR,2026-04-14 04:15:00+00:00,0.6020449897750108,1,1,1,0,1,0,1.0,2,True,BUY,AMR,0.2484164398114335
CADJPY_ARB,2026-04-14 07:00:00+00:00,-1.0877192982456407,2,2,2,0,2,0,1.0,3,True,SELL,ARB,0.0880204723569867
AUDJPY_AMR,2026-04-15 00:00:00+00:00,0.58648620937149,0,0,0,0,0,0,0.0,0,True,BUY,AMR,0.2121014531324852
EURJPY_AMR,2026-04-16 03:00:00+00:00,-1.1163861314919228,0,0,0,0,0,0,0.0,0,True,BUY,AMR,0.0832614036252572
CADJPY_ARB,2026-04-16 08:00:00+00:00,1.8022598870056536,0,0,0,0,0,0,0.0,0,True,BUY,ARB,0.1553020205789838
GBPJPY_AMR,2026-04-17 00:00:00+00:00,0.7054589082182714,2,2,2,0,1,1,1.0,2,True,BUY,AMR,0.1161916651172673
CADJPY_AMR,2026-04-17 00:00:00+00:00,0.5373794847478818,2,2,2,0,1,1,1.0,3,True,BUY,AMR,0.1267893660531697
AUDJPY_AMR,2026-04-17 00:15:00+00:00,0.5410447761195163,3,3,3,0,2,1,1.0,3,True,BUY,AMR,0.447623356576356
EURJPY_AMR,2026-04-17 03:45:00+00:00,-1.0873786407766075,1,1,1,0,0,1,1.0,2,True,SELL,AMR,0.0528384569417701
CADJPY_ARB,2026-04-17 07:00:00+00:00,-1.0391389432485412,1,1,0,1,1,0,1.0,2,True,BUY,ARB,0.096070800234579
AUDJPY_AMR,2026-04-20 00:00:00+00:00,0.6369235391317264,2,1,2,0,1,0,0.5,4,True,BUY,AMR,0.8496699845637942
GBPUSD_MONDAY,2026-04-20 00:00:00+00:00,0.4023737717676806,2,2,2,0,2,0,1.0,3,False,BUY,MONDAY,0.8088227449725289
EURJPY_AMR,2026-04-20 00:00:00+00:00,0.5944339367737866,2,1,2,0,1,0,0.5,4,True,BUY,AMR,0.5249452227607728
AUDJPY_AMR,2026-04-23 00:00:00+00:00,0.5741187277528391,3,3,3,0,3,0,1.0,4,True,BUY,AMR,0.0736812689625805
EURJPY_AMR,2026-04-23 00:00:00+00:00,0.5617382087971675,3,3,3,0,3,0,1.0,4,True,BUY,AMR,0.0422149923643848
CADJPY_AMR,2026-04-23 00:00:00+00:00,0.5397859469521419,3,3,3,0,3,0,1.0,4,True,BUY,AMR,0.0469285315911082
GBPJPY_AMR,2026-04-23 00:00:00+00:00,0.7051671732522631,3,3,3,0,3,0,1.0,4,True,BUY,AMR,0.0763366888894791
AUDJPY_AMR,2026-04-24 00:00:00+00:00,0.6052184653389177,1,1,1,0,1,0,1.0,2,True,BUY,AMR,0.5415712993027093
EURJPY_AMR,2026-04-24 00:00:00+00:00,0.5795206971677879,1,1,1,0,1,0,1.0,2,True,BUY,AMR,0.1560055773189031
AUDJPY_AMR,2026-04-27 00:00:00+00:00,0.5723069646446004,2,1,2,0,1,0,0.5,4,True,BUY,AMR,0.3529302177037313
GBPUSD_MONDAY,2026-04-27 00:00:00+00:00,0.2672033944405148,2,2,2,0,2,0,1.0,3,False,BUY,MONDAY,0.4913319464447645
EURJPY_AMR,2026-04-27 00:00:00+00:00,0.5485047410649238,2,1,2,0,1,0,0.5,4,True,BUY,AMR,0.0921585552088174
EURJPY_AMR,2026-04-28 00:00:00+00:00,-1.1767368182848963,1,1,1,0,1,0,1.0,2,True,BUY,AMR,0.0280857844764623
AUDJPY_AMR,2026-04-28 00:00:00+00:00,0.5089647194910397,1,1,1,0,1,0,1.0,2,True,BUY,AMR,0.0391094906052057
AUDJPY_AMR,2026-04-29 00:00:00+00:00,0.5183098591549861,2,2,2,0,2,0,1.0,3,True,BUY,AMR,0.1459253739287805
CADJPY_AMR,2026-04-29 00:00:00+00:00,0.4382929642444113,2,2,2,0,2,0,1.0,3,True,BUY,AMR,0.1542240990093751
EURJPY_AMR,2026-04-29 00:00:00+00:00,0.5341446923595232,2,2,2,0,2,0,1.0,3,True,BUY,AMR,0.0907111081601487
EURJPY_AMR,2026-04-30 03:00:00+00:00,0.4978220286247052,0,0,0,0,0,0,0.0,0,True,BUY,AMR,0.1569351304694243
CADJPY_ARB,2026-04-30 07:00:00+00:00,-1.07407407407409,0,0,0,0,0,0,0.0,0,True,BUY,ARB,0.0777309804339713
AUDJPY_AMR,2026-05-01 02:00:00+00:00,0.6071271447425939,1,1,0,1,1,0,1.0,2,True,SELL,AMR,0.638047586096769
EURJPY_AMR,2026-05-01 02:00:00+00:00,-1.0546292530840056,1,1,0,1,1,0,1.0,2,True,SELL,AMR,0.6815085319699887
CADJPY_AMR,2026-05-01 02:30:00+00:00,0.6163096580232795,2,2,0,2,2,0,1.0,3,True,SELL,AMR,0.7408971396701458
GBPJPY_AMR,2026-05-01 03:00:00+00:00,0.7716170440364041,2,2,0,2,2,0,1.0,3,True,SELL,AMR,0.7485590586735371
GBPUSD_MONDAY,2026-05-04 00:00:00+00:00,-0.6288130814773027,2,2,2,0,2,0,1.0,3,False,BUY,MONDAY,0.7635354990131754
AUDJPY_AMR,2026-05-04 00:00:00+00:00,0.5605442176869995,2,1,2,0,1,0,0.5,4,True,BUY,AMR,0.5675067866077607
CADJPY_AMR,2026-05-04 00:00:00+00:00,0.6106870229008065,2,1,2,0,1,0,0.5,4,True,BUY,AMR,0.6709292752237538
EURJPY_AMR,2026-05-04 04:45:00+00:00,-1.1270296084051838,1,0,1,0,0,0,1.0,2,True,SELL,AMR,0.3695504946550694
AUDJPY_AMR,2026-05-06 00:00:00+00:00,0.5615662029880716,0,0,0,0,0,0,0.0,0,True,BUY,AMR,0.144820886783414
CADJPY_AMR,2026-05-06 02:00:00+00:00,0.4723247232471072,0,0,0,0,0,0,0.0,0,True,BUY,AMR,0.2699120919979815
EURJPY_AMR,2026-05-06 02:30:00+00:00,0.569841844742156,0,0,0,0,0,0,0.0,0,True,SELL,AMR,0.15299116924507
CADJPY_ARB,2026-05-06 07:00:00+00:00,0.2135849056603769,0,0,0,0,0,0,0.0,0,True,SELL,ARB,0.8940662152796289
CADJPY_AMR,2026-05-07 00:00:00+00:00,0.5468509984638691,4,4,3,1,3,1,1.0,5,True,BUY,AMR,0.4169920059490611
AUDJPY_AMR,2026-05-07 00:00:00+00:00,0.5740740740740523,4,4,3,1,3,1,1.0,4,True,BUY,AMR,0.4813035609730132
GBPJPY_AMR,2026-05-07 00:00:00+00:00,0.7159778889182048,4,4,3,1,3,1,1.0,4,True,BUY,AMR,0.3076177322106829
EURJPY_AMR,2026-05-07 00:00:00+00:00,0.5877712031557798,4,4,3,1,3,1,1.0,4,True,BUY,AMR,0.3901201779430316
EURJPY_AMR,2026-05-08 00:00:00+00:00,0.5992881383990819,3,3,2,1,2,1,1.0,3,True,BUY,AMR,0.2747493526326273
CADJPY_AMR,2026-05-08 00:00:00+00:00,0.5636770709863955,3,3,2,1,2,1,1.0,4,True,BUY,AMR,0.4349188643667171
AUDJPY_AMR,2026-05-08 00:00:00+00:00,0.6171245927837765,3,3,2,1,2,1,1.0,3,True,BUY,AMR,0.70318571352531
GBPJPY_AMR,2026-05-11 00:00:00+00:00,0.784168814119693,4,3,4,0,3,0,0.75,6,True,BUY,AMR,0.8331429785651677
CADJPY_AMR,2026-05-11 00:00:00+00:00,0.5842462180491298,4,3,4,0,3,0,0.75,5,True,BUY,AMR,0.5373277029718747
GBPUSD_MONDAY,2026-05-11 00:00:00+00:00,0.7883837181623383,4,4,4,0,4,0,1.0,5,False,BUY,MONDAY,0.8325065343788339
EURJPY_AMR,2026-05-11 00:00:00+00:00,0.6403569202505991,4,3,4,0,3,0,0.75,5,True,BUY,AMR,0.7067525396720006
AUDJPY_AMR,2026-05-11 00:00:00+00:00,0.6304260718578755,4,3,4,0,3,0,0.75,5,True,BUY,AMR,0.7788497365199339
AUDJPY_AMR,2026-05-12 00:00:00+00:00,0.4646464646465471,1,1,1,0,1,0,1.0,2,True,BUY,AMR,0.1055517112897216
CADJPY_AMR,2026-05-12 00:00:00+00:00,0.4761904761906192,1,1,1,0,1,0,1.0,2,True,BUY,AMR,0.1190077815844687
EURJPY_AMR,2026-05-12 05:30:00+00:00,0.5500644606790669,0,0,0,0,0,0,0.0,0,True,SELL,AMR,0.0334506340880419
EURJPY_AMR,2026-05-13 00:00:00+00:00,0.556920556920607,0,0,0,0,0,0,0.0,0,True,BUY,AMR,0.1245866808312861
CADJPY_AMR,2026-05-13 03:45:00+00:00,0.5204324720542862,0,0,0,0,0,0,0.0,0,True,SELL,AMR,0.0514301649270974
CADJPY_AMR,2026-05-14 00:00:00+00:00,-1.1943220753790744,0,0,0,0,0,0,0.0,0,True,BUY,AMR,0.1006958276896927
EURJPY_AMR,2026-05-14 00:15:00+00:00,0.5833861762840634,1,1,1,0,1,0,1.0,2,True,BUY,AMR,0.1823252108093752
AUDJPY_AMR,2026-05-14 00:15:00+00:00,0.5741626794257951,1,1,1,0,1,0,1.0,2,True,BUY,AMR,0.4651221589396923
EURJPY_AMR,2026-05-15 03:00:00+00:00,-1.1239771499149107,0,0,0,0,0,0,0.0,0,True,BUY,AMR,0.1190359205896022
AUDJPY_AMR,2026-05-15 03:30:00+00:00,-1.0905419050823582,1,1,1,0,1,0,1.0,2,True,BUY,AMR,0.2217890030340129
EURJPY_AMR,2026-05-18 00:00:00+00:00,0.6221922731356895,4,3,4,0,3,0,0.75,5,True,BUY,AMR,0.281296062678441
GBPJPY_AMR,2026-05-18 00:00:00+00:00,0.722127348133703,4,3,4,0,3,0,0.75,6,True,BUY,AMR,0.3914180987542829
GBPUSD_MONDAY,2026-05-18 00:00:00+00:00,0.7887516365913331,4,4,4,0,4,0,1.0,5,False,BUY,MONDAY,0.7475329386035099
CADJPY_AMR,2026-05-18 00:00:00+00:00,0.6056349020526087,4,3,4,0,3,0,0.75,5,True,BUY,AMR,0.3726396303083419
AUDJPY_AMR,2026-05-18 00:00:00+00:00,0.5945705384957534,4,3,4,0,3,0,0.75,5,True,BUY,AMR,0.5843269281950285
CADJPY_AMR,2026-05-19 00:00:00+00:00,0.5582922824302444,2,2,2,0,2,0,1.0,3,True,BUY,AMR,0.1381164847422516
EURJPY_AMR,2026-05-19 00:00:00+00:00,0.5657779446739244,2,2,2,0,2,0,1.0,3,True,BUY,AMR,0.1992696368103047
AUDJPY_AMR,2026-05-19 00:00:00+00:00,0.5755064456722337,2,2,2,0,2,0,1.0,3,True,BUY,AMR,0.5458694842178102
AUDJPY_AMR,2026-05-20 03:00:00+00:00,0.5653170359052845,0,0,0,0,0,0,0.0,0,True,BUY,AMR,0.2044365784851227
CADJPY_AMR,2026-05-20 03:15:00+00:00,-1.2307692307690348,1,1,1,0,1,0,1.0,2,True,BUY,AMR,0.0458529200860489
GBPJPY_AMR,2026-05-20 03:45:00+00:00,-1.0832684824901715,3,3,3,0,3,0,1.0,4,True,BUY,AMR,0.1335892055565885
EURJPY_AMR,2026-05-20 03:45:00+00:00,0.5787423483583303,3,3,3,0,3,0,1.0,4,True,BUY,AMR,0.0769935595245999
GBPJPY_AMR,2026-05-21 00:00:00+00:00,0.6863734679162254,1,1,1,0,1,0,1.0,2,True,BUY,AMR,0.1145315944646604
AUDJPY_AMR,2026-05-21 00:00:00+00:00,0.560179680274888,1,1,1,0,1,0,1.0,2,True,BUY,AMR,0.3209666258583062
CADJPY_AMR,2026-05-22 00:00:00+00:00,0.5314731772129808,0,0,0,0,0,0,0.0,0,True,BUY,AMR,0.2171805699413061
EURJPY_AMR,2026-05-22 04:00:00+00:00,0.5073325406261994,0,0,0,0,0,0,0.0,0,True,SELL,AMR,0.0247261138038642
GBPJPY_AMR,2026-05-25 00:00:00+00:00,0.7457965706676033,2,1,2,0,1,0,0.5,4,True,BUY,AMR,0.1481181439082047
CADJPY_AMR,2026-05-25 00:00:00+00:00,0.6210414214449682,2,1,2,0,1,0,1.0,3,True,BUY,AMR,0.3100815340079144
GBPUSD_MONDAY,2026-05-25 00:00:00+00:00,0.4482306684141526,2,2,2,0,2,0,1.0,3,False,BUY,MONDAY,0.405771590121086
AUDJPY_AMR,2026-05-25 01:00:00+00:00,-1.0904925544101989,3,2,2,1,2,0,0.667,5,True,SELL,AMR,0.4675839676371959
EURJPY_AMR,2026-05-25 01:00:00+00:00,-1.118162586884304,3,2,2,1,2,0,0.667,5,True,SELL,AMR,0.1584755328331452
GBPJPY_AMR,2026-05-26 00:00:00+00:00,0.7078425739730205,3,3,3,0,3,0,1.0,4,True,BUY,AMR,0.004236500305453
EURJPY_AMR,2026-05-26 00:00:00+00:00,0.5618415918846127,3,3,3,0,3,0,1.0,4,True,BUY,AMR,0.0012615364185645
AUDJPY_AMR,2026-05-26 00:00:00+00:00,0.5740287014350319,3,3,3,0,3,0,1.0,4,True,BUY,AMR,0.0043381061372225
AUDJPY_AMR,2026-05-27 03:30:00+00:00,0.5364356115689896,0,0,0,0,0,0,0.0,0,True,SELL,AMR,0.0263213924522276
AUDJPY_AMR,2026-05-28 00:00:00+00:00,0.5397590361445517,3,3,3,0,3,0,1.0,4,True,BUY,AMR,0.1748416458189173
EURJPY_AMR,2026-05-28 00:00:00+00:00,0.5424564647865877,3,3,3,0,3,0,1.0,4,True,BUY,AMR,0.0531704402098134
GBPJPY_AMR,2026-05-28 00:00:00+00:00,0.7136447611507232,3,3,3,0,3,0,1.0,4,True,BUY,AMR,0.1276129512072033
CADJPY_AMR,2026-05-28 00:00:00+00:00,-1.0930506478210158,3,3,3,0,3,0,1.0,4,True,BUY,AMR,0.092422914508804
AUDJPY_AMR,2026-05-29 00:00:00+00:00,0.529579353108741,1,1,1,0,1,0,1.0,2,True,BUY,AMR,0.040852717304519
GBPJPY_AMR,2026-05-29 00:00:00+00:00,0.6225680933851035,1,1,1,0,1,0,1.0,2,True,BUY,AMR,0.0350474116178384
EURJPY_AMR,2026-05-29 01:15:00+00:00,-1.2539987204095695,0,0,0,0,0,0,0.0,0,True,SELL,AMR,0.0232255494323086
AUDJPY_AMR,2026-06-01 00:00:00+00:00,0.5714285714286158,1,0,1,0,0,0,1.0,2,True,BUY,AMR,0.4721616011071485
GBPUSD_MONDAY,2026-06-01 00:00:00+00:00,0.1010762751520817,1,1,1,0,1,0,1.0,2,False,BUY,MONDAY,0.4092388115431802
EURJPY_AMR,2026-06-01 02:45:00+00:00,0.553179355574627,1,0,1,0,0,0,1.0,2,True,BUY,AMR,0.0297191421552353
CADJPY_AMR,2026-06-02 00:00:00+00:00,0.5557918616192634,0,0,0,0,0,0,0.0,0,True,BUY,AMR,0.0891695216848591
AUDJPY_AMR,2026-06-03 00:00:00+00:00,0.5447229959765076,2,2,2,0,2,0,1.0,3,True,BUY,AMR,0.043061691595252
CADJPY_AMR,2026-06-03 00:00:00+00:00,0.5583195135434125,2,2,2,0,2,0,1.0,3,True,BUY,AMR,0.0538204127161182
GBPJPY_AMR,2026-06-03 00:00:00+00:00,0.6789335336087092,2,2,2,0,2,0,1.0,3,True,BUY,AMR,0.0324311402693298
AUDJPY_AMR,2026-06-04 00:15:00+00:00,0.4543053354464426,0,0,0,0,0,0,0.0,0,True,BUY,AMR,0.0490365678394634
EURJPY_AMR,2026-06-04 00:45:00+00:00,0.4651162790696986,0,0,0,0,0,0,0.0,0,True,BUY,AMR,0.0365314388154837
CADJPY_AMR,2026-06-05 00:15:00+00:00,0.4963196635120812,1,1,1,0,1,0,1.0,2,True,BUY,AMR,0.0713488965022707
AUDJPY_AMR,2026-06-05 00:15:00+00:00,-1.1659379554443077,1,1,1,0,1,0,1.0,2,True,BUY,AMR,0.0586176611486666
GBPJPY_AMR,2026-06-05 00:45:00+00:00,0.7026532479413246,2,2,2,0,2,0,1.0,3,True,BUY,AMR,0.0659114451911073
EURJPY_AMR,2026-06-05 04:00:00+00:00,0.4748062015505134,1,1,1,0,1,0,1.0,2,True,BUY,AMR,0.008259743708917
AUDJPY_AMR,2026-06-08 00:00:00+00:00,0.6239844003899964,1,0,1,0,0,0,1.0,2,True,BUY,AMR,0.921914089529994
GBPUSD_MONDAY,2026-06-08 00:00:00+00:00,0.2497551420176285,1,1,1,0,1,0,1.0,2,False,BUY,MONDAY,0.6188190110417667
EURJPY_AMR,2026-06-08 03:45:00+00:00,0.6188163338729895,1,0,1,0,0,0,1.0,2,True,SELL,AMR,0.414793174424009
AUDJPY_AMR,2026-06-09 00:00:00+00:00,-1.152647975077889,1,1,1,0,1,0,1.0,2,True,BUY,AMR,0.2818837494011816
EURJPY_AMR,2026-06-09 00:00:00+00:00,0.5266805266803147,1,1,1,0,1,0,1.0,2,True,BUY,AMR,0.0665294469158754
GBPJPY_AMR,2026-06-09 00:15:00+00:00,0.6879334257975813,2,2,2,0,2,0,1.0,3,True,BUY,AMR,0.0876782915880899
CADJPY_AMR,2026-06-09 03:00:00+00:00,0.4462585034012487,2,2,2,0,2,0,1.0,3,True,BUY,AMR,0.0161607308846572
CADJPY_ARB,2026-06-09 08:00:00+00:00,1.7757847533631237,0,0,0,0,0,0,0.0,0,True,BUY,ARB,0.0095964173375273
EURJPY_AMR,2026-06-10 00:30:00+00:00,0.5658709106984215,1,1,1,0,0,1,1.0,2,True,BUY,AMR,0.0966868069849279
EURJPY_AMR,2026-06-11 00:15:00+00:00,0.5960617349654552,1,1,1,0,1,0,1.0,2,True,BUY,AMR,0.1275214129207887
CADJPY_AMR,2026-06-11 00:15:00+00:00,0.5348799742226035,1,1,1,0,1,0,1.0,2,True,BUY,AMR,0.0960746819642525
CADJPY_AMR,2026-06-12 01:30:00+00:00,0.5244252873564197,1,1,0,1,1,0,1.0,2,True,SELL,AMR,0.2959923512070751
EURJPY_AMR,2026-06-12 01:30:00+00:00,-0.5147520401757633,1,1,0,1,1,0,1.0,2,True,SELL,AMR,0.3675320363853662
GBPUSD_MONDAY,2026-06-15 00:00:00+00:00,0.0162249864791778,3,3,3,0,3,0,1.0,4,False,BUY,MONDAY,0.6680002133674722
AUDJPY_AMR,2026-06-15 00:00:00+00:00,0.591352859135205,3,2,3,0,2,0,0.667,4,True,BUY,AMR,0.2254617554692074
GBPJPY_AMR,2026-06-15 00:00:00+00:00,0.7335436382755703,3,2,3,0,2,0,0.667,5,True,BUY,AMR,0.0837605248479375
CADJPY_AMR,2026-06-15 00:00:00+00:00,0.5804635044400853,3,2,3,0,2,0,0.667,4,True,BUY,AMR,0.1040952912118556
EURJPY_AMR,2026-06-15 01:00:00+00:00,-1.0646143979477565,2,1,2,0,1,0,0.5,4,True,SELL,AMR,0.2626784410065733
EURJPY_AMR,2026-06-16 00:15:00+00:00,0.5249343832021386,0,0,0,0,0,0,0.0,0,True,BUY,AMR,0.0376734612575526
AUDJPY_AMR,2026-06-16 01:15:00+00:00,0.4410517387615872,0,0,0,0,0,0,0.0,0,True,BUY,AMR,0.0163410869218076
CADJPY_AMR,2026-06-16 02:45:00+00:00,-1.2046332046336656,0,0,0,0,0,0,0.0,0,True,BUY,AMR,0.0099062491700528
GBPJPY_AMR,2026-06-16 03:30:00+00:00,-1.1177761521578555,1,1,1,0,1,0,1.0,2,True,BUY,AMR,0.0367074822704454
AUDJPY_AMR,2026-06-17 00:00:00+00:00,-1.1170212765956742,3,3,3,0,3,0,1.0,4,True,BUY,AMR,0.0127481769308564
EURJPY_AMR,2026-06-17 00:00:00+00:00,0.4422332780542923,3,3,3,0,3,0,1.0,4,True,BUY,AMR,0.0511254232786667
CADJPY_AMR,2026-06-17 00:00:00+00:00,0.4744613894940855,3,3,3,0,3,0,1.0,4,True,BUY,AMR,0.0853318460680423
GBPJPY_AMR,2026-06-17 00:00:00+00:00,0.6502835538751359,3,3,3,0,3,0,1.0,4,True,BUY,AMR,0.0244495205715955
AUDJPY_AMR,2026-06-18 03:00:00+00:00,0.596707818930036,1,1,0,1,1,0,1.0,2,True,SELL,AMR,0.5689838718262629
EURJPY_AMR,2026-06-18 03:00:00+00:00,-1.0952902519168812,1,1,0,1,1,0,1.0,2,True,SELL,AMR,0.3964278600358542
CADJPY_AMR,2026-06-19 03:15:00+00:00,0.5430711610487263,2,2,2,0,2,0,1.0,3,True,BUY,AMR,0.3262422648925716
AUDJPY_AMR,2026-06-19 03:15:00+00:00,-1.0971089696071017,2,2,2,0,2,0,1.0,3,True,BUY,AMR,0.4007957630276255
EURJPY_AMR,2026-06-19 03:15:00+00:00,-1.1120519333897985,2,2,2,0,2,0,1.0,3,True,BUY,AMR,0.4513644512316579
GBPJPY_AMR,2026-06-19 03:30:00+00:00,-1.075855467815186,3,3,3,0,3,0,1.0,4,True,BUY,AMR,0.5207840845706393
GBPUSD_MONDAY,2026-06-22 00:00:00+00:00,0.4650631465380446,3,3,3,0,3,0,1.0,4,False,BUY,MONDAY,0.7900997492932202
GBPJPY_AMR,2026-06-22 00:00:00+00:00,0.7756400545372248,3,2,3,0,2,0,0.667,5,True,BUY,AMR,0.786328986161651
EURJPY_AMR,2026-06-22 00:00:00+00:00,0.6166730110391526,3,2,3,0,2,0,0.667,4,True,BUY,AMR,0.3592324546842839
AUDJPY_AMR,2026-06-22 00:00:00+00:00,-1.2063991607659488,3,2,3,0,2,0,0.667,4,True,BUY,AMR,0.0907675520306595
AUDJPY_AMR,2026-06-23 02:45:00+00:00,-1.1700336700336678,0,0,0,0,0,0,0.0,0,True,BUY,AMR,0.0629557672858891
EURJPY_AMR,2026-06-23 03:00:00+00:00,0.5154443812773698,1,1,1,0,1,0,1.0,2,True,BUY,AMR,0.1156231325941172
GBPJPY_AMR,2026-06-23 03:00:00+00:00,0.6744730679157477,1,1,1,0,1,0,1.0,2,True,BUY,AMR,0.152328083083216
CADJPY_AMR,2026-06-24 00:15:00+00:00,0.4724029886719173,0,0,0,0,0,0,0.0,0,True,BUY,AMR,0.1274400446179587
AUDJPY_AMR,2026-06-24 03:15:00+00:00,0.4297224709043755,0,0,0,0,0,0,0.0,0,True,SELL,AMR,0.1338691648480332
EURJPY_AMR,2026-06-24 04:00:00+00:00,-1.2011102699976597,0,0,0,0,0,0,0.0,0,True,BUY,AMR,0.0490007303631896
CADJPY_AMR,2026-06-25 03:00:00+00:00,0.4418668876001128,0,0,0,0,0,0,0.0,0,True,BUY,AMR,0.0360396249966802
EURJPY_AMR,2026-06-25 03:15:00+00:00,0.5627876397107742,1,1,1,0,1,0,1.0,2,True,BUY,AMR,0.0359737069251709
AUDJPY_AMR,2026-06-25 03:30:00+00:00,0.5604017975151636,2,2,2,0,2,0,1.0,3,True,BUY,AMR,0.1194576036621067
CADJPY_AMR,2026-06-26 00:00:00+00:00,0.4921700223712678,1,1,1,0,1,0,1.0,2,True,BUY,AMR,0.0854779167662603
EURJPY_AMR,2026-06-26 00:00:00+00:00,0.4987531172070402,1,1,1,0,1,0,1.0,2,True,BUY,AMR,0.0761304030276874
AUDJPY_AMR,2026-06-26 00:15:00+00:00,-1.1106460164643457,2,2,2,0,2,0,1.0,3,True,BUY,AMR,0.5321898121041145
CADJPY_AMR,2026-06-29 00:00:00+00:00,0.5043725849095471,3,2,3,0,2,0,0.667,5,True,BUY,AMR,0.1357793535707646
EURJPY_AMR,2026-06-29 00:00:00+00:00,0.5373134328357625,3,2,3,0,2,0,0.667,5,True,BUY,AMR,0.2540203173760042
GBPUSD_MONDAY,2026-06-29 00:00:00+00:00,0.5704893159691475,3,3,3,0,3,0,1.0,4,False,BUY,MONDAY,0.4832239825038673
AUDJPY_AMR,2026-06-29 00:00:00+00:00,0.5614587432769383,3,2,3,0,2,0,0.667,5,True,BUY,AMR,0.2123542875392558
CADJPY_ARB,2026-06-29 08:00:00+00:00,-1.1197604790419051,1,0,1,0,0,0,1.0,2,True,BUY,ARB,0.0236178493362478
CADJPY_AMR,2026-06-30 00:00:00+00:00,0.4909051062896618,1,1,1,0,1,0,1.0,2,True,BUY,AMR,0.0544976495896741
EURJPY_AMR,2026-06-30 00:00:00+00:00,0.4950917626971765,1,1,1,0,1,0,1.0,2,True,BUY,AMR,0.0392669809441604
AUDJPY_AMR,2026-06-30 00:15:00+00:00,0.5309440849510798,2,2,2,0,2,0,1.0,3,True,BUY,AMR,0.0751184329589609
EURJPY_AMR,2026-07-01 02:15:00+00:00,0.5190058479532937,0,0,0,0,0,0,0.0,0,True,BUY,AMR,0.0558661443463249
AUDJPY_AMR,2026-07-01 03:15:00+00:00,-1.100323624595377,1,1,1,0,1,0,1.0,2,True,BUY,AMR,0.0657768669824878
GBPJPY_AMR,2026-07-02 00:45:00+00:00,0.6974099810487803,0,0,0,0,0,0,0.0,0,True,BUY,AMR,0.2618529044596138
AUDJPY_AMR,2026-07-02 02:45:00+00:00,-1.232394366197589,0,0,0,0,0,0,0.0,0,True,BUY,AMR,0.0377255549049874
CADJPY_AMR,2026-07-02 03:00:00+00:00,0.4219409282702394,0,0,0,0,0,0,0.0,0,True,BUY,AMR,0.008551775422941
EURJPY_AMR,2026-07-02 05:00:00+00:00,0.5277044854881,0,0,0,0,0,0,0.0,0,True,SELL,AMR,0.0227740521877697
CADJPY_ARB,2026-07-02 08:00:00+00:00,1.3507853403141186,0,0,0,0,0,0,0.0,0,True,SELL,ARB,0.0086900890334275
CADJPY_AMR,2026-07-03 00:30:00+00:00,0.4618937644342081,0,0,0,0,0,0,0.0,0,True,BUY,AMR,0.2994316521923884
GBPJPY_AMR,2026-07-03 01:30:00+00:00,-1.0937313432836488,2,2,0,2,2,0,1.0,3,True,SELL,AMR,0.1038274588966506
AUDJPY_AMR,2026-07-03 01:30:00+00:00,-1.116868163500355,2,2,0,2,2,0,1.0,3,True,SELL,AMR,0.4940783520519508
EURJPY_AMR,2026-07-03 01:30:00+00:00,-1.113938365846573,2,2,0,2,2,0,1.0,3,True,SELL,AMR,0.1059956178208618
GBPJPY_AMR,2026-07-06 00:00:00+00:00,0.702767749699143,2,1,2,0,1,0,0.5,4,True,BUY,AMR,0.0521926213179632
GBPUSD_MONDAY,2026-07-06 00:00:00+00:00,0.2785319255907484,2,2,2,0,2,0,1.0,3,False,BUY,MONDAY,0.0940417133408011
EURJPY_AMR,2026-07-06 00:00:00+00:00,0.5089058524173105,2,1,2,0,1,0,1.0,3,True,BUY,AMR,0.0650288825443197
CADJPY_ARB,2026-07-06 07:00:00+00:00,1.6255924170616227,1,0,1,0,0,0,1.0,2,True,BUY,ARB,0.0856213680226049
CADJPY_AMR,2026-07-07 00:15:00+00:00,0.4737231680236067,1,1,1,0,0,1,1.0,2,True,BUY,AMR,0.1149974769606671
AUDJPY_AMR,2026-07-07 03:45:00+00:00,-1.173615707037175,1,1,1,0,0,1,1.0,2,True,BUY,AMR,0.031750678660776
EURJPY_AMR,2026-07-07 04:15:00+00:00,-1.122171945701339,2,2,2,0,1,1,1.0,3,True,BUY,AMR,0.0298652147931744
EURJPY_AMR,2026-07-08 00:00:00+00:00,0.5180180180178989,1,1,1,0,0,1,1.0,2,True,BUY,AMR,0.0937255162339818
CADJPY_AMR,2026-07-08 00:15:00+00:00,0.4744958481613186,1,1,1,0,0,1,1.0,2,True,SELL,AMR,0.2139404562717446
AUDJPY_AMR,2026-07-08 02:15:00+00:00,-1.1185482671426803,1,1,1,0,0,1,1.0,2,True,SELL,AMR,0.1492787565870016
CADJPY_AMR,2026-07-09 03:15:00+00:00,0.4084321475626739,0,0,0,0,0,0,0.0,0,True,BUY,AMR,0.0412450535149921
AUDJPY_AMR,2026-07-10 00:00:00+00:00,0.4044357469014588,0,0,0,0,0,0,0.0,0,True,BUY,AMR,0.0079975514983765
GBPJPY_AMR,2026-07-10 00:15:00+00:00,0.702299193789181,1,1,1,0,1,0,1.0,2,True,BUY,AMR,0.0638529575818746
CADJPY_AMR,2026-07-10 00:45:00+00:00,0.4223227752640534,1,1,1,0,1,0,1.0,2,True,BUY,AMR,0.0349640134916208
EURJPY_AMR,2026-07-10 03:45:00+00:00,-1.0615312353217945,0,0,0,0,0,0,0.0,0,True,BUY,AMR,0.0916406613106699
GBPUSD_MONDAY,2026-07-13 00:00:00+00:00,-0.3164857748378396,4,4,4,0,4,0,1.0,5,False,BUY,MONDAY,0.3131167653491225
AUDJPY_AMR,2026-07-13 00:00:00+00:00,0.5244252873563394,4,3,4,0,3,0,0.75,5,True,BUY,AMR,0.0458029488476073
GBPJPY_AMR,2026-07-13 00:00:00+00:00,0.7111111111110703,4,3,4,0,3,0,0.75,6,True,BUY,AMR,0.1615315147812691
EURJPY_AMR,2026-07-13 00:00:00+00:00,0.567061143984112,4,3,4,0,3,0,0.75,5,True,BUY,AMR,0.1835734678972179
CADJPY_AMR,2026-07-13 00:00:00+00:00,0.557991231566421,4,3,4,0,3,0,0.75,5,True,BUY,AMR,0.1930257881178126
CADJPY_ARB,2026-07-13 07:00:00+00:00,1.912772585669794,1,0,1,0,0,0,1.0,2,True,BUY,ARB,0.1406408274244282
EURJPY_AMR,2026-07-14 04:45:00+00:00,0.4499314128944903,1,1,1,0,0,1,1.0,2,True,SELL,AMR,0.0576854126552021
EURJPY_AMR,2026-07-15 00:00:00+00:00,0.4941539819104824,0,0,0,0,0,0,0.0,0,True,BUY,AMR,0.0641126087245202
AUDJPY_AMR,2026-07-15 00:15:00+00:00,0.515406162465028,1,1,1,0,1,0,1.0,2,True,BUY,AMR,0.047386490658434
CADJPY_ARB,2026-07-15 07:00:00+00:00,1.8785046728972083,0,0,0,0,0,0,0.0,0,True,BUY,ARB,0.058271578610652
AUDJPY_AMR,2026-07-16 03:30:00+00:00,-1.1050299713315517,1,1,1,0,0,1,1.0,2,True,BUY,AMR,0.0854048011923138
EURJPY_AMR,2026-07-16 03:45:00+00:00,0.4861580013504407,2,2,2,0,1,1,1.0,3,True,SELL,AMR,0.0817077219308146
AUDJPY_AMR,2026-07-17 00:00:00+00:00,0.4612159329140905,1,1,1,0,0,1,1.0,2,True,BUY,AMR,0.0277984776707297
EURJPY_AMR,2026-07-17 02:45:00+00:00,-1.2181069958845137,2,2,1,1,1,1,1.0,2,True,SELL,AMR,0.0012084190956775
CADJPY_AMR,2026-07-17 02:45:00+00:00,-1.2330740420630673,2,2,1,1,1,1,1.0,3,True,SELL,AMR,0.0148195362919289
GBPJPY_AMR,2026-07-17 03:45:00+00:00,0.6312467122569867,3,3,1,2,2,1,1.0,3,True,SELL,AMR,0.0295226964859624
GBPUSD_MONDAY,2026-07-20 00:00:00+00:00,-0.1460666882486241,3,3,3,0,3,0,1.0,4,False,BUY,MONDAY,0.2669227076332213
GBPJPY_AMR,2026-07-20 00:00:00+00:00,-1.1443708609266423,3,2,3,0,2,0,0.667,5,True,BUY,AMR,0.0662700204520704
AUDJPY_AMR,2026-07-20 00:00:00+00:00,0.6188963407459767,3,2,3,0,2,0,0.667,4,True,BUY,AMR,0.5875605471868846
EURJPY_AMR,2026-07-20 00:00:00+00:00,0.5767714317900962,3,2,3,0,2,0,0.667,4,True,BUY,AMR,0.0722528384569417
AUDJPY_AMR,2026-07-21 00:00:00+00:00,0.5414874980092031,1,1,1,0,1,0,1.0,2,True,BUY,AMR,0.0501942832809921
CADJPY_AMR,2026-07-21 00:00:00+00:00,0.59664165773491,1,1,1,0,1,0,1.0,2,True,BUY,AMR,0.0944811834382386
EURJPY_AMR,2026-07-21 00:45:00+00:00,0.4880174291940172,2,2,2,0,2,0,1.0,3,True,BUY,AMR,0.0272757453024367
AUDJPY_AMR,2026-07-22 03:45:00+00:00,0.5546218487393644,0,0,0,0,0,0,0.0,0,True,SELL,AMR,0.0322164262521956
EURJPY_AMR,2026-07-23 00:00:00+00:00,0.4908522980811671,0,0,0,0,0,0,0.0,0,True,BUY,AMR,0.0092556935130469
AUDJPY_AMR,2026-07-23 00:15:00+00:00,-1.1747052518757506,1,1,1,0,1,0,1.0,2,True,BUY,AMR,0.0318837494011816
GBPJPY_AMR,2026-07-23 01:00:00+00:00,0.6641509433962607,1,1,1,0,1,0,1.0,2,True,BUY,AMR,0.0429626284894685
CADJPY_ARB,2026-07-23 08:00:00+00:00,0.913621262458466,0,0,0,0,0,0,0.0,0,True,BUY,ARB,0.0018659700378525
CADJPY_AMR,2026-07-24 00:30:00+00:00,0.3988035892323991,1,1,1,0,0,1,1.0,2,True,BUY,AMR,0.1061004435237564
EURJPY_AMR,2026-07-24 03:30:00+00:00,0.5110602593439983,2,2,1,1,1,1,1.0,3,True,SELL,AMR,0.024194940574995
AUDJPY_AMR,2026-07-24 03:30:00+00:00,-1.115357395612164,2,2,1,1,1,1,1.0,3,True,SELL,AMR,0.0600282109969659
AUDJPY_AMR,2026-07-27 00:00:00+00:00,0.5631599530699628,4,3,3,1,3,0,0.75,5,True,SELL,AMR,0.1275216905306861
EURJPY_AMR,2026-07-27 00:00:00+00:00,-1.1242783348525909,4,3,3,1,3,0,0.75,5,True,SELL,AMR,0.0220304096673527
GBPJPY_AMR,2026-07-27 00:00:00+00:00,0.7207207207206859,4,3,2,2,3,0,0.75,6,True,BUY,AMR,0.0772928895853807
CADJPY_AMR,2026-07-27 00:00:00+00:00,0.505111244738404,4,3,2,2,3,0,0.75,5,True,BUY,AMR,0.0827955275808036
GBPUSD_MONDAY,2026-07-27 00:00:00+00:00,-0.4798539574911994,4,4,2,2,4,0,1.0,5,False,BUY,MONDAY,0.3684856243665653
CADJPY_AMR,2026-07-28 00:00:00+00:00,0.4497991967871059,0,0,0,0,0,0,0.0,0,True,BUY,AMR,0.0470082065174089
EURJPY_AMR,2026-07-28 03:00:00+00:00,0.4316546762587852,0,0,0,0,0,0,0.0,0,True,SELL,AMR,0.0049664696899276
AUDJPY_AMR,2026-07-29 00:15:00+00:00,0.5051759834367595,0,0,0,0,0,0,0.0,0,True,BUY,AMR,0.0529089263852664
GBPJPY_AMR,2026-07-29 00:45:00+00:00,0.6611570247932639,1,1,1,0,1,0,1.0,2,True,BUY,AMR,0.024768254136896
EURJPY_AMR,2026-07-29 03:30:00+00:00,-1.2496094970323022,0,0,0,0,0,0,0.0,0,True,BUY,AMR,0.0071044419361264
EURJPY_AMR,2026-07-31 02:30:00+00:00,0.6473709599614061,2,2,0,2,2,0,1.0,3,True,SELL,AMR,0.954425336963017
CADJPY_AMR,2026-07-31 02:30:00+00:00,0.6352859937852483,2,2,0,2,2,0,1.0,3,True,SELL,AMR,0.9453828380208747
AUDJPY_AMR,2026-07-31 02:30:00+00:00,0.6343010490363168,2,2,0,2,2,0,1.0,3,True,SELL,AMR,0.929206366104221
CADJPY_AMR,2026-08-03 00:00:00+00:00,-1.0153200337393866,1,0,1,0,0,0,1.0,2,True,BUY,AMR,0.990943616710488
GBPUSD_MONDAY,2026-08-03 00:00:00+00:00,-0.70795587600912,1,1,1,0,1,0,1.0,2,False,BUY,MONDAY,0.8098895823331733
EURJPY_AMR,2026-08-03 03:30:00+00:00,0.6609017912291588,3,2,3,0,2,0,0.667,4,True,BUY,AMR,0.997968262399575
GBPJPY_AMR,2026-08-03 03:30:00+00:00,0.7940573577809041,3,2,3,0,2,0,0.667,5,True,BUY,AMR,0.9973704480862704
AUDJPY_AMR,2026-08-03 03:30:00+00:00,0.6566233255982487,3,2,3,0,2,0,0.667,4,True,BUY,AMR,0.9943844147548836
CADJPY_AMR,2026-08-04 01:00:00+00:00,-1.051484259793536,3,3,3,0,3,0,1.0,4,True,SELL,AMR,0.6287148434387698
EURJPY_AMR,2026-08-05 03:45:00+00:00,0.5954557325672399,3,3,3,0,3,0,1.0,4,True,BUY,AMR,0.3128079144811101
CADJPY_AMR,2026-08-05 03:45:00+00:00,-1.1045674649915562,3,3,3,0,3,0,1.0,4,True,BUY,AMR,0.3288715374604945
AUDJPY_AMR,2026-08-05 03:45:00+00:00,0.5842137973897417,3,3,3,0,3,0,1.0,4,True,BUY,AMR,0.2971735774737851
AUDJPY_AMR,2026-08-07 00:30:00+00:00,0.52287581699359,0,0,0,0,0,0,0.0,0,True,BUY,AMR,0.1331638899238835
EURJPY_AMR,2026-08-07 01:00:00+00:00,0.5088451600078754,0,0,0,0,0,0,0.0,0,True,SELL,AMR,0.1424739393134586
GBPUSD_MONDAY,2026-08-10 00:00:00+00:00,0.1347517730496455,0,0,0,0,0,0,0.0,0,False,BUY,MONDAY,0.1417826852296367
CADJPY_AMR,2026-08-10 01:00:00+00:00,-1.0857204162643594,1,0,1,0,0,0,1.0,2,True,SELL,AMR,0.6198310891562425
EURJPY_AMR,2026-08-10 01:30:00+00:00,-1.059360730593636,2,1,1,1,1,0,0.5,4,True,SELL,AMR,0.362738197994821
AUDJPY_AMR,2026-08-11 02:45:00+00:00,-1.172839506172707,1,1,1,0,1,0,1.0,2,True,BUY,AMR,0.0597221482940331
EURJPY_AMR,2026-08-11 02:45:00+00:00,-1.158040848701299,1,1,1,0,1,0,1.0,2,True,BUY,AMR,0.0572604740721067
CADJPY_AMR,2026-08-11 03:30:00+00:00,0.5356566634397966,1,1,1,0,1,0,1.0,2,True,BUY,AMR,0.2305659575598226
GBPJPY_AMR,2026-08-11 03:30:00+00:00,0.7252231094409876,1,1,1,0,1,0,1.0,2,True,BUY,AMR,0.1596456745199075
CADJPY_AMR,2026-08-12 00:15:00+00:00,0.4583000266455465,0,0,0,0,0,0,0.0,0,True,BUY,AMR,0.0327862321727352
EURJPY_AMR,2026-08-12 05:30:00+00:00,0.4998975619750895,0,0,0,0,0,0,0.0,0,True,SELL,AMR,0.0051258216585884
EURJPY_AMR,2026-08-13 00:00:00+00:00,0.5107051659792465,0,0,0,0,0,0,0.0,0,True,BUY,AMR,0.0421884337029413
